<?xml version="1.0" encoding="utf-8"?>
<COLLADA xmlns="http://www.collada.org/2005/11/COLLADASchema" version="1.4.1" xmlns:xsi="http://www.w3.org/2001/XMLSchema-instance">
  <asset>
    <contributor>
      <author>Blender User</author>
      <authoring_tool>Blender 4.4.3 commit date:2025-04-29, commit time:14:09, hash:802179c51ccc</authoring_tool>
    </contributor>
    <created>2025-08-26T16:13:43</created>
    <modified>2025-08-26T16:13:43</modified>
    <unit name="meter" meter="1"/>
    <up_axis>Z_UP</up_axis>
  </asset>
  <library_effects>
    <effect id="Material_001-effect">
      <profile_COMMON>
        <newparam sid="japanese_stone_wall_diff_4k_jpg-surface">
          <surface type="2D">
            <init_from>japanese_stone_wall_diff_4k_jpg</init_from>
          </surface>
        </newparam>
        <newparam sid="japanese_stone_wall_diff_4k_jpg-sampler">
          <sampler2D>
            <source>japanese_stone_wall_diff_4k_jpg-surface</source>
          </sampler2D>
        </newparam>
        <technique sid="common">
          <lambert>
            <emission>
              <color sid="emission">0 0 0 1</color>
            </emission>
            <diffuse>
              <texture texture="japanese_stone_wall_diff_4k_jpg-sampler" texcoord="UVMap"/>
            </diffuse>
            <index_of_refraction>
              <float sid="ior">1.5</float>
            </index_of_refraction>
          </lambert>
        </technique>
      </profile_COMMON>
    </effect>
  </library_effects>
  <library_images>
    <image id="japanese_stone_wall_diff_4k_jpg" name="japanese_stone_wall_diff_4k_jpg">
      <init_from>japanese_stone_wall_diff_4k.jpg</init_from>
    </image>
  </library_images>
  <library_materials>
    <material id="Material_001-material" name="Material.001">
      <instance_effect url="#Material_001-effect"/>
    </material>
  </library_materials>
  <library_geometries>
    <geometry id="Plane-mesh" name="Plane">
      <mesh>
        <source id="Plane-mesh-positions">
          <float_array id="Plane-mesh-positions-array" count="4812">0 -1.45 0 0 -1.45 -0.1 0 -0.55 0 0 -0.55 -0.1 0.04554557 -1.449285 0.004999995 0.04554557 -1.449285 -0.09499996 0.01727586 -0.5497286 0.004999995 0.01727586 -0.5497286 -0.09499996 0.09104621 -1.447139 0.00999999 0.09104621 -1.447139 -0.08999997 0.03453475 -0.5489147 0.00999999 0.03453475 -0.5489147 -0.08999997 0.136457 -1.443565 0.01499998 0.136457 -1.443565 -0.08499997 0.05175954 -0.5475591 0.01499998 0.05175954 -0.5475591 -0.08499997 0.1817331 -1.438566 0.01999998 0.1817331 -1.438566 -0.07999998 0.06893324 -0.5456631 0.01999998 0.06893324 -0.5456631 -0.07999998 0.22683 -1.432148 0.02499997 0.22683 -1.432148 -0.07499998 0.08603894 -0.5432286 0.02499997 0.08603894 -0.5432286 -0.07499998 0.271703 -1.424317 0.02999997 0.271703 -1.424317 -0.06999999 0.1030597 -0.540258 0.02999997 0.1030597 -0.540258 -0.06999999 0.3163077 -1.415079 0.03499996 0.3163077 -1.415079 -0.06499999 0.1199788 -0.5367542 0.03499996 0.1199788 -0.5367542 -0.06499999 0.3606004 -1.404446 0.03999996 0.3606004 -1.404446 -0.06 0.1367794 -0.5327208 0.03999996 0.1367794 -0.5327208 -0.06 0.4045372 -1.392426 0.04499995 0.4045372 -1.392426 -0.05499994 0.1534451 -0.5281615 0.04499995 0.1534451 -0.5281615 -0.05499994 0.4480746 -1.379032 0.04999995 0.4480746 -1.379032 -0.04999995 0.1699593 -0.5230811 0.04999995 0.1699593 -0.5230811 -0.04999995 0.49117 -1.364277 0.055 0.49117 -1.364277 -0.04499995 0.1863058 -0.5174844 0.055 0.1863058 -0.5174844 -0.04499995 0.5337806 -1.348176 0.06 0.5337806 -1.348176 -0.03999996 0.2024685 -0.5113771 0.06 0.2024685 -0.5113771 -0.03999996 0.5758645 -1.330744 0.06499999 0.5758645 -1.330744 -0.03499996 0.2184313 -0.504765 0.06499999 0.2184313 -0.504765 -0.03499996 0.61738 -1.311999 0.06999999 0.61738 -1.311999 -0.02999997 0.2341786 -0.4976549 0.06999999 0.2341786 -0.4976549 -0.02999997 0.6582863 -1.29196 0.07499998 0.6582863 -1.29196 -0.02499997 0.2496948 -0.4900536 0.07499998 0.2496948 -0.4900536 -0.02499997 0.6985429 -1.270645 0.07999998 0.6985429 -1.270645 -0.01999998 0.2649645 -0.4819687 0.07999998 0.2649645 -0.4819687 -0.01999998 0.7381101 -1.248076 0.08499997 0.7381101 -1.248076 -0.01499998 0.2799728 -0.4734081 0.08499997 0.2799728 -0.4734081 -0.01499998 0.776949 -1.224276 0.08999997 0.776949 -1.224276 -0.00999999 0.2947048 -0.4643804 0.08999997 0.2947048 -0.4643804 -0.00999999 0.8150209 -1.199267 0.09499996 0.8150209 -1.199267 -0.004999995 0.3091459 -0.4548943 0.09499996 0.3091459 -0.4548943 -0.004999995 0.8522886 -1.173075 0.1 0.8522886 -1.173075 0 0.3232819 -0.4449594 0.1 0.3232819 -0.4449594 0 0.8887153 -1.145725 0.105 0.8887153 -1.145725 0.004999995 0.3370989 -0.4345852 0.105 0.3370989 -0.4345852 0.004999995 0.9242649 -1.117244 0.11 0.9242649 -1.117244 0.00999999 0.3505832 -0.4237823 0.11 0.3505832 -0.4237823 0.00999999 0.9589023 -1.087661 0.115 0.9589023 -1.087661 0.01499998 0.3637216 -0.4125611 0.115 0.3637216 -0.4125611 0.01499998 0.9925935 -1.057004 0.12 0.9925935 -1.057004 0.01999998 0.376501 -0.4009327 0.12 0.376501 -0.4009327 0.01999998 1.025305 -1.025305 0.125 1.025305 -1.025305 0.02499997 0.3889088 -0.3889088 0.125 0.3889088 -0.3889088 0.02499997 1.057005 -0.9925933 0.1299999 1.057005 -0.9925933 0.02999997 0.4009328 -0.3765009 0.1299999 0.4009328 -0.3765009 0.02999997 1.087661 -0.9589021 0.135 1.087661 -0.9589021 0.03499996 0.4125611 -0.3637215 0.135 0.4125611 -0.3637215 0.03499996 1.117244 -0.9242647 0.14 1.117244 -0.9242647 0.03999996 0.4237823 -0.3505831 0.14 0.4237823 -0.3505831 0.03999996 1.145725 -0.8887152 0.145 1.145725 -0.8887152 0.04499995 0.4345853 -0.3370988 0.145 0.4345853 -0.3370988 0.04499995 1.173075 -0.8522886 0.15 1.173075 -0.8522886 0.05000001 0.4449594 -0.3232819 0.15 0.4449594 -0.3232819 0.05000001 1.199267 -0.8150209 0.155 1.199267 -0.8150209 0.055 0.4548943 -0.3091459 0.155 0.4548943 -0.3091459 0.055 1.224276 -0.7769488 0.16 1.224276 -0.7769488 0.06 0.4643804 -0.2947047 0.16 0.4643804 -0.2947047 0.06 1.248076 -0.73811 0.165 1.248076 -0.73811 0.06499999 0.4734081 -0.2799727 0.165 0.4734081 -0.2799727 0.06499999 1.270645 -0.6985428 0.17 1.270645 -0.6985428 0.06999999 0.4819687 -0.2649645 0.17 0.4819687 -0.2649645 0.06999999 1.29196 -0.6582862 0.175 1.29196 -0.6582862 0.07499998 0.4900536 -0.2496947 0.175 0.4900536 -0.2496947 0.07499998 1.311999 -0.6173799 0.18 1.311999 -0.6173799 0.07999998 0.4976549 -0.2341786 0.18 0.4976549 -0.2341786 0.07999998 1.330744 -0.5758643 0.185 1.330744 -0.5758643 0.08499997 0.5047651 -0.2184312 0.185 0.5047651 -0.2184312 0.08499997 1.348176 -0.5337806 0.1899999 1.348176 -0.5337806 0.08999997 0.5113771 -0.2024685 0.1899999 0.5113771 -0.2024685 0.08999997 1.364277 -0.49117 0.1949999 1.364277 -0.49117 0.09499996 0.5174844 -0.1863058 0.1949999 0.5174844 -0.1863058 0.09499996 1.379032 -0.4480746 0.2 1.379032 -0.4480746 0.1 0.5230811 -0.1699593 0.2 0.5230811 -0.1699593 0.1 1.392426 -0.4045371 0.205 1.392426 -0.4045371 0.105 0.5281615 -0.1534451 0.205 0.5281615 -0.1534451 0.105 1.404446 -0.3606002 0.21 1.404446 -0.3606002 0.11 0.5327208 -0.1367794 0.21 0.5327208 -0.1367794 0.11 1.415079 -0.3163076 0.215 1.415079 -0.3163076 0.115 0.5367543 -0.1199787 0.215 0.5367543 -0.1199787 0.115 1.424317 -0.2717028 0.22 1.424317 -0.2717028 0.12 0.540258 -0.1030597 0.22 0.540258 -0.1030597 0.12 1.432148 -0.2268298 0.225 1.432148 -0.2268298 0.125 0.5432286 -0.08603888 0.225 0.5432286 -0.08603888 0.125 1.438566 -0.181733 0.23 1.438566 -0.181733 0.13 0.5456631 -0.06893318 0.23 0.5456631 -0.06893318 0.13 1.443565 -0.1364569 0.235 1.443565 -0.1364569 0.135 0.5475591 -0.05175948 0.235 0.5475591 -0.05175948 0.135 1.447139 -0.09104603 0.24 1.447139 -0.09104603 0.14 0.5489147 -0.03453469 0.24 0.5489147 -0.03453469 0.14 1.449285 -0.04554551 0.245 1.449285 -0.04554551 0.145 0.5497286 -0.01727586 0.245 0.5497286 -0.01727586 0.145 1.45 0 0.25 1.45 0 0.15 0.55 0 0.25 0.55 0 0.15 1.449285 0.04554563 0.255 1.449285 0.04554563 0.155 0.5497286 0.01727592 0.255 0.5497286 0.01727592 0.155 1.447139 0.09104633 0.26 1.447139 0.09104633 0.16 0.5489147 0.03453481 0.26 0.5489147 0.03453481 0.16 1.443565 0.1364572 0.265 1.443565 0.1364572 0.165 0.5475591 0.0517596 0.265 0.5475591 0.0517596 0.165 1.438566 0.1817333 0.27 1.438566 0.1817333 0.17 0.5456631 0.0689333 0.27 0.5456631 0.0689333 0.17 1.432148 0.2268301 0.275 1.432148 0.2268301 0.175 0.5432286 0.086039 0.275 0.5432286 0.086039 0.175 1.424317 0.2717031 0.28 1.424317 0.2717031 0.18 0.540258 0.1030598 0.28 0.540258 0.1030598 0.18 1.415079 0.3163079 0.285 1.415079 0.3163079 0.185 0.5367542 0.1199789 0.285 0.5367542 0.1199789 0.185 1.404446 0.3606005 0.29 1.404446 0.3606005 0.1899999 0.5327208 0.1367795 0.29 0.5327208 0.1367795 0.1899999 1.392426 0.4045372 0.295 1.392426 0.4045372 0.1949999 0.5281615 0.1534451 0.295 0.5281615 0.1534451 0.1949999 1.379032 0.4480747 0.3 1.379032 0.4480747 0.2 0.5230811 0.1699593 0.3 0.5230811 0.1699593 0.2 1.364277 0.4911701 0.305 1.364277 0.4911701 0.205 0.5174844 0.1863059 0.305 0.5174844 0.1863059 0.205 1.348176 0.5337808 0.31 1.348176 0.5337808 0.21 0.511377 0.2024685 0.31 0.511377 0.2024685 0.21 1.330744 0.5758646 0.315 1.330744 0.5758646 0.215 0.504765 0.2184314 0.315 0.504765 0.2184314 0.215 1.311999 0.6173801 0.32 1.311999 0.6173801 0.22 0.4976549 0.2341786 0.32 0.4976549 0.2341786 0.22 1.291959 0.6582864 0.325 1.291959 0.6582864 0.225 0.4900535 0.2496948 0.325 0.4900535 0.2496948 0.225 1.270645 0.698543 0.33 1.270645 0.698543 0.23 0.4819687 0.2649646 0.33 0.4819687 0.2649646 0.23 1.248076 0.7381103 0.335 1.248076 0.7381103 0.235 0.4734081 0.2799729 0.335 0.4734081 0.2799729 0.235 1.224275 0.7769491 0.34 1.224275 0.7769491 0.24 0.4643803 0.2947048 0.34 0.4643803 0.2947048 0.24 1.199267 0.8150212 0.345 1.199267 0.8150212 0.245 0.4548943 0.3091459 0.345 0.4548943 0.3091459 0.245 1.173074 0.8522889 0.35 1.173074 0.8522889 0.25 0.4449593 0.323282 0.35 0.4449593 0.323282 0.25 1.145725 0.8887155 0.355 1.145725 0.8887155 0.2549999 0.4345852 0.337099 0.355 0.4345852 0.337099 0.2549999 1.117244 0.9242651 0.36 1.117244 0.9242651 0.26 0.4237822 0.3505833 0.36 0.4237822 0.3505833 0.26 1.087661 0.9589025 0.365 1.087661 0.9589025 0.265 0.412561 0.3637216 0.365 0.412561 0.3637216 0.265 1.057004 0.9925937 0.37 1.057004 0.9925937 0.27 0.4009326 0.376501 0.37 0.4009326 0.376501 0.27 1.025305 1.025305 0.375 1.025305 1.025305 0.275 0.3889088 0.3889088 0.375 0.3889088 0.3889088 0.275 0.9925933 1.057005 0.38 0.9925933 1.057005 0.28 0.3765009 0.4009327 0.38 0.3765009 0.4009327 0.28 0.9589022 1.087661 0.385 0.9589022 1.087661 0.285 0.3637215 0.4125611 0.385 0.3637215 0.4125611 0.285 0.9242647 1.117244 0.39 0.9242647 1.117244 0.29 0.3505831 0.4237823 0.39 0.3505831 0.4237823 0.29 0.8887152 1.145725 0.395 0.8887152 1.145725 0.295 0.3370988 0.4345853 0.395 0.3370988 0.4345853 0.295 0.8522886 1.173075 0.4 0.8522886 1.173075 0.3 0.3232818 0.4449594 0.4 0.3232818 0.4449594 0.3 0.8150208 1.199267 0.405 0.8150208 1.199267 0.305 0.3091458 0.4548943 0.405 0.3091458 0.4548943 0.305 0.7769487 1.224276 0.41 0.7769487 1.224276 0.31 0.2947047 0.4643804 0.41 0.2947047 0.4643804 0.31 0.73811 1.248076 0.415 0.73811 1.248076 0.3149999 0.2799727 0.4734082 0.415 0.2799727 0.4734082 0.3149999 0.6985427 1.270645 0.42 0.6985427 1.270645 0.3199999 0.2649645 0.4819687 0.42 0.2649645 0.4819687 0.3199999 0.658286 1.29196 0.425 0.658286 1.29196 0.325 0.2496947 0.4900536 0.425 0.2496947 0.4900536 0.325 0.6173798 1.311999 0.43 0.6173798 1.311999 0.33 0.2341785 0.4976549 0.43 0.2341785 0.4976549 0.33 0.5758643 1.330744 0.435 0.5758643 1.330744 0.335 0.2184312 0.5047651 0.435 0.2184312 0.5047651 0.335 0.5337804 1.348176 0.44 0.5337804 1.348176 0.34 0.2024684 0.5113771 0.44 0.2024684 0.5113771 0.34 0.4911698 1.364277 0.445 0.4911698 1.364277 0.345 0.1863058 0.5174845 0.445 0.1863058 0.5174845 0.345 0.4480744 1.379032 0.45 0.4480744 1.379032 0.35 0.1699592 0.5230811 0.45 0.1699592 0.5230811 0.35 0.4045368 1.392426 0.455 0.4045368 1.392426 0.355 0.153445 0.5281616 0.455 0.153445 0.5281616 0.355 0.3606 1.404446 0.46 0.3606 1.404446 0.36 0.1367793 0.5327208 0.46 0.1367793 0.5327208 0.36 0.3163074 1.415079 0.465 0.3163074 1.415079 0.365 0.1199786 0.5367543 0.465 0.1199786 0.5367543 0.365 0.2717025 1.424317 0.47 0.2717025 1.424317 0.37 0.1030595 0.540258 0.47 0.1030595 0.540258 0.37 0.2268296 1.432148 0.475 0.2268296 1.432148 0.375 0.08603876 0.5432286 0.475 0.08603876 0.5432286 0.375 0.1817328 1.438566 0.48 0.1817328 1.438566 0.3799999 0.06893312 0.5456631 0.48 0.06893312 0.5456631 0.3799999 0.136457 1.443565 0.485 0.136457 1.443565 0.385 0.05175954 0.5475591 0.485 0.05175954 0.5475591 0.385 0.09104615 1.447139 0.49 0.09104615 1.447139 0.39 0.03453475 0.5489147 0.49 0.03453475 0.5489147 0.39 0.04554545 1.449285 0.495 0.04554545 1.449285 0.395 0.01727586 0.5497286 0.495 0.01727586 0.5497286 0.395 -1.28949e-7 1.45 0.5 -1.24577e-7 1.45 0.4 0 0.55 0.5 0 0.55 0.4 -0.04554569 1.449285 0.505 -0.04554569 1.449285 0.405 -0.01727592 0.5497286 0.505 -0.01727592 0.5497286 0.405 -0.09104639 1.447139 0.51 -0.09104639 1.447139 0.41 -0.03453481 0.5489147 0.51 -0.03453481 0.5489147 0.41 -0.1364572 1.443565 0.515 -0.1364572 1.443565 0.415 -0.0517596 0.5475591 0.515 -0.0517596 0.5475591 0.415 -0.1817334 1.438566 0.52 -0.1817334 1.438566 0.42 -0.0689333 0.5456631 0.52 -0.0689333 0.5456631 0.42 -0.2268302 1.432148 0.525 -0.2268302 1.432148 0.425 -0.086039 0.5432286 0.525 -0.086039 0.5432286 0.425 -0.2717031 1.424317 0.53 -0.2717031 1.424317 0.43 -0.1030598 0.540258 0.53 -0.1030598 0.540258 0.43 -0.316308 1.415079 0.535 -0.316308 1.415079 0.435 -0.1199789 0.5367542 0.535 -0.1199789 0.5367542 0.435 -0.3606006 1.404446 0.54 -0.3606006 1.404446 0.44 -0.1367795 0.5327208 0.54 -0.1367795 0.5327208 0.44 -0.4045374 1.392426 0.545 -0.4045374 1.392426 0.445 -0.1534452 0.5281615 0.545 -0.1534452 0.5281615 0.445 -0.4480749 1.379032 0.55 -0.4480749 1.379032 0.45 -0.1699594 0.5230811 0.55 -0.1699594 0.5230811 0.45 -0.4911703 1.364277 0.555 -0.4911703 1.364277 0.455 -0.1863059 0.5174844 0.555 -0.1863059 0.5174844 0.455 -0.5337809 1.348176 0.56 -0.5337809 1.348176 0.46 -0.2024686 0.511377 0.56 -0.2024686 0.511377 0.46 -0.5758648 1.330744 0.565 -0.5758648 1.330744 0.465 -0.2184314 0.504765 0.565 -0.2184314 0.504765 0.465 -0.6173803 1.311999 0.57 -0.6173803 1.311999 0.47 -0.2341787 0.4976548 0.57 -0.2341787 0.4976548 0.47 -0.6582866 1.291959 0.575 -0.6582866 1.291959 0.475 -0.2496949 0.4900535 0.575 -0.2496949 0.4900535 0.475 -0.6985432 1.270645 0.58 -0.6985432 1.270645 0.48 -0.2649646 0.4819686 0.58 -0.2649646 0.4819686 0.48 -0.7381104 1.248076 0.585 -0.7381104 1.248076 0.485 -0.2799729 0.4734081 0.585 -0.2799729 0.4734081 0.485 -0.776949 1.224275 0.59 -0.776949 1.224275 0.49 -0.2947048 0.4643803 0.59 -0.2947048 0.4643803 0.49 -0.815021 1.199267 0.595 -0.815021 1.199267 0.495 -0.3091459 0.4548943 0.595 -0.3091459 0.4548943 0.495 -0.8522888 1.173075 0.6 -0.8522888 1.173075 0.5 -0.323282 0.4449594 0.6 -0.323282 0.4449594 0.5 -0.8887155 1.145725 0.605 -0.8887155 1.145725 0.505 -0.337099 0.4345852 0.605 -0.337099 0.4345852 0.505 -0.924265 1.117244 0.61 -0.924265 1.117244 0.51 -0.3505833 0.4237822 0.61 -0.3505833 0.4237822 0.51 -0.9589024 1.087661 0.615 -0.9589024 1.087661 0.515 -0.3637216 0.4125611 0.615 -0.3637216 0.4125611 0.515 -0.9925935 1.057004 0.62 -0.9925935 1.057004 0.52 -0.376501 0.4009327 0.62 -0.376501 0.4009327 0.52 -1.025305 1.025305 0.625 -1.025305 1.025305 0.525 -0.3889088 0.3889086 0.625 -0.3889088 0.3889086 0.525 -1.057005 0.9925931 0.63 -1.057005 0.9925931 0.53 -0.4009328 0.3765008 0.63 -0.4009328 0.3765008 0.53 -1.087661 0.9589021 0.635 -1.087661 0.9589021 0.535 -0.4125612 0.3637214 0.635 -0.4125612 0.3637214 0.535 -1.117244 0.9242646 0.64 -1.117244 0.9242646 0.54 -0.4237824 0.3505831 0.64 -0.4237824 0.3505831 0.54 -1.145725 0.888715 0.645 -1.145725 0.888715 0.545 -0.4345853 0.3370988 0.645 -0.4345853 0.3370988 0.545 -1.173075 0.8522884 0.65 -1.173075 0.8522884 0.55 -0.4449594 0.3232818 0.65 -0.4449594 0.3232818 0.55 -1.199267 0.8150206 0.655 -1.199267 0.8150206 0.555 -0.4548944 0.3091458 0.655 -0.4548944 0.3091458 0.555 -1.224276 0.7769486 0.66 -1.224276 0.7769486 0.56 -0.4643805 0.2947046 0.66 -0.4643805 0.2947046 0.56 -1.248076 0.7381098 0.665 -1.248076 0.7381098 0.565 -0.4734082 0.2799727 0.665 -0.4734082 0.2799727 0.565 -1.270645 0.6985425 0.67 -1.270645 0.6985425 0.57 -0.4819688 0.2649644 0.67 -0.4819688 0.2649644 0.57 -1.29196 0.6582859 0.675 -1.29196 0.6582859 0.575 -0.4900537 0.2496946 0.675 -0.4900537 0.2496946 0.575 -1.311999 0.6173796 0.68 -1.311999 0.6173796 0.58 -0.4976549 0.2341784 0.68 -0.4976549 0.2341784 0.58 -1.330744 0.575864 0.685 -1.330744 0.575864 0.585 -0.5047652 0.2184312 0.685 -0.5047652 0.2184312 0.585 -1.348176 0.5337802 0.69 -1.348176 0.5337802 0.59 -0.5113772 0.2024683 0.69 -0.5113772 0.2024683 0.59 -1.364277 0.4911695 0.695 -1.364277 0.4911695 0.595 -0.5174845 0.1863057 0.695 -0.5174845 0.1863057 0.595 -1.379032 0.4480742 0.7 -1.379032 0.4480742 0.6 -0.5230811 0.1699591 0.7 -0.5230811 0.1699591 0.6 -1.392426 0.4045366 0.705 -1.392426 0.4045366 0.605 -0.5281616 0.1534449 0.705 -0.5281616 0.1534449 0.605 -1.404446 0.3605998 0.71 -1.404446 0.3605998 0.61 -0.5327208 0.1367792 0.71 -0.5327208 0.1367792 0.61 -1.415079 0.3163071 0.715 -1.415079 0.3163071 0.615 -0.5367543 0.1199786 0.715 -0.5367543 0.1199786 0.615 -1.424317 0.2717023 0.72 -1.424317 0.2717023 0.62 -0.5402581 0.1030595 0.72 -0.5402581 0.1030595 0.62 -1.432148 0.2268294 0.725 -1.432148 0.2268294 0.625 -0.5432286 0.0860387 0.725 -0.5432286 0.0860387 0.625 -1.438566 0.1817325 0.73 -1.438566 0.1817325 0.63 -0.5456631 0.06893301 0.73 -0.5456631 0.06893301 0.63 -1.443565 0.1364564 0.735 -1.443565 0.1364564 0.635 -0.5475592 0.0517593 0.735 -0.5475592 0.0517593 0.635 -1.447139 0.09104555 0.74 -1.447139 0.09104555 0.64 -0.5489147 0.03453451 0.74 -0.5489147 0.03453451 0.64 -1.449285 0.04554486 0.745 -1.449285 0.04554492 0.645 -0.5497286 0.01727563 0.745 -0.5497286 0.01727563 0.645 -1.45 0 0.75 -1.45 0 0.65 -0.55 0 0.75 -0.55 0 0.65 -1.449285 -0.04554563 0.755 -1.449285 -0.04554563 0.655 -0.5497286 -0.01727592 0.755 -0.5497286 -0.01727592 0.655 -1.447139 -0.09104627 0.76 -1.447139 -0.09104627 0.66 -0.5489147 -0.03453481 0.76 -0.5489147 -0.03453475 0.66 -1.443565 -0.1364571 0.765 -1.443565 -0.1364571 0.665 -0.5475591 -0.0517596 0.765 -0.5475591 -0.0517596 0.665 -1.438566 -0.1817333 0.77 -1.438566 -0.1817333 0.67 -0.5456631 -0.0689333 0.77 -0.5456631 -0.0689333 0.67 -1.432148 -0.2268301 0.775 -1.432148 -0.2268301 0.675 -0.5432286 -0.086039 0.775 -0.5432286 -0.086039 0.675 -1.424317 -0.271703 0.78 -1.424317 -0.271703 0.68 -0.540258 -0.1030598 0.78 -0.540258 -0.1030598 0.68 -1.415079 -0.3163079 0.785 -1.415079 -0.3163079 0.685 -0.5367542 -0.1199788 0.785 -0.5367542 -0.1199788 0.685 -1.404446 -0.3606005 0.79 -1.404446 -0.3606005 0.69 -0.5327208 -0.1367795 0.79 -0.5327208 -0.1367795 0.69 -1.392426 -0.4045373 0.795 -1.392426 -0.4045373 0.695 -0.5281615 -0.1534451 0.795 -0.5281615 -0.1534451 0.695 -1.379032 -0.4480748 0.8 -1.379032 -0.4480748 0.7 -0.5230811 -0.1699594 0.8 -0.5230811 -0.1699594 0.7 -1.364277 -0.4911702 0.805 -1.364277 -0.4911702 0.705 -0.5174844 -0.1863059 0.805 -0.5174844 -0.1863059 0.705 -1.348176 -0.5337808 0.81 -1.348176 -0.5337808 0.71 -0.511377 -0.2024686 0.81 -0.511377 -0.2024686 0.71 -1.330744 -0.5758647 0.815 -1.330744 -0.5758647 0.715 -0.504765 -0.2184314 0.815 -0.504765 -0.2184314 0.715 -1.311999 -0.6173803 0.82 -1.311999 -0.6173803 0.72 -0.4976549 -0.2341787 0.82 -0.4976549 -0.2341787 0.72 -1.291959 -0.6582865 0.825 -1.291959 -0.6582865 0.725 -0.4900535 -0.2496948 0.825 -0.4900535 -0.2496948 0.725 -1.270645 -0.6985431 0.83 -1.270645 -0.6985431 0.73 -0.4819687 -0.2649646 0.83 -0.4819687 -0.2649646 0.73 -1.248076 -0.7381104 0.835 -1.248076 -0.7381104 0.735 -0.4734081 -0.2799729 0.835 -0.4734081 -0.2799729 0.735 -1.224275 -0.7769492 0.84 -1.224275 -0.7769492 0.74 -0.4643803 -0.2947049 0.84 -0.4643803 -0.2947049 0.74 -1.199267 -0.8150213 0.845 -1.199267 -0.8150213 0.745 -0.4548943 -0.309146 0.845 -0.4548943 -0.309146 0.745 -1.173074 -0.852289 0.85 -1.173074 -0.852289 0.75 -0.4449592 -0.323282 0.85 -0.4449592 -0.323282 0.75 -1.145725 -0.8887156 0.855 -1.145725 -0.8887156 0.755 -0.4345852 -0.337099 0.855 -0.4345852 -0.337099 0.755 -1.117244 -0.9242652 0.86 -1.117244 -0.9242652 0.76 -0.4237822 -0.3505833 0.86 -0.4237822 -0.3505833 0.76 -1.087661 -0.9589026 0.865 -1.087661 -0.9589026 0.765 -0.412561 -0.3637217 0.865 -0.412561 -0.3637217 0.765 -1.057004 -0.9925937 0.87 -1.057004 -0.9925937 0.77 -0.4009326 -0.376501 0.87 -0.4009326 -0.376501 0.77 -1.025305 -1.025305 0.875 -1.025305 -1.025305 0.775 -0.3889086 -0.3889089 0.875 -0.3889086 -0.3889089 0.775 -0.9925929 -1.057005 0.88 -0.9925929 -1.057005 0.78 -0.3765007 -0.4009329 0.88 -0.3765007 -0.4009329 0.78 -0.9589019 -1.087661 0.885 -0.9589019 -1.087661 0.785 -0.3637214 -0.4125612 0.885 -0.3637214 -0.4125612 0.785 -0.9242644 -1.117245 0.89 -0.9242644 -1.117245 0.79 -0.350583 -0.4237824 0.89 -0.350583 -0.4237824 0.79 -0.8887149 -1.145725 0.895 -0.8887149 -1.145725 0.795 -0.3370987 -0.4345854 0.895 -0.3370987 -0.4345854 0.795 -0.8522882 -1.173075 0.9 -0.8522882 -1.173075 0.8 -0.3232817 -0.4449595 0.9 -0.3232817 -0.4449595 0.8 -0.8150205 -1.199267 0.905 -0.8150205 -1.199267 0.805 -0.3091457 -0.4548944 0.905 -0.3091457 -0.4548944 0.805 -0.7769484 -1.224276 0.91 -0.7769484 -1.224276 0.81 -0.2947046 -0.4643805 0.91 -0.2947046 -0.4643805 0.81 -0.7381095 -1.248076 0.915 -0.7381095 -1.248076 0.815 -0.2799726 -0.4734082 0.915 -0.2799726 -0.4734082 0.815 -0.6985423 -1.270645 0.92 -0.6985423 -1.270645 0.82 -0.2649643 -0.4819688 0.92 -0.2649643 -0.4819688 0.82 -0.6582857 -1.29196 0.925 -0.6582857 -1.29196 0.825 -0.2496945 -0.4900537 0.925 -0.2496945 -0.4900537 0.825 -0.6173794 -1.312 0.93 -0.6173794 -1.312 0.83 -0.2341784 -0.497655 0.93 -0.2341784 -0.497655 0.83 -0.5758638 -1.330744 0.935 -0.5758638 -1.330744 0.835 -0.2184311 -0.5047652 0.935 -0.2184311 -0.5047652 0.835 -0.53378 -1.348176 0.94 -0.53378 -1.348176 0.84 -0.2024682 -0.5113772 0.94 -0.2024682 -0.5113772 0.84 -0.4911693 -1.364277 0.945 -0.4911693 -1.364277 0.845 -0.1863055 -0.5174846 0.945 -0.1863055 -0.5174846 0.845 -0.4480739 -1.379032 0.95 -0.4480739 -1.379032 0.85 -0.1699591 -0.5230812 0.95 -0.1699591 -0.5230812 0.85 -0.4045364 -1.392426 0.955 -0.4045364 -1.392426 0.855 -0.1534448 -0.5281617 0.955 -0.1534448 -0.5281617 0.855 -0.3605996 -1.404446 0.96 -0.3605996 -1.404446 0.86 -0.1367791 -0.5327208 0.96 -0.1367791 -0.5327208 0.86 -0.3163076 -1.415079 0.965 -0.3163076 -1.415079 0.865 -0.1199787 -0.5367543 0.965 -0.1199787 -0.5367543 0.865 -0.2717028 -1.424317 0.97 -0.2717028 -1.424317 0.87 -0.1030597 -0.540258 0.97 -0.1030597 -0.540258 0.87 -0.2268298 -1.432148 0.975 -0.2268298 -1.432148 0.875 -0.08603888 -0.5432286 0.975 -0.08603888 -0.5432286 0.875 -0.181733 -1.438566 0.98 -0.181733 -1.438566 0.88 -0.06893318 -0.5456631 0.98 -0.06893318 -0.5456631 0.88 -0.1364569 -1.443565 0.985 -0.1364569 -1.443565 0.885 -0.05175948 -0.5475591 0.985 -0.05175948 -0.5475591 0.885 -0.09104603 -1.447139 0.99 -0.09104603 -1.447139 0.89 -0.03453469 -0.5489147 0.99 -0.03453469 -0.5489147 0.89 -0.04554533 -1.449285 0.995 -0.04554533 -1.449285 0.895 -0.01727581 -0.5497286 0.995 -0.01727581 -0.5497286 0.895 2.55712e-7 -1.45 1 2.5134e-7 -1.45 0.9 0 -0.55 1 0 -0.55 0.9 0.04554587 -1.449285 1.005 0.04554587 -1.449285 0.905 0.01727598 -0.5497286 1.005 0.01727598 -0.5497286 0.905 0.09104651 -1.447139 1.01 0.09104651 -1.447139 0.91 0.03453487 -0.5489147 1.01 0.03453487 -0.5489147 0.91 0.1364573 -1.443565 1.015 0.1364573 -1.443565 0.915 0.05175966 -0.5475591 1.015 0.05175966 -0.5475591 0.915 0.1817335 -1.438566 1.02 0.1817335 -1.438566 0.92 0.06893336 -0.5456631 1.02 0.06893336 -0.5456631 0.92 0.2268303 -1.432148 1.025 0.2268303 -1.432148 0.925 0.08603906 -0.5432286 1.025 0.08603906 -0.5432286 0.925 0.2717033 -1.424317 1.03 0.2717033 -1.424317 0.93 0.1030598 -0.540258 1.03 0.1030598 -0.540258 0.93 0.3163081 -1.415079 1.035 0.3163081 -1.415079 0.935 0.1199789 -0.5367542 1.035 0.1199789 -0.5367542 0.935 0.3606007 -1.404446 1.04 0.3606007 -1.404446 0.9399999 0.1367796 -0.5327208 1.04 0.1367796 -0.5327208 0.9399999 0.4045375 -1.392426 1.045 0.4045375 -1.392426 0.9449999 0.1534453 -0.5281615 1.045 0.1534453 -0.5281615 0.9449999 0.4480751 -1.379032 1.05 0.4480751 -1.379032 0.9499999 0.1699595 -0.5230811 1.05 0.1699595 -0.5230811 0.9499999 0.4911705 -1.364277 1.055 0.4911705 -1.364277 0.955 0.186306 -0.5174844 1.055 0.186306 -0.5174844 0.955 0.5337811 -1.348176 1.06 0.5337811 -1.348176 0.96 0.2024686 -0.511377 1.06 0.2024686 -0.511377 0.96 0.5758649 -1.330744 1.065 0.5758649 -1.330744 0.9650001 0.2184315 -0.504765 1.065 0.2184315 -0.504765 0.9650001 0.6173804 -1.311999 1.07 0.6173804 -1.311999 0.9700001 0.2341788 -0.4976548 1.07 0.2341788 -0.4976548 0.9700001 0.6582867 -1.291959 1.075 0.6582867 -1.291959 0.9750001 0.249695 -0.4900535 1.075 0.249695 -0.4900535 0.9750001 0.6985433 -1.270644 1.08 0.6985433 -1.270644 0.9800001 0.2649647 -0.4819686 1.08 0.2649647 -0.4819686 0.9800001 0.7381106 -1.248076 1.085 0.7381106 -1.248076 0.9850001 0.279973 -0.4734081 1.085 0.279973 -0.4734081 0.9850001 0.7769494 -1.224275 1.09 0.7769494 -1.224275 0.9900001 0.2947049 -0.4643802 1.09 0.2947049 -0.4643802 0.9900001 0.8150214 -1.199267 1.095 0.8150214 -1.199267 0.9950001 0.3091461 -0.4548942 1.095 0.3091461 -0.4548942 0.9950001 0.8522891 -1.173074 1.1 0.8522891 -1.173074 1 0.3232821 -0.4449592 1.1 0.3232821 -0.4449592 1 0.8887158 -1.145724 1.105 0.8887158 -1.145724 1.005 0.3370991 -0.4345851 1.105 0.3370991 -0.4345851 1.005 0.9242653 -1.117244 1.11 0.9242653 -1.117244 1.01 0.3505834 -0.4237821 1.11 0.3505834 -0.4237821 1.01 0.9589028 -1.087661 1.115 0.9589028 -1.087661 1.015 0.3637217 -0.4125609 1.115 0.3637217 -0.4125609 1.015 0.9925939 -1.057004 1.12 0.9925939 -1.057004 1.02 0.3765011 -0.4009326 1.12 0.3765011 -0.4009326 1.02 1.025305 -1.025304 1.125 1.025305 -1.025304 1.025 0.3889089 -0.3889085 1.125 0.3889089 -0.3889085 1.025 1.057005 -0.9925928 1.13 1.057005 -0.9925928 1.03 0.4009329 -0.3765007 1.13 0.4009329 -0.3765007 1.03 1.087662 -0.9589017 1.135 1.087662 -0.9589017 1.035 0.4125612 -0.3637213 1.135 0.4125612 -0.3637213 1.035 1.117245 -0.9242642 1.14 1.117245 -0.9242642 1.04 0.4237825 -0.350583 1.14 0.4237825 -0.350583 1.04 1.145725 -0.8887147 1.145 1.145725 -0.8887147 1.045 0.4345855 -0.3370987 1.145 0.4345855 -0.3370987 1.045 1.173075 -0.852288 1.15 1.173075 -0.852288 1.05 0.4449595 -0.3232817 1.15 0.4449595 -0.3232817 1.05 1.199267 -0.8150202 1.155 1.199267 -0.8150202 1.055 0.4548945 -0.3091456 1.155 0.4548945 -0.3091456 1.055 1.224276 -0.7769482 1.16 1.224276 -0.7769482 1.06 0.4643805 -0.2947045 1.16 0.4643805 -0.2947045 1.06 1.248076 -0.7381093 1.165 1.248076 -0.7381093 1.065 0.4734083 -0.2799725 1.165 0.4734083 -0.2799725 1.065 1.270645 -0.6985421 1.17 1.270645 -0.6985421 1.07 0.4819688 -0.2649642 1.17 0.4819688 -0.2649642 1.07 1.29196 -0.658286 1.175 1.29196 -0.658286 1.075 0.4900536 -0.2496947 1.175 0.4900536 -0.2496947 1.075 1.311999 -0.6173798 1.18 1.311999 -0.6173798 1.08 0.4976549 -0.2341785 1.18 0.4976549 -0.2341785 1.08 1.330744 -0.5758643 1.185 1.330744 -0.5758643 1.085 0.5047651 -0.2184312 1.185 0.5047651 -0.2184312 1.085 1.348176 -0.5337804 1.19 1.348176 -0.5337804 1.09 0.5113771 -0.2024684 1.19 0.5113771 -0.2024684 1.09 1.364277 -0.4911697 1.195 1.364277 -0.4911697 1.095 0.5174845 -0.1863057 1.195 0.5174845 -0.1863057 1.095 1.379032 -0.4480744 1.2 1.379032 -0.4480744 1.1 0.5230811 -0.1699592 1.2 0.5230811 -0.1699592 1.1 1.392426 -0.4045368 1.205 1.392426 -0.4045368 1.105 0.5281616 -0.153445 1.205 0.5281616 -0.153445 1.105 1.404446 -0.3606 1.21 1.404446 -0.3606 1.11 0.5327208 -0.1367793 1.21 0.5327208 -0.1367793 1.11 1.415079 -0.3163074 1.215 1.415079 -0.3163074 1.115 0.5367543 -0.1199786 1.215 0.5367543 -0.1199786 1.115 1.424317 -0.2717025 1.22 1.424317 -0.2717025 1.12 0.540258 -0.1030595 1.22 0.540258 -0.1030595 1.12 1.432148 -0.2268295 1.225 1.432148 -0.2268295 1.125 0.5432286 -0.08603876 1.225 0.5432286 -0.08603876 1.125 1.438566 -0.1817328 1.23 1.438566 -0.1817328 1.13 0.5456631 -0.06893312 1.23 0.5456631 -0.06893312 1.13 1.443565 -0.1364566 1.235 1.443565 -0.1364566 1.135 0.5475592 -0.05175936 1.235 0.5475592 -0.05175936 1.135 1.447139 -0.09104579 1.24 1.447139 -0.09104579 1.14 0.5489147 -0.03453457 1.24 0.5489147 -0.03453457 1.14 1.449285 -0.0455451 1.245 1.449285 -0.0455451 1.145 0.5497286 -0.01727569 1.245 0.5497286 -0.01727569 1.145 1.45 4.91947e-7 1.25 1.45 4.87575e-7 1.15 0.55 1.87957e-7 1.25 0.55 1.83586e-7 1.15 1.449285 0.04554611 1.255 1.449285 0.04554605 1.155 0.5497286 0.0172761 1.255 0.5497286 0.0172761 1.155 1.447139 0.09104675 1.26 1.447139 0.09104675 1.16 0.5489147 0.03453499 1.26 0.5489147 0.03453493 1.16 1.443565 0.1364576 1.265 1.443565 0.1364576 1.165 0.5475591 0.05175977 1.265 0.5475591 0.05175977 1.165 1.438566 0.1817337 1.27 1.438566 0.1817337 1.17 0.5456631 0.06893348 1.27 0.5456631 0.06893348 1.17 1.432148 0.2268306 1.275 1.432148 0.2268306 1.175 0.5432286 0.08603918 1.275 0.5432286 0.08603918 1.175 1.424316 0.2717035 1.28 1.424316 0.2717035 1.18 0.5402579 0.10306 1.28 0.5402579 0.10306 1.18 1.415079 0.3163083 1.285 1.415079 0.3163083 1.185 0.5367542 0.119979 1.285 0.5367542 0.119979 1.185 1.404445 0.360601 1.29 1.404445 0.360601 1.19 0.5327207 0.1367796 1.29 0.5327207 0.1367796 1.19 1.392426 0.4045377 1.295 1.392426 0.4045377 1.195 0.5281615 0.1534453 1.295 0.5281615 0.1534453 1.195 1.379032 0.4480753 1.3 1.379032 0.4480753 1.2 0.523081 0.1699596 1.3 0.523081 0.1699596 1.2 1.364277 0.4911707 1.305 1.364277 0.4911707 1.205 0.5174844 0.1863061 1.305 0.5174844 0.1863061 1.205 1.348176 0.5337813 1.31 1.348176 0.5337813 1.21 0.511377 0.2024688 1.31 0.511377 0.2024688 1.21 1.330744 0.5758651 1.315 1.330744 0.5758651 1.215 0.5047649 0.2184315 1.315 0.5047649 0.2184315 1.215 1.311999 0.6173807 1.32 1.311999 0.6173807 1.22 0.4976547 0.2341789 1.32 0.4976547 0.2341789 1.22 1.291959 0.6582869 1.325 1.291959 0.6582869 1.225 0.4900535 0.249695 1.325 0.4900535 0.249695 1.225 1.270644 0.6985436 1.33 1.270644 0.6985436 1.23 0.4819685 0.2649648 1.33 0.4819685 0.2649648 1.23 1.248076 0.7381108 1.335 1.248076 0.7381108 1.235 0.4734079 0.279973 1.335 0.4734079 0.279973 1.235 1.224275 0.7769496 1.34 1.224275 0.7769496 1.24 0.4643802 0.294705 1.34 0.4643802 0.294705 1.24 1.199266 0.8150216 1.345 1.199266 0.8150216 1.245 0.4548941 0.3091461 1.345 0.4548941 0.3091461 1.245 1.173074 0.8522893 1.35 1.173074 0.8522893 1.25 0.4449592 0.3232821 1.35 0.4449592 0.3232821 1.25 1.145724 0.8887159 1.355 1.145724 0.8887159 1.255 0.434585 0.3370991 1.355 0.434585 0.3370991 1.255 1.117244 0.9242655 1.36 1.117244 0.9242655 1.26 0.4237821 0.3505834 1.36 0.4237821 0.3505834 1.26 1.08766 0.958903 1.365 1.08766 0.958903 1.265 0.4125608 0.3637218 1.365 0.4125608 0.3637218 1.265 1.057004 0.9925941 1.37 1.057004 0.9925941 1.27 0.4009325 0.3765012 1.37 0.4009325 0.3765012 1.27 1.025304 1.025305 1.375 1.025304 1.025305 1.275 0.3889085 0.388909 1.375 0.3889085 0.388909 1.275 0.9925926 1.057005 1.38 0.9925926 1.057005 1.28 0.3765006 0.400933 1.38 0.3765006 0.400933 1.28 0.9589015 1.087662 1.385 0.9589015 1.087662 1.285 0.3637213 0.4125614 1.385 0.3637213 0.4125614 1.285 0.924264 1.117245 1.39 0.924264 1.117245 1.29 0.3505829 0.4237825 1.39 0.3505829 0.4237825 1.29 0.8887145 1.145725 1.395 0.8887145 1.145725 1.295 0.3370986 0.4345855 1.395 0.3370986 0.4345855 1.295 0.8522878 1.173075 1.4 0.8522878 1.173075 1.3 0.3232815 0.4449596 1.4 0.3232815 0.4449596 1.3 0.81502 1.199267 1.405 0.81502 1.199267 1.305 0.3091455 0.4548946 1.405 0.3091455 0.4548946 1.305 0.7769479 1.224276 1.41 0.7769479 1.224276 1.31 0.2947044 0.4643806 1.41 0.2947044 0.4643806 1.31 0.7381092 1.248077 1.415 0.7381092 1.248077 1.315 0.2799724 0.4734083 1.415 0.2799724 0.4734083 1.315 0.6985419 1.270645 1.42 0.6985419 1.270645 1.32 0.2649642 0.4819689 1.42 0.2649642 0.4819689 1.32 0.6582853 1.29196 1.425 0.6582853 1.29196 1.325 0.2496944 0.4900538 1.425 0.2496944 0.4900538 1.325 0.617379 1.312 1.43 0.617379 1.312 1.33 0.2341782 0.4976551 1.43 0.2341782 0.4976551 1.33 0.5758634 1.330745 1.435 0.5758634 1.330745 1.335 0.2184309 0.5047652 1.435 0.2184309 0.5047652 1.335 0.5337795 1.348176 1.44 0.5337795 1.348176 1.34 0.202468 0.5113772 1.44 0.202468 0.5113772 1.34 0.4911689 1.364278 1.445 0.4911689 1.364278 1.345 0.1863054 0.5174846 1.445 0.1863054 0.5174846 1.345 0.4480735 1.379032 1.45 0.4480735 1.379032 1.35 0.1699589 0.5230813 1.45 0.1699589 0.5230813 1.35 0.4045359 1.392426 1.455 0.4045359 1.392426 1.355 0.1534446 0.5281617 1.455 0.1534446 0.5281617 1.355 0.3605991 1.404446 1.46 0.3605991 1.404446 1.36 0.136779 0.5327209 1.46 0.136779 0.5327209 1.36 0.3163064 1.41508 1.465 0.3163064 1.41508 1.365 0.1199783 0.5367544 1.465 0.1199783 0.5367544 1.365 0.2717016 1.424317 1.47 0.2717016 1.424317 1.37 0.1030592 0.5402581 1.47 0.1030592 0.5402581 1.37 0.2268286 1.432148 1.475 0.2268286 1.432148 1.375 0.08603847 0.5432287 1.475 0.08603847 0.5432287 1.375 0.1817318 1.438567 1.48 0.1817318 1.438567 1.38 0.06893277 0.5456632 1.48 0.06893277 0.5456632 1.38 0.1364557 1.443565 1.485 0.1364557 1.443565 1.385 0.051759 0.5475592 1.485 0.05175906 0.5475592 1.385 0.09104484 1.447139 1.49 0.09104484 1.447139 1.39 0.03453421 0.5489147 1.49 0.03453421 0.5489147 1.39 0.04554557 1.449285 1.495 0.04554557 1.449285 1.395 0.01727586 0.5497286 1.495 0.01727586 0.5497286 1.395 0 1.45 1.5 0 1.45 1.4 0 0.55 1.5 0 0.55 1.4 -0.04554563 1.449285 1.505 -0.04554563 1.449285 1.405 -0.01727592 0.5497286 1.505 -0.01727592 0.5497286 1.405 -0.09104633 1.447139 1.51 -0.09104633 1.447139 1.41 -0.03453481 0.5489147 1.51 -0.03453481 0.5489147 1.41 -0.1364571 1.443565 1.515 -0.1364571 1.443565 1.415 -0.0517596 0.5475591 1.515 -0.0517596 0.5475591 1.415 -0.1817333 1.438566 1.52 -0.1817333 1.438566 1.42 -0.0689333 0.5456631 1.52 -0.0689333 0.5456631 1.42 -0.2268301 1.432148 1.525 -0.2268301 1.432148 1.425 -0.086039 0.5432286 1.525 -0.086039 0.5432286 1.425 -0.2717031 1.424317 1.53 -0.2717031 1.424317 1.43 -0.1030598 0.540258 1.53 -0.1030598 0.540258 1.43 -0.3163079 1.415079 1.535 -0.3163079 1.415079 1.435 -0.1199789 0.5367542 1.535 -0.1199789 0.5367542 1.435 -0.3606005 1.404446 1.54 -0.3606005 1.404446 1.44 -0.1367795 0.5327208 1.54 -0.1367795 0.5327208 1.44 -0.4045373 1.392426 1.545 -0.4045373 1.392426 1.445 -0.1534452 0.5281615 1.545 -0.1534452 0.5281615 1.445 -0.4480749 1.379032 1.55 -0.4480749 1.379032 1.45 -0.1699594 0.5230811 1.55 -0.1699594 0.5230811 1.45 -0.4911702 1.364277 1.555 -0.4911702 1.364277 1.455 -0.1863059 0.5174844 1.555 -0.1863059 0.5174844 1.455 -0.5337809 1.348176 1.56 -0.5337809 1.348176 1.46 -0.2024686 0.511377 1.56 -0.2024686 0.511377 1.46 -0.5758647 1.330744 1.565 -0.5758647 1.330744 1.465 -0.2184314 0.504765 1.565 -0.2184314 0.504765 1.465 -0.6173803 1.311999 1.57 -0.6173803 1.311999 1.47 -0.2341787 0.4976548 1.57 -0.2341787 0.4976548 1.47 -0.6582865 1.291959 1.575 -0.6582865 1.291959 1.475 -0.2496948 0.4900535 1.575 -0.2496948 0.4900535 1.475 -0.6985431 1.270645 1.58 -0.6985431 1.270645 1.48 -0.2649646 0.4819687 1.58 -0.2649646 0.4819687 1.48 -0.7381104 1.248076 1.585 -0.7381104 1.248076 1.485 -0.2799729 0.4734081 1.585 -0.2799729 0.4734081 1.485 -0.7769492 1.224275 1.59 -0.7769492 1.224275 1.49 -0.2947049 0.4643803 1.59 -0.2947049 0.4643803 1.49 -0.8150213 1.199267 1.595 -0.8150213 1.199267 1.495 -0.309146 0.4548943 1.595 -0.309146 0.4548943 1.495 -0.852289 1.173074 1.6 -0.852289 1.173074 1.5 -0.323282 0.4449592 1.6 -0.323282 0.4449592 1.5 -0.8887156 1.145725 1.605 -0.8887156 1.145725 1.505 -0.337099 0.4345852 1.605 -0.337099 0.4345852 1.505 -0.9242652 1.117244 1.61 -0.9242652 1.117244 1.51 -0.3505833 0.4237822 1.61 -0.3505833 0.4237822 1.51 -0.9589026 1.087661 1.615 -0.9589026 1.087661 1.515 -0.3637217 0.412561 1.615 -0.3637217 0.412561 1.515 -0.9925937 1.057004 1.62 -0.9925937 1.057004 1.52 -0.376501 0.4009326 1.62 -0.376501 0.4009326 1.52 -1.025305 1.025305 1.625 -1.025305 1.025305 1.525 -0.3889089 0.3889086 1.625 -0.3889089 0.3889086 1.525 -1.057005 0.9925929 1.63 -1.057005 0.9925929 1.53 -0.4009329 0.3765007 1.63 -0.4009329 0.3765007 1.53 -1.087661 0.9589018 1.635 -1.087661 0.9589018 1.535 -0.4125612 0.3637214 1.635 -0.4125612 0.3637214 1.535 -1.117245 0.9242644 1.64 -1.117245 0.9242644 1.54 -0.4237824 0.350583 1.64 -0.4237824 0.350583 1.54 -1.145725 0.8887149 1.645 -1.145725 0.8887149 1.545 -0.4345854 0.3370987 1.645 -0.4345854 0.3370987 1.545 -1.173075 0.8522882 1.65 -1.173075 0.8522882 1.55 -0.4449595 0.3232817 1.65 -0.4449595 0.3232817 1.55 -1.199267 0.8150204 1.655 -1.199267 0.8150204 1.555 -0.4548944 0.3091456 1.655 -0.4548944 0.3091456 1.555 -1.224276 0.7769484 1.66 -1.224276 0.7769484 1.56 -0.4643805 0.2947046 1.66 -0.4643805 0.2947046 1.56 -1.248076 0.7381095 1.665 -1.248076 0.7381095 1.565 -0.4734082 0.2799726 1.665 -0.4734082 0.2799726 1.565 -1.270645 0.6985422 1.67 -1.270645 0.6985422 1.57 -0.4819688 0.2649643 1.67 -0.4819688 0.2649643 1.57 -1.29196 0.6582856 1.675 -1.29196 0.6582856 1.575 -0.4900537 0.2496945 1.675 -0.4900537 0.2496945 1.575 -1.312 0.6173794 1.68 -1.312 0.6173794 1.58 -0.497655 0.2341784 1.68 -0.497655 0.2341784 1.58 -1.330744 0.5758638 1.685 -1.330744 0.5758638 1.585 -0.5047652 0.2184311 1.685 -0.5047652 0.2184311 1.585 -1.348176 0.5337799 1.69 -1.348176 0.5337799 1.59 -0.5113772 0.2024682 1.69 -0.5113772 0.2024682 1.59 -1.364277 0.4911693 1.695 -1.364277 0.4911693 1.595 -0.5174846 0.1863055 1.695 -0.5174846 0.1863055 1.595 -1.379032 0.4480739 1.7 -1.379032 0.4480739 1.6 -0.5230812 0.1699591 1.7 -0.5230812 0.1699591 1.6 -1.392426 0.4045363 1.705 -1.392426 0.4045363 1.605 -0.5281617 0.1534448 1.705 -0.5281617 0.1534448 1.605 -1.404446 0.3605995 1.71 -1.404446 0.3605995 1.61 -0.5327208 0.1367791 1.71 -0.5327208 0.1367791 1.61 -1.415079 0.3163069 1.715 -1.415079 0.3163069 1.615 -0.5367543 0.1199784 1.715 -0.5367543 0.1199784 1.615 -1.424317 0.2717021 1.72 -1.424317 0.2717021 1.62 -0.5402581 0.1030594 1.72 -0.5402581 0.1030594 1.62 -1.432148 0.2268291 1.725 -1.432148 0.2268291 1.625 -0.5432286 0.08603858 1.725 -0.5432286 0.08603858 1.625 -1.438566 0.1817323 1.73 -1.438566 0.1817323 1.63 -0.5456631 0.06893295 1.73 -0.5456631 0.06893295 1.63 -1.443565 0.1364561 1.735 -1.443565 0.1364561 1.635 -0.5475592 0.05175918 1.735 -0.5475592 0.05175918 1.635 -1.447139 0.09104532 1.74 -1.447139 0.09104532 1.64 -0.5489147 0.03453439 1.74 -0.5489147 0.03453439 1.64 -1.449285 0.04554462 1.745 -1.449285 0.04554462 1.645 -0.5497286 0.01727551 1.745 -0.5497286 0.01727551 1.645 -1.45 -9.64417e-7 1.75 -1.45 -9.60046e-7 1.65 -0.55 -3.6717e-7 1.75 -0.55 -3.62799e-7 1.65 -1.449285 -0.04554659 1.755 -1.449285 -0.04554653 1.655 -0.5497286 -0.01727628 1.755 -0.5497286 -0.01727628 1.655 -1.447139 -0.09104722 1.76 -1.447139 -0.09104722 1.66 -0.5489147 -0.03453516 1.76 -0.5489147 -0.0345351 1.66 -1.443565 -0.136458 1.765 -1.443565 -0.136458 1.665 -0.5475591 -0.05175995 1.765 -0.5475591 -0.05175995 1.665 -1.438566 -0.1817342 1.77 -1.438566 -0.1817342 1.67 -0.5456631 -0.06893366 1.77 -0.5456631 -0.06893366 1.67 -1.432148 -0.226831 1.775 -1.432148 -0.226831 1.675 -0.5432286 -0.0860393 1.775 -0.5432286 -0.0860393 1.675 -1.424316 -0.271704 1.78 -1.424316 -0.271704 1.68 -0.5402579 -0.1030601 1.78 -0.5402579 -0.1030601 1.68 -1.415079 -0.3163087 1.785 -1.415079 -0.3163087 1.685 -0.5367541 -0.1199792 1.785 -0.5367541 -0.1199792 1.685 -1.404445 -0.3606014 1.79 -1.404445 -0.3606014 1.69 -0.5327206 -0.1367798 1.79 -0.5327206 -0.1367798 1.69 -1.392426 -0.4045382 1.795 -1.392426 -0.4045382 1.695 -0.5281614 -0.1534455 1.795 -0.5281614 -0.1534455 1.695 -1.379032 -0.4480757 1.8 -1.379032 -0.4480757 1.7 -0.523081 -0.1699597 1.8 -0.523081 -0.1699597 1.7 -1.364277 -0.4911711 1.805 -1.364277 -0.4911711 1.705 -0.5174843 -0.1863062 1.805 -0.5174843 -0.1863062 1.705 -1.348176 -0.5337817 1.81 -1.348176 -0.5337817 1.71 -0.5113769 -0.2024689 1.81 -0.5113769 -0.2024689 1.71 -1.330744 -0.5758656 1.815 -1.330744 -0.5758656 1.715 -0.5047649 -0.2184317 1.815 -0.5047649 -0.2184317 1.715 -1.311999 -0.6173811 1.82 -1.311999 -0.6173811 1.72 -0.4976547 -0.234179 1.82 -0.4976547 -0.234179 1.72 -1.291959 -0.6582874 1.825 -1.291959 -0.6582874 1.725 -0.4900534 -0.2496952 1.825 -0.4900534 -0.2496952 1.725 -1.270644 -0.6985439 1.83 -1.270644 -0.6985439 1.73 -0.4819684 -0.2649649 1.83 -0.4819684 -0.2649649 1.73 -1.248075 -0.7381111 1.835 -1.248075 -0.7381111 1.735 -0.4734079 -0.2799732 1.835 -0.4734079 -0.2799732 1.735 -1.224275 -0.77695 1.84 -1.224275 -0.77695 1.74 -0.4643801 -0.2947052 1.84 -0.4643801 -0.2947052 1.74 -1.199266 -0.8150221 1.845 -1.199266 -0.8150221 1.745 -0.454894 -0.3091463 1.845 -0.454894 -0.3091463 1.745 -1.173074 -0.8522897 1.85 -1.173074 -0.8522897 1.75 -0.4449591 -0.3232823 1.85 -0.4449591 -0.3232823 1.75 -1.145724 -0.8887163 1.855 -1.145724 -0.8887163 1.755 -0.434585 -0.3370993 1.855 -0.434585 -0.3370993 1.755 -1.117243 -0.9242659 1.86 -1.117243 -0.9242659 1.76 -0.4237819 -0.3505836 1.86 -0.4237819 -0.3505836 1.76 -1.08766 -0.9589033 1.865 -1.08766 -0.9589033 1.765 -0.4125608 -0.3637219 1.865 -0.4125608 -0.3637219 1.765 -1.057004 -0.9925944 1.87 -1.057004 -0.9925944 1.77 -0.4009324 -0.3765013 1.87 -0.4009324 -0.3765013 1.77 -1.025304 -1.025306 1.875 -1.025304 -1.025306 1.775 -0.3889083 -0.3889091 1.875 -0.3889083 -0.3889091 1.775 -0.9925923 -1.057006 1.88 -0.9925923 -1.057006 1.78 -0.3765006 -0.4009332 1.88 -0.3765006 -0.4009332 1.78 -0.9589011 -1.087662 1.885 -0.9589011 -1.087662 1.785 -0.3637211 -0.4125615 1.885 -0.3637211 -0.4125615 1.785 -0.9242637 -1.117245 1.89 -0.9242637 -1.117245 1.79 -0.3505828 -0.4237827 1.89 -0.3505828 -0.4237827 1.79 -0.888714 -1.145726 1.895 -0.888714 -1.145726 1.795 -0.3370984 -0.4345856 1.895 -0.3370984 -0.4345856 1.795 -0.8522874 -1.173076 1.9 -0.8522874 -1.173076 1.8 -0.3232814 -0.4449597 1.9 -0.3232814 -0.4449597 1.8 -0.8150197 -1.199268 1.905 -0.8150197 -1.199268 1.805 -0.3091454 -0.4548946 1.905 -0.3091454 -0.4548946 1.805 -0.7769476 -1.224276 1.91 -0.7769476 -1.224276 1.81 -0.2947043 -0.4643807 1.91 -0.2947043 -0.4643807 1.81 -0.7381087 -1.248077 1.915 -0.7381087 -1.248077 1.815 -0.2799723 -0.4734084 1.915 -0.2799723 -0.4734084 1.815 -0.6985415 -1.270645 1.92 -0.6985415 -1.270645 1.82 -0.264964 -0.4819689 1.92 -0.264964 -0.4819689 1.82 -0.658286 -1.29196 1.925 -0.658286 -1.29196 1.825 -0.2496947 -0.4900536 1.925 -0.2496947 -0.4900536 1.825 -0.6173798 -1.311999 1.93 -0.6173798 -1.311999 1.83 -0.2341785 -0.4976549 1.93 -0.2341785 -0.4976549 1.83 -0.5758642 -1.330744 1.935 -0.5758642 -1.330744 1.835 -0.2184312 -0.5047651 1.935 -0.2184312 -0.5047651 1.835 -0.5337803 -1.348176 1.94 -0.5337803 -1.348176 1.84 -0.2024684 -0.5113771 1.94 -0.2024684 -0.5113771 1.84 -0.4911697 -1.364277 1.945 -0.4911697 -1.364277 1.845 -0.1863057 -0.5174845 1.945 -0.1863057 -0.5174845 1.845 -0.4480744 -1.379032 1.95 -0.4480744 -1.379032 1.85 -0.1699592 -0.5230811 1.95 -0.1699592 -0.5230811 1.85 -0.4045368 -1.392426 1.955 -0.4045368 -1.392426 1.855 -0.153445 -0.5281616 1.955 -0.153445 -0.5281616 1.855 -0.3606 -1.404446 1.96 -0.3606 -1.404446 1.86 -0.1367793 -0.5327208 1.96 -0.1367793 -0.5327208 1.86 -0.3163073 -1.415079 1.965 -0.3163073 -1.415079 1.865 -0.1199786 -0.5367543 1.965 -0.1199786 -0.5367543 1.865 -0.2717025 -1.424317 1.97 -0.2717025 -1.424317 1.87 -0.1030595 -0.540258 1.97 -0.1030595 -0.540258 1.87 -0.2268295 -1.432148 1.975 -0.2268295 -1.432148 1.875 -0.08603876 -0.5432286 1.975 -0.08603876 -0.5432286 1.875 -0.1817327 -1.438566 1.98 -0.1817327 -1.438566 1.88 -0.06893306 -0.5456631 1.98 -0.06893306 -0.5456631 1.88 -0.1364566 -1.443565 1.985 -0.1364566 -1.443565 1.885 -0.05175936 -0.5475592 1.985 -0.05175936 -0.5475592 1.885 -0.09104573 -1.447139 1.99 -0.09104573 -1.447139 1.89 -0.03453457 -0.5489147 1.99 -0.03453457 -0.5489147 1.89 -0.0455451 -1.449285 1.995 -0.0455451 -1.449285 1.895 -0.01727569 -0.5497286 1.995 -0.01727569 -0.5497286 1.895 5.09238e-7 -1.45 2 5.04867e-7 -1.45 1.9 1.94516e-7 -0.55 2 1.90145e-7 -0.55 1.9</float_array>
          <technique_common>
            <accessor source="#Plane-mesh-positions-array" count="1604" stride="3">
              <param name="X" type="float"/>
              <param name="Y" type="float"/>
              <param name="Z" type="float"/>
            </accessor>
          </technique_common>
        </source>
        <source id="Plane-mesh-normals">
          <float_array id="Plane-mesh-normals-array" count="4812">-0.6005672 -0.5892606 0.5404546 -0.2191445 0.6983667 0.681366 -0.6480812 0.588187 0.4837633 -0.05431896 -0.713269 0.6987824 -0.2393758 0.689724 0.6833594 -0.01029431 -0.7147635 0.6992906 -0.2647483 0.6814993 0.6822515 -0.283894 0.6746442 0.6813659 0.0130459 -0.7152158 0.698782 -0.3032222 0.6641359 0.6833593 0.05701798 -0.7125601 0.6992905 -0.3277096 0.653559 0.6822516 -0.3461241 0.6449336 0.6813655 0.08029597 -0.7108138 0.6987821 -0.3643768 0.6326529 0.6833593 0.123822 -0.7040319 0.6992905 -0.3877592 0.6198192 0.6822515 -0.4033825 0.6085248 0.6833595 0.1677833 -0.6948671 0.6992915 -0.4259127 0.5942485 0.6822515 -0.4407961 0.5819956 0.6833594 0.2110834 -0.6829611 0.6992911 -0.4623856 0.5663325 0.6822515 -0.4764699 0.5531697 0.6833593 0.2538959 -0.6675218 0.6999654 -0.4950036 0.5355113 0.6842508 0.27442 -0.660065 0.6992911 -0.5136303 0.5203046 0.6822515 -0.5284787 0.5064098 0.6813659 0.2960187 -0.6512111 0.6987826 -0.5420439 0.4890896 0.6833593 0.3353196 -0.6313104 0.6992911 -0.5603157 0.4696589 0.6822513 -0.5716845 0.4540893 0.6833592 0.3742983 -0.6090104 0.6992905 -0.5887001 0.4335495 0.6822515 -0.5990687 0.4172977 0.6833589 0.4118001 -0.5843058 0.6992908 -0.6147611 0.3957285 0.6822519 -0.6240886 0.3788588 0.683359 0.4476755 -0.5572951 0.6992917 -0.6383953 0.3563476 0.6822521 -0.6466465 0.3389239 0.6833585 0.4817852 -0.5280867 0.6992908 -0.6595121 0.3155578 0.6822515 -0.6666505 0.2976531 0.6833591 0.5139941 -0.4967923 0.6992908 -0.6780244 0.2735246 0.6822517 -0.6840263 0.2552047 0.6833584 0.544071 -0.4626395 0.6999654 -0.6917594 0.2308021 0.6842509 0.5583347 -0.4453215 0.6999652 -0.6986685 0.2089594 0.6842502 0.5722038 -0.4284558 0.6992914 -0.7069596 0.1863885 0.6822518 -0.7126671 0.1668709 0.6813661 0.5862886 -0.4098406 0.6987822 -0.7155268 0.1450582 0.683359 0.6097449 -0.3718312 0.6999663 -0.7193481 0.1197463 0.6842509 0.6213921 -0.3533609 0.6992911 -0.724745 0.09631609 0.6822521 -0.7260024 0.0770772 0.6833592 0.6423542 -0.3136455 0.6992909 -0.7293633 0.05061745 0.6822515 -0.7294089 0.03133964 0.6833598 0.6607818 -0.2726913 0.6992905 -0.7311022 0.004720449 0.6822516 -0.7317768 -0.01560455 0.6813657 0.6697938 -0.2511571 0.6987821 -0.7309254 -0.03858584 0.6813658 0.6773519 -0.2299959 0.6987821 -0.7293531 -0.0615229 0.6813656 0.684242 -0.2086054 0.6987823 -0.7270599 -0.08440136 0.6813666 0.6904571 -0.1870076 0.6987828 -0.7223621 -0.1058937 0.6833591 0.7001742 -0.1440438 0.6992907 -0.719037 -0.1323561 0.6822519 -0.7158911 -0.152448 0.681366 0.7049922 -0.1212029 0.6987817 -0.7107488 -0.1748588 0.6813667 0.7084509 -0.09899914 0.6987823 -0.7049063 -0.1970974 0.6813662 0.7112115 -0.07669603 0.6987818 -0.6983672 -0.2191423 0.6813662 0.7132692 -0.05431711 0.6987823 -0.6897246 -0.2393742 0.6833595 0.7141121 -0.009666025 0.6999648 -0.6801286 -0.2631108 0.6842498 0.7140624 0.01276767 0.6999657 -0.6715284 -0.2843434 0.6842502 0.7139993 0.03460466 0.6992908 -0.6635304 -0.3070175 0.6822519 -0.6554865 -0.3256957 0.6813661 0.7129857 0.05792909 0.6987816 -0.643787 -0.3443243 0.6833587 0.7075732 0.1016454 0.6992914 -0.6316922 -0.3680994 0.6822521 -0.620896 -0.3840694 0.6833586 0.6997948 0.1458735 0.6992912 -0.6073336 -0.4070364 0.6822518 -0.5955536 -0.422299 0.683359 0.6892547 0.1895283 0.6992905 -0.5805759 -0.4443704 0.6822512 -0.568651 -0.4608433 0.681366 0.6831772 0.2120679 0.6987819 -0.5531692 -0.4764716 0.6833584 0.667522 0.2538953 0.6999655 -0.53551 -0.4950053 0.6842506 0.6600649 0.2744199 0.6992911 -0.5203042 -0.5136305 0.6822516 -0.5064093 -0.5284788 0.6813662 0.6512116 0.2960196 0.6987818 -0.48956 -0.5441246 0.681366 0.6415921 0.3163288 0.6987816 -0.4718226 -0.5571389 0.6833592 0.620467 0.3549833 0.6992908 -0.4518259 -0.5747921 0.6822516 -0.4359086 -0.5856666 0.6833581 0.5969532 0.3932428 0.6992903 -0.414842 -0.6020289 0.6822517 -0.3984111 -0.6140109 0.6813657 0.5842068 0.4128028 0.698782 -0.3788581 -0.6240899 0.6833582 0.5572952 0.4476763 0.6992912 -0.3563467 -0.6383956 0.6822522 -0.3388623 -0.6487784 0.6813655 0.5427682 0.4659481 0.6987812 -0.3183155 -0.6591023 0.6813659 0.5278635 0.4827666 0.6987822 -0.2976532 -0.6666511 0.6833586 0.4958887 0.513948 0.6999657 -0.2737808 -0.6759026 0.6842513 0.4795004 0.529271 0.6999654 -0.2524143 -0.6841696 0.6842508 0.4635385 0.5441737 0.6992905 -0.2304115 -0.6938609 0.6822519 -0.2112917 -0.7007826 0.681366 0.4458436 0.5593993 0.6987817 -0.1897018 -0.705006 0.6833593 0.4102703 0.5853805 0.6992911 -0.1640912 -0.7124654 0.6822515 -0.1450558 -0.7155271 0.6833593 0.3727042 0.6099864 0.6992912 -0.1190302 -0.7213628 0.6822519 -0.09984278 -0.723223 0.6833593 0.3336667 0.6321862 0.6992905 -0.0735023 -0.7274133 0.6822517 -0.05333077 -0.729997 0.6813665 0.3130767 0.6431846 0.6987823 -0.03037482 -0.7313126 0.6813659 0.2927194 0.6527015 0.6987819 -0.007389128 -0.7319054 0.6813663 0.2720732 0.6615737 0.6987822 0.01452404 -0.729938 0.683359 0.2306632 0.6765986 0.6992918 0.04119801 -0.7299558 0.6822516 0.06152164 -0.729353 0.6813659 0.2086061 0.6842418 0.6987823 0.08440142 -0.7270599 0.6813666 0.1870107 0.6904566 0.6987824 0.1058967 -0.7223628 0.6833578 0.144044 0.700174 0.6992909 0.1323612 -0.7190365 0.6822515 0.1524506 -0.7158906 0.6813659 0.1212021 0.7049924 0.6987817 0.1748626 -0.7107489 0.6813656 0.09899824 0.7084514 0.6987818 0.1971001 -0.7049059 0.6813658 0.07669603 0.7112113 0.698782 0.2191441 -0.6983668 0.681366 0.05431902 0.7132688 0.6987826 0.2409732 -0.6911383 0.6813662 0.03188782 0.7146237 0.6987819 0.2609239 -0.6818652 0.6833583 -0.01216268 0.7147334 0.6992913 0.2860254 -0.6728467 0.6822513 0.3049445 -0.665394 0.6813661 -0.03550505 0.7144529 0.6987821 0.3256968 -0.6554867 0.6813656 -0.05792915 0.7129856 0.6987816 0.3443256 -0.6437863 0.6833588 -0.1016457 0.7075729 0.6992915 0.3680984 -0.6316927 0.6822521 0.3840699 -0.6208956 0.6833586 -0.1458749 0.6997946 0.6992912 0.4070365 -0.6073336 0.6822516 0.4222977 -0.5955541 0.6833595 -0.1895278 0.6892535 0.6992917 0.4443708 -0.5805757 0.682251 0.4588618 -0.5678629 0.6833576 -0.2324325 0.6759931 0.6992914 0.4799464 -0.5515289 0.6822516 0.4956371 -0.538594 0.6813666 -0.2545461 0.6685132 0.6987822 0.5102645 -0.5221599 0.6833589 -0.2950174 0.65112 0.6992907 0.5297212 -0.5039138 0.682251 0.5441254 -0.4895594 0.6813657 -0.3163285 0.6415926 0.6987813 0.5592333 -0.4722273 0.6813659 -0.336325 0.6313391 0.6987822 0.5716848 -0.4540898 0.6833586 -0.3742983 0.60901 0.6992909 0.5887008 -0.4335493 0.6822511 0.6011906 -0.4175041 0.6813665 -0.3942484 0.596885 0.6987822 0.6118795 -0.3982751 0.6833596 -0.430047 0.5701825 0.6999654 0.6247524 -0.3761464 0.6842502 -0.4477458 0.5563927 0.6999649 0.6362602 -0.3563363 0.6842496 -0.46496 0.5429585 0.6992913 0.6492749 -0.3361192 0.6822507 0.6569728 -0.3184456 0.6833588 -0.4981358 0.5126922 0.6992908 0.669097 -0.2946895 0.6822517 0.6777871 -0.2763037 0.681367 -0.5149598 0.4965084 0.6987818 0.6861319 -0.2548772 0.6813668 -0.5303003 0.4800886 0.6987823 0.6917033 -0.2335937 0.6833599 -0.5584653 0.4462159 0.6992911 0.7007561 -0.2085012 0.6822524 0.7050074 -0.1896979 0.6833589 -0.5851947 0.409384 0.6999656 0.7104109 -0.1646749 0.6842504 -0.5979798 0.3916794 0.6992906 0.7172682 -0.1416299 0.6822516 0.7217393 -0.1217944 0.6813653 -0.6108675 0.372216 0.698782 0.7232232 -0.0998429 0.6833591 -0.6321855 0.3336658 0.6992915 0.7274132 -0.07349938 0.6822521 0.7280658 -0.05423384 0.6833586 -0.6518904 0.2933112 0.6992907 0.7305936 -0.02768248 0.6822513 0.7319052 -0.00739032 0.6813665 -0.6615742 0.272072 0.6987822 0.7317762 0.01560419 0.6813663 -0.6697934 0.2511593 0.6987817 0.7291222 0.03744477 0.6833584 -0.6835113 0.2092974 0.6992903 0.7283016 0.06410634 0.6822516 0.7270607 0.08440357 0.6813655 -0.6904578 0.1870077 0.6987819 0.7240507 0.1071975 0.6813659 -0.6959908 0.1652278 0.6987823 0.7186788 0.1285337 0.6833593 -0.7043524 0.1219793 0.6992916 0.7145243 0.1548797 0.6822517 0.7107495 0.1748608 0.6813654 -0.7084513 0.09899729 0.698782 0.7049055 0.1971004 0.6813662 -0.7112113 0.07669681 0.6987819 0.6983672 0.2191423 0.6813663 -0.7132693 0.05431711 0.6987822 0.6897248 0.2393728 0.6833596 -0.7147634 0.01029425 0.6992906 0.6815001 0.264745 0.6822519 0.6733326 0.2822117 0.6833593 -0.7139985 -0.03461027 0.6992912 0.6635301 0.3070197 0.6822513 0.6554864 0.3256978 0.6813653 -0.7129861 -0.05792903 0.6987811 0.6437861 0.3443263 0.6833586 -0.7075729 -0.1016449 0.6992918 0.6316917 0.3681003 0.6822521 0.6208957 0.3840698 0.6833587 -0.6997956 -0.1458727 0.6992906 0.6073341 0.4070355 0.6822517 0.5955536 0.4222987 0.6833592 -0.688453 -0.1899491 0.6999656 0.5797172 0.4424136 0.6842502 -0.6829618 -0.2110829 0.6992906 0.5663337 0.4623846 0.6822512 0.5531708 0.4764686 0.6833593 -0.6683581 -0.2535521 0.6992917 0.5361818 0.4970326 0.682252 0.5227585 0.5123121 0.6813663 -0.6601877 -0.2754194 0.698782 0.5058737 0.5264147 0.683359 -0.6415324 -0.3153237 0.6992905 0.4870246 0.5452895 0.682251 0.4722246 0.5592356 0.6813659 -0.6313394 -0.3363255 0.6987817 0.4540908 0.5716842 0.6833585 -0.6090102 -0.3742965 0.6992917 0.4335504 0.5886991 0.6822518 0.4175045 0.6011906 0.6813662 -0.5968853 -0.3942487 0.6987818 0.3984152 0.6140086 0.6813654 -0.5842077 -0.4128023 0.6987817 0.3789306 0.6262207 0.6813658 -0.5709538 -0.4309481 0.6987814 0.3590726 0.6378142 0.6813662 -0.5571346 -0.44867 0.6987821 0.3389213 0.6466472 0.6833593 -0.5280854 -0.4817862 0.699291 0.3155561 0.6595123 0.6822522 0.2974575 0.668775 0.6813656 -0.5124391 -0.4991093 0.6987818 0.2763058 0.6777877 0.6813656 -0.49651 -0.5149586 0.6987814 0.2552033 0.6840259 0.6833593 -0.4635382 -0.5441734 0.6992908 0.2304078 0.6938628 0.6822512 0.2117503 0.6987003 0.6833591 -0.4284552 -0.5722057 0.6992903 0.1863873 0.7069602 0.6822515 0.1668707 0.7126673 0.681366 -0.4098386 -0.5862905 0.6987816 0.1444057 0.7175564 0.6813662 -0.3912197 -0.5988746 0.6987822 0.1217918 0.7217391 0.6813659 -0.3722157 -0.6108682 0.6987815 0.09906017 0.7252088 0.6813657 -0.3528436 -0.6222571 0.6987829 0.07623434 0.727962 0.681366 -0.3331241 -0.6330341 0.698782 0.05423486 0.728065 0.6833593 -0.2933133 -0.651889 0.6992912 0.02768218 0.7305931 0.6822518 0.008410334 0.7300341 0.6833591 -0.2518023 -0.6690208 0.6992903 -0.01824778 0.7308906 0.6822507 -0.03858405 0.730925 0.6813662 -0.229997 -0.6773516 0.698782 -0.0615229 0.7293531 0.6813656 -0.2086061 -0.6842418 0.6987823 -0.08440232 0.72706 0.6813663 -0.1870101 -0.6904569 0.6987822 -0.1058941 0.7223619 0.6833591 -0.1440429 -0.7001743 0.6992908 -0.1323592 0.7190368 0.6822516 -0.1524518 0.7158907 0.6813657 -0.121202 -0.7049919 0.6987822 -0.1748615 0.7107487 0.6813662 -0.09899866 -0.7084512 0.698782 -0.1970987 0.7049062 0.6813658 -0.07669758 -0.7112123 0.6987808 -0.219143 0.6983665 0.6813667 -0.05432057 -0.7132694 0.6987818 -0.2409733 0.6911383 0.6813662 -0.03188836 -0.7146238 0.6987819 -0.2625631 0.6832282 0.6813663 -0.009425699 -0.7152729 0.6987817 -0.2838947 0.6746443 0.6813654 0.01304578 -0.7152156 0.6987822 -0.304943 0.6653941 0.6813666 0.03550463 -0.714453 0.6987822 -0.3239286 0.6542843 0.6833611 0.07937073 -0.710417 0.6992911 -0.3480727 0.6429441 0.6822524 -0.3643757 0.6326524 0.6833603 0.1238207 -0.7040321 0.6992906 -0.3877567 0.6198196 0.6822525 -0.4033789 0.6085253 0.6833612 0.1677831 -0.694868 0.6992906 -0.4259059 0.5942497 0.6822547 -0.4407945 0.5819963 0.6833599 0.2114799 -0.6821469 0.6999657 -0.4604057 0.5655339 0.68425 0.2324317 -0.6759936 0.6992912 -0.4799445 0.5515288 0.6822531 -0.4936075 0.5379308 0.683361 0.2744202 -0.6600657 0.6992903 -0.5136279 0.5203054 0.6822527 -0.5264101 0.5058754 0.6833612 0.3155874 -0.6406657 0.6999658 -0.5432037 0.4865511 0.6842499 0.3353205 -0.6313108 0.6992902 -0.5603201 0.4696572 0.6822489 -0.5716896 0.4540883 0.6833555 0.3743008 -0.609009 0.6992903 -0.5887027 0.4335487 0.6822498 -0.6011908 0.4175018 0.6813677 0.3942481 -0.5968856 0.6987819 -0.6140118 0.3984122 0.6813644 0.4128009 -0.584208 0.6987822 -0.6240932 0.3788574 0.6833556 0.4477471 -0.5563915 0.699965 -0.6362611 0.3563354 0.6842493 0.4649605 -0.5429583 0.6992912 -0.6492744 0.3361187 0.6822515 -0.6569736 0.3184456 0.683358 0.4981369 -0.512691 0.6992908 -0.6690974 0.2946873 0.6822522 -0.6756696 0.2765657 0.6833609 0.5293442 -0.4804019 0.6992917 -0.6862797 0.2520929 0.6822532 -0.6917025 0.2335933 0.6833608 0.5584658 -0.4462157 0.6992908 -0.7007547 0.2085014 0.6822537 -0.7070744 0.189173 0.6813659 0.5731297 -0.4280508 0.6987811 -0.7126682 0.1668699 0.6813652 0.586291 -0.409838 0.6987816 -0.7155244 0.1450566 0.6833618 0.609985 -0.3727058 0.6992916 -0.7213608 0.119033 0.6822535 -0.7232238 0.09984314 0.6833584 0.6321866 -0.3336656 0.6992907 -0.7274129 0.07349991 0.6822523 -0.7299966 0.05333036 0.6813669 0.6431857 -0.3130739 0.6987825 -0.7313133 0.03037494 0.681365 0.6527023 -0.2927178 0.6987818 -0.7319053 0.007391035 0.6813663 0.6615732 -0.2720742 0.6987823 -0.7299369 -0.01452422 0.6833602 0.676598 -0.2306644 0.6992919 -0.7299554 -0.04120063 0.6822519 -0.7293531 -0.06152415 0.6813655 0.684242 -0.2086054 0.6987823 -0.7270599 -0.08440065 0.6813667 0.6904568 -0.1870092 0.6987826 -0.7240503 -0.1071951 0.6813666 0.6959905 -0.16523 0.698782 -0.7186793 -0.128531 0.6833593 0.7043524 -0.1219804 0.6992914 -0.7145247 -0.154877 0.6822519 -0.710749 -0.1748587 0.6813665 0.7084512 -0.09899699 0.6987822 -0.7049061 -0.1970974 0.6813663 0.7112115 -0.07669466 0.698782 -0.6983676 -0.2191397 0.6813666 0.7132692 -0.05431824 0.6987822 -0.6911388 -0.2409706 0.6813666 0.7146241 -0.03188759 0.6987815 -0.6818649 -0.2609227 0.6833592 0.7147336 0.01216167 0.6992911 -0.6728466 -0.286024 0.6822519 -0.6641345 -0.3032234 0.68336 0.7125591 0.05701678 0.6992916 -0.653559 -0.3277087 0.6822518 -0.6437854 -0.3443261 0.6833594 0.7075728 0.1016493 0.6992912 -0.6316923 -0.3680994 0.6822519 -0.6219279 -0.3859361 0.6813656 0.7043692 0.1247726 0.6987818 -0.6094977 -0.4052818 0.6813657 0.700103 0.1468335 0.6987817 -0.595553 -0.4222982 0.68336 0.6884537 0.1899482 0.6999652 -0.5797169 -0.4424145 0.6842499 0.6829617 0.2110793 0.6992918 -0.5663302 -0.4623885 0.6822515 -0.553169 -0.4764698 0.6833599 0.6675223 0.2538958 0.699965 -0.5355136 -0.4950025 0.6842499 0.6600655 0.2744206 0.6992902 -0.5203068 -0.5136291 0.6822507 -0.5064101 -0.5284785 0.6813659 0.6512112 0.2960198 0.698782 -0.4895616 -0.5441232 0.6813658 0.6415925 0.3163291 0.6987811 -0.4718244 -0.5571386 0.6833581 0.6204662 0.3549848 0.6992908 -0.4518289 -0.5747907 0.6822509 -0.4361831 -0.5877802 0.6813654 0.6089756 0.3753051 0.6987809 -0.4175053 -0.6011914 0.6813651 0.5968861 0.3942478 0.6987816 -0.3984129 -0.6140099 0.6813656 0.5842084 0.4128003 0.6987822 -0.3788512 -0.6240916 0.6833605 0.556391 0.447746 0.6999661 -0.3563354 -0.6362599 0.6842503 0.5429591 0.4649598 0.6992909 -0.336122 -0.6492726 0.6822516 -0.3183135 -0.6591025 0.6813666 0.5278622 0.4827671 0.6987828 -0.2974522 -0.6687767 0.6813662 0.5124383 0.4991098 0.6987822 -0.2765665 -0.6756708 0.6833593 0.4794992 0.529273 0.6999647 -0.2524192 -0.6841683 0.6842501 0.4635376 0.5441735 0.6992911 -0.2304103 -0.693861 0.6822522 -0.2117465 -0.6987012 0.6833594 0.4275617 0.572048 0.6999658 -0.1869048 -0.7048886 0.6842505 0.4093831 0.5851955 0.6999656 -0.1646766 -0.7104098 0.6842511 0.3916802 0.597979 0.699291 -0.1416306 -0.7172679 0.6822518 -0.1225088 -0.7197305 0.6833591 0.3524962 0.6211239 0.6999654 -0.09708523 -0.7227572 0.6842489 0.3336672 0.6321853 0.6992911 -0.07349669 -0.7274138 0.6822517 -0.05423343 -0.7280656 0.6833588 0.2933106 0.6518898 0.6992917 -0.02767461 -0.730594 0.6822512 -0.007381021 -0.7319064 0.6813653 0.2720718 0.6615743 0.6987822 0.01560658 -0.7317772 0.6813653 0.2511573 0.6697937 0.6987822 0.03744858 -0.7291216 0.6833588 0.2092954 0.6835108 0.6992914 0.06411075 -0.728302 0.6822508 0.0844013 -0.7270604 0.681366 0.1870108 0.6904576 0.6987813 0.1058849 -0.7223613 0.6833612 0.144044 0.7001739 0.699291 0.1323548 -0.7190362 0.6822531 0.1524593 -0.7158923 0.6813622 0.121201 0.7049925 0.6987817 0.174864 -0.710748 0.6813662 0.09899842 0.7084507 0.6987825 0.1970966 -0.7049059 0.6813668 0.07669758 0.7112115 0.6987816 0.2191429 -0.6983669 0.6813663 0.05432051 0.7132691 0.6987822 0.2393752 -0.6897243 0.6833593 0.009663701 0.7141118 0.6999651 0.2631087 -0.6801286 0.6842507 -0.01276904 0.7140623 0.6999657 0.2843399 -0.6715291 0.6842512 -0.03460329 0.7139994 0.6992908 0.3070139 -0.6635309 0.6822531 0.3256959 -0.6554865 0.681366 -0.05792909 0.7129857 0.6987815 0.3443304 -0.6437865 0.6833561 -0.1016481 0.7075726 0.6992916 0.3681053 -0.6316919 0.6822492 0.3840752 -0.6208948 0.6833564 -0.1458765 0.6997936 0.6992918 0.4070411 -0.6073328 0.6822495 0.422296 -0.5955544 0.6833602 -0.1899464 0.6884542 0.6999651 0.4424075 -0.579719 0.6842526 -0.2114772 0.6821473 0.6999661 0.4604017 -0.5655352 0.6842516 -0.2324293 0.6759934 0.6992923 0.4799407 -0.5515297 0.682255 0.4956343 -0.5385947 0.6813681 -0.2545434 0.6685137 0.6987826 0.512308 -0.52276 0.6813682 -0.2754162 0.6601889 0.6987823 0.526413 -0.5058748 0.6833594 -0.3153226 0.6415326 0.6992908 0.5452865 -0.4870268 0.682252 0.5592284 -0.4722279 0.6813695 -0.3363263 0.631339 0.6987816 0.571688 -0.4540891 0.6833564 -0.3742997 0.6090086 0.6992914 0.5887048 -0.4335481 0.6822484 0.6011922 -0.417502 0.6813663 -0.3942498 0.5968854 0.6987811 0.6140116 -0.398412 0.6813646 -0.4128019 0.5842074 0.6987821 0.62622 -0.37893 0.6813668 -0.4309474 0.5709533 0.6987823 0.6378124 -0.3590738 0.6813674 -0.4486696 0.5571346 0.6987823 0.6487771 -0.3388628 0.6813665 -0.4659494 0.5427663 0.6987817 0.656973 -0.3184455 0.6833586 -0.4981338 0.5126931 0.6992915 0.6690959 -0.2946885 0.6822532 0.6777861 -0.2763042 0.6813677 -0.5149588 0.4965089 0.6987821 0.6840291 -0.2552045 0.6833556 -0.5441737 0.4635384 0.6992905 0.6938635 -0.2304117 0.6822493 0.6986995 -0.2117513 0.6833597 -0.5720472 0.4275637 0.6999652 0.7048869 -0.1869106 0.6842507 -0.5853799 0.4102711 0.6992911 0.7124635 -0.1640907 0.6822537 0.7155264 -0.1450572 0.6833598 -0.6099873 0.3727045 0.6992903 0.7213618 -0.119029 0.6822531 0.7252095 -0.09905773 0.6813655 -0.6222568 0.3528459 0.698782 0.7279647 -0.0762301 0.6813636 -0.6330347 0.3331241 0.6987814 0.7280671 -0.0542342 0.6833571 -0.6518887 0.2933125 0.6992917 0.7305921 -0.02768343 0.6822528 0.7300328 -0.008412361 0.6833604 -0.6690208 0.2518031 0.6992899 0.7308906 0.01824826 0.6822507 0.7291223 0.03744369 0.6833584 -0.683511 0.209297 0.6992908 0.7283021 0.06410491 0.6822512 0.72706 0.08440178 0.6813664 -0.6904578 0.1870089 0.6987816 0.7240504 0.1071949 0.6813665 -0.6959903 0.1652301 0.6987822 0.7203257 0.1298878 0.6813664 -0.7008374 0.1432874 0.6987816 0.7142876 0.1510404 0.6833593 -0.7078367 0.09979474 0.6992912 0.709307 0.1772436 0.6822524 0.7049061 0.1970973 0.6813663 -0.7112115 0.0766946 0.6987819 0.6969029 0.2175905 0.6833599 -0.7140868 0.03273773 0.6992914 0.6894794 0.2432085 0.6822521 0.6832282 0.2625617 0.6813667 -0.7152727 0.009423971 0.6987819 0.6746445 0.2838943 0.6813655 -0.7152159 -0.01304811 0.6987819 0.6653931 0.3049469 0.6813659 -0.7144531 -0.0355069 0.6987819 0.6542841 0.323936 0.6833577 -0.710418 -0.07936972 0.6992902 0.6429442 0.3480755 0.682251 0.6326531 0.3643779 0.6833586 -0.7032732 -0.1243192 0.6999654 0.6187809 0.3858916 0.6842499 -0.699795 -0.1458747 0.6992908 0.6073322 0.4070374 0.6822523 0.5964674 0.4242258 0.6813656 -0.6951453 -0.1687523 0.6987816 0.5819966 0.4407978 0.6833574 -0.6821472 -0.2114797 0.6999655 0.5655341 0.4604049 0.6842504 -0.6759936 -0.2324342 0.6992904 0.5515278 0.4799467 0.6822524 0.5379315 0.4936101 0.6833586 -0.6600646 -0.274421 0.699291 0.5203062 0.5136296 0.6822509 0.50641 0.5284786 0.6813658 -0.6512112 -0.2960185 0.6987826 0.4890871 0.5420448 0.6833603 -0.6304358 -0.3355579 0.6999654 0.4692443 0.5582203 0.6842514 -0.6204661 -0.3549847 0.6992909 0.4518248 0.5747921 0.6822525 0.435904 0.5856683 0.6833597 -0.5969519 -0.3932442 0.6992908 0.4148443 0.6020277 0.6822513 0.3984199 0.6140064 0.6813647 -0.5842087 -0.4128009 0.6987817 0.3788516 0.6240918 0.68336 -0.5572944 -0.4476767 0.6992915 0.3563422 0.638398 0.6822524 0.3388649 0.6487766 0.681366 -0.542767 -0.465949 0.6987814 0.3183142 0.6591032 0.6813656 -0.5278627 -0.4827681 0.6987817 0.2976473 0.6666529 0.6833594 -0.4967886 -0.5139955 0.6992923 0.2735213 0.6780254 0.6822519 0.2548754 0.6861339 0.6813655 -0.4800869 -0.5303019 0.6987822 0.2332022 0.6937999 0.6813652 -0.463194 -0.5451197 0.6987817 0.2117477 0.6987005 0.6833598 -0.4284538 -0.5722067 0.6992903 0.1863854 0.7069605 0.6822517 0.1668732 0.7126681 0.6813645 -0.4098409 -0.5862895 0.6987811 0.1450534 0.7155276 0.6833592 -0.3727062 -0.6099863 0.6992903 0.1190314 0.7213627 0.6822518 0.09984809 0.7232229 0.6833586 -0.3336662 -0.6321855 0.6992914 0.07350009 0.7274134 0.6822518 0.05333036 0.7299974 0.6813661 -0.3130751 -0.6431847 0.6987828 0.03037106 0.7313141 0.6813644 -0.2927187 -0.6527017 0.698782 0.007384598 0.7319046 0.6813672 -0.2720718 -0.6615734 0.698783 -0.01452225 0.7299391 0.6833579 -0.2306645 -0.6765975 0.6992924 -0.0411942 0.7299541 0.6822537 -0.06151556 0.7293537 0.6813656 -0.208608 -0.6842423 0.6987813 -0.08439832 0.7270582 0.6813687 -0.187011 -0.6904559 0.6987829 -0.107195 0.7240518 0.681365 -0.16523 -0.6959909 0.6987817 -0.1285326 0.7186778 0.6833606 -0.1219818 -0.7043527 0.6992908 -0.1548771 0.7145258 0.6822507 -0.1748573 0.7107473 0.6813687 -0.09899955 -0.7084501 0.6987829 0.5001847 0.5621613 0.6586274 0.09899848 -0.7084512 -0.698782 0.1212023 -0.7049921 -0.698782 -0.03123933 -0.7139927 0.6994559 0.1440438 -0.7001743 -0.6992907 0.1644741 -0.6954928 -0.6994556 0.187011 -0.6904569 -0.6987819 0.03609287 -0.7137641 0.6994556 0.2092979 -0.683511 -0.6992905 0.2298644 -0.6761734 -0.6999657 0.2503462 -0.6693941 -0.6994558 0.1031031 -0.7071998 0.6994558 0.272693 -0.6607809 -0.6992905 0.2918844 -0.6523538 -0.6994556 0.1473049 -0.6993305 0.6994557 0.3136454 -0.6423535 -0.6992915 0.3322702 -0.6327393 -0.6994552 0.1909263 -0.6887013 0.6994553 0.3533604 -0.6213922 -0.6992912 0.3713436 -0.6106277 -0.6994554 0.2337915 -0.6753545 0.6994554 0.3912209 -0.5988743 -0.6987817 0.4102705 -0.5853804 -0.6992911 0.4275625 -0.5720469 -0.6999662 0.4449478 -0.5592709 -0.6994552 0.3165947 -0.6407263 0.6994552 0.4635394 -0.5441721 -0.6992911 0.4791863 -0.5302287 -0.6994555 0.3561997 -0.6195835 0.6994556 0.4967921 -0.5139946 -0.6992905 0.5115343 -0.4990939 -0.6994555 0.3944018 -0.5959944 0.6994554 0.5280869 -0.4817852 -0.6992906 0.5418636 -0.4659891 -0.6994555 0.4310474 -0.5700528 0.6994554 0.557296 -0.4476746 -0.6992916 0.5700533 -0.4310465 -0.6994557 0.4659888 -0.541864 0.6994555 0.5843057 -0.4118002 -0.6992906 0.5959943 -0.3944018 -0.6994556 0.4990943 -0.5115338 0.6994556 0.6089755 -0.3753028 -0.6987823 0.6204636 -0.3559908 -0.6987814 0.5302277 -0.4791871 0.6994558 0.631339 -0.336326 -0.6987818 0.641592 -0.3163287 -0.6987818 0.65112 -0.2950159 -0.6992913 0.6592168 -0.2747384 -0.6999658 0.6676766 -0.2548919 -0.6994555 0.5986617 -0.3903412 0.6994554 0.6761789 -0.2334203 -0.6987826 0.682961 -0.2110834 -0.6992912 0.6887015 -0.1909256 -0.6994554 0.6327397 -0.3322688 0.6994554 0.6948677 -0.1677832 -0.6992908 0.6993307 -0.1473043 -0.6994556 0.6523535 -0.2918848 0.6994556 0.7040318 -0.1238238 -0.6992902 0.7071994 -0.1031042 -0.6994559 0.7104173 -0.07937145 -0.6992907 0.7122781 -0.05849534 -0.6994556 0.7144525 -0.03550565 -0.6987826 0.7152159 -0.01304507 -0.6987819 0.6954931 -0.164472 0.6994557 0.7147634 0.01029413 -0.6992906 0.7134553 0.03209102 -0.6999655 0.7126594 0.05365061 -0.6994557 0.7112114 0.07669717 -0.6987818 0.7084511 0.09899771 -0.6987822 0.7049922 0.1212013 -0.698782 0.7139927 -0.03123724 0.699456 0.7008377 0.1432865 -0.6987815 0.6959902 0.1652311 -0.6987821 0.6897472 0.1877264 -0.6992908 0.6830602 0.2085131 -0.6999651 0.6769272 0.229198 -0.6994554 0.7100898 0.08083766 0.6994554 0.6690191 0.2518033 -0.6992916 0.6612004 0.2712497 -0.6994553 0.7036122 0.1252677 0.6994555 0.651889 0.2933133 -0.6992911 0.642864 0.3122304 -0.6994556 0.6943588 0.1691975 0.6994555 0.6330332 0.3331262 -0.6987818 0.6222575 0.3528447 -0.698782 0.610868 0.372216 -0.6987815 0.6753537 0.2337926 0.6994559 0.5988739 0.3912209 -0.6987821 0.5853798 0.4102716 -0.6992909 0.5720472 0.4275631 -0.6999655 0.5583349 0.445321 -0.6999653 0.5450178 0.4622961 -0.6994555 0.6304659 0.336563 0.6994557 0.5293431 0.4804043 -0.6992908 0.5149134 0.4956066 -0.6994557 0.6080901 0.3754846 0.6994554 0.4981352 0.5126934 -0.6992902 0.4817974 0.5271809 -0.6999655 0.4659895 0.5418634 -0.6994554 0.5700523 0.431048 0.6994554 0.4476757 0.5572959 -0.6992909 0.4300478 0.5701825 -0.699965 0.4129279 0.5833115 -0.6994557 0.3942472 0.5968858 -0.6987822 0.5115341 0.499094 0.6994556 0.3753038 0.6089752 -0.6987821 0.3559902 0.6204636 -0.6987818 0.3363254 0.6313393 -0.6987817 0.3153243 0.6415318 -0.6992908 0.2963122 0.6503547 -0.6994555 0.4271611 0.5729709 0.6994553 0.27442 0.6600649 -0.6992911 0.2548911 0.6676772 -0.6994553 0.3903412 0.5986616 0.6994555 0.2324318 0.6759937 -0.6992911 0.2124645 0.6823643 -0.6994554 0.3519802 0.6219903 0.6994556 0.1895284 0.6892547 -0.6992903 0.1682314 0.6940794 -0.6999658 0.1463454 0.6990216 -0.6999656 0.125265 0.7036124 -0.6994558 0.1025837 0.7079411 -0.6987817 0.2503455 0.6693947 0.6994554 0.07937067 0.7104166 -0.6992915 0.05849486 0.7122781 -0.6994557 0.03460651 0.7139981 -0.6992919 0.01365327 0.7145455 -0.6994558 0.1644751 0.6954928 0.6994554 -0.01029497 0.7147637 -0.6992903 -0.03123939 0.7139928 -0.6994559 -0.05431896 0.7132691 -0.6987823 -0.07669657 0.7112114 -0.6987818 -0.09899824 0.7084521 -0.6987811 -0.1212026 0.7049925 -0.6987815 -0.1432868 0.7008377 -0.6987814 0.008796334 0.7146219 0.6994557 -0.1652298 0.6959903 -0.6987823 -0.1877242 0.6897473 -0.6992913 -0.2085121 0.6830599 -0.6999656 -0.2291972 0.6769276 -0.6994553 -0.08083897 0.7100894 0.6994556 -0.2518028 0.6690192 -0.6992917 -0.2712492 0.6612007 -0.6994553 -0.1252655 0.7036127 0.6994553 -0.2933136 0.6518887 -0.6992913 -0.312231 0.6428639 -0.6994554 -0.1691999 0.6943584 0.6994554 -0.3336679 0.6321843 -0.6992916 -0.35198 0.6219905 -0.6994555 -0.2124644 0.6823642 0.6994555 -0.3727049 0.6099859 -0.6992913 -0.3908005 0.5977647 -0.6999659 -0.408953 0.5861052 -0.6994556 -0.2757382 0.6593409 0.6994557 -0.4284554 0.5722049 -0.6992908 -0.444948 0.5592702 -0.6994557 -0.4635391 0.5441731 -0.6992905 -0.4791861 0.5302287 -0.6994557 -0.3562004 0.6195832 0.6994555 -0.4965084 0.5149591 -0.6987823 -0.5124394 0.4991096 -0.6987815 -0.5278632 0.4827678 -0.6987817 -0.4129282 0.5833111 0.6994559 -0.5427668 0.4659484 -0.698782 -0.5571349 0.4486703 -0.6987816 -0.5710822 0.4299495 -0.6992915 -0.5833125 0.4129269 -0.6994555 -0.4827802 0.526959 0.6994552 -0.5969525 0.3932427 -0.6992911 -0.6080884 0.3754867 -0.6994557 -0.6204659 0.3549852 -0.6992908 -0.6304659 0.3365632 -0.6994556 -0.5450189 0.4622949 0.6994554 -0.6415318 0.3153248 -0.6992906 -0.6503547 0.296312 -0.6994555 -0.5729712 0.4271606 0.6994554 -0.6601887 0.2754172 -0.698782 -0.6685134 0.2545458 -0.698782 -0.6759934 0.2324349 -0.6992904 -0.6823633 0.2124666 -0.6994557 -0.6219906 0.3519795 0.6994556 -0.6892539 0.1895277 -0.6992913 -0.6943587 0.169198 -0.6994556 -0.6428644 0.3122293 0.6994556 -0.6997951 0.1458749 -0.6992907 -0.7036123 0.1252647 -0.6994558 -0.7075735 0.1016466 -0.6992908 -0.7100895 0.08083647 -0.6994559 -0.6769276 0.2291966 0.6994555 -0.7129859 0.05792838 -0.6987814 -0.7139992 0.03460878 -0.6992907 -0.714062 0.01277172 -0.699966 -0.7146221 -0.008797645 -0.6994554 -0.7003161 0.1425464 0.6994555 -0.7140865 -0.03274005 -0.6992915 -0.7120949 -0.05448555 -0.699966 -0.7106226 -0.07601082 -0.6994555 -0.7084511 -0.09899771 -0.6987822 -0.7049922 -0.1212013 -0.698782 -0.7139928 0.03123724 0.699456 -0.7001742 -0.1440436 -0.6992907 -0.6954932 -0.1644731 -0.6994553 -0.7145457 -0.01365709 0.6994555 -0.6897474 -0.1877245 -0.6992912 -0.6830607 -0.2085123 -0.6999649 -0.6769272 -0.229199 -0.6994552 -0.7100897 -0.08083719 0.6994556 -0.6690186 -0.2518029 -0.6992921 -0.6612002 -0.2712498 -0.6994554 -0.7036126 -0.1252663 0.6994552 -0.6518884 -0.2933152 -0.6992909 -0.6428631 -0.3122323 -0.6994556 -0.694359 -0.1691975 0.6994555 -0.6330329 -0.3331262 -0.698782 -0.6213929 -0.35336 -0.6992908 -0.6106275 -0.371344 -0.6994554 -0.675354 -0.2337926 0.6994556 -0.5979784 -0.3916799 -0.6992917 -0.5851957 -0.4093828 -0.6999655 -0.572971 -0.4271604 -0.6994557 -0.6503548 -0.2963112 0.6994557 -0.558464 -0.4462177 -0.6992909 -0.5450177 -0.4622961 -0.6994555 -0.5303008 -0.480089 -0.6987817 -0.6195831 -0.3562004 0.6994555 -0.5139922 -0.4967926 -0.699292 -0.4990937 -0.511534 -0.6994558 -0.4827675 -0.5278635 -0.6987815 -0.4659487 -0.5427669 -0.6987817 -0.4486699 -0.5571346 -0.6987821 -0.4309489 -0.5709529 -0.6987818 -0.5418627 -0.4659897 0.6994559 -0.4128017 -0.5842077 -0.698782 -0.3932432 -0.5969523 -0.6992909 -0.3744799 -0.6081229 -0.6999653 -0.3562 -0.6195836 -0.6994554 -0.4791862 -0.5302287 0.6994556 -0.3353183 -0.6313115 -0.6992907 -0.316594 -0.6407266 -0.6994553 -0.444948 -0.55927 0.6994557 -0.2960204 -0.6512112 -0.6987818 -0.2744196 -0.6600655 -0.6992907 -0.2538954 -0.6675221 -0.6999654 -0.2337931 -0.6753536 -0.6994558 -0.2110835 -0.6829602 -0.699292 -0.1899495 -0.6884532 -0.6999654 -0.169198 -0.6943585 -0.6994557 -0.3122302 -0.642864 0.6994557 -0.1458745 -0.6997947 -0.6992912 -0.1252655 -0.7036125 -0.6994556 -0.2712475 -0.6612008 0.6994557 -0.101645 -0.7075741 -0.6992906 -0.0799126 -0.7096918 -0.6999654 -0.0584945 -0.7122784 -0.6994554 -0.03460621 -0.7139986 -0.6992915 -0.01365333 -0.7145457 -0.6994555 -0.1644735 -0.6954928 0.6994557 0.009426712 -0.7152727 -0.6987819 0.03273987 -0.7140874 -0.6992905 0.05448496 -0.7120957 -0.6999651 0.07600885 -0.7106232 -0.699455 0.09899818 -0.7084517 -0.6987815 0.1212016 -0.7049921 -0.698782 0.1432865 -0.7008374 -0.6987818 0.1652303 -0.6959902 -0.6987823 0.1877243 -0.6897473 -0.6992912 0.207821 -0.6837926 -0.6994556 0.05849319 -0.7122783 0.6994556 0.2306643 -0.6765989 -0.6992911 0.2503461 -0.6693942 -0.6994557 0.1031022 -0.7071999 0.6994557 0.2726922 -0.660781 -0.6992907 0.2918848 -0.6523537 -0.6994556 0.1473034 -0.6993307 0.6994558 0.313647 -0.6423543 -0.69929 0.3322702 -0.6327384 -0.6994561 0.1909238 -0.6887017 0.6994556 0.3528456 -0.6222575 -0.6987816 0.3727038 -0.6099866 -0.6992913 0.3903407 -0.5986621 -0.6994554 0.2548904 -0.6676772 0.6994556 0.4102705 -0.5853817 -0.6992899 0.4271612 -0.5729708 -0.6994554 0.29631 -0.6503551 0.6994559 0.4458439 -0.5593985 -0.6987822 0.463539 -0.544173 -0.6992906 0.4791866 -0.5302283 -0.6994557 0.356202 -0.6195824 0.6994555 0.4965088 -0.5149593 -0.6987817 0.5126934 -0.4981353 -0.6992902 0.5269596 -0.4827798 -0.699455 0.5427671 -0.4659476 -0.6987823 0.4310477 -0.5700528 0.6994553 0.5571344 -0.4486696 -0.6987825 0.5710818 -0.4299498 -0.6992918 0.5833111 -0.4129287 -0.6994556 0.4827813 -0.5269577 0.6994555 0.5968846 -0.3942479 -0.6987828 0.6089745 -0.3753053 -0.6987819 0.5149155 -0.4956039 0.6994561 0.620467 -0.3549842 -0.6992903 0.6304658 -0.3365641 -0.6994553 0.545018 -0.4622952 0.6994559 0.6415318 -0.315325 -0.6992905 0.6503549 -0.2963114 -0.6994555 0.6600657 -0.2744195 -0.6992905 0.6676778 -0.2548909 -0.6994548 0.5986618 -0.3903406 0.6994558 0.6759943 -0.2324315 -0.6992906 0.682365 -0.2124624 -0.6994554 0.6219897 -0.3519819 0.6994552 0.6892555 -0.1895276 -0.6992897 0.6940795 -0.1682323 -0.6999654 0.699022 -0.1463452 -0.6999652 0.7036124 -0.1252639 -0.699456 0.7079413 -0.1025822 -0.6987819 0.6693936 -0.2503473 0.6994558 0.7104166 -0.07937055 -0.6992915 0.7122783 -0.05849534 -0.6994554 0.7139984 -0.0346058 -0.6992915 0.7140626 -0.01277083 -0.6999654 0.7146219 0.008797645 -0.6994556 0.7003161 -0.1425464 0.6994554 0.7140864 0.03274214 -0.6992915 0.712095 0.05448615 -0.6999657 0.7106224 0.07600885 -0.6994558 0.707837 0.09979575 -0.6992908 0.7044473 0.1204802 -0.699456 0.7008374 0.1432882 -0.6987814 0.7146219 -0.008796751 0.6994557 0.6959903 0.1652303 -0.6987822 0.6904572 0.187011 -0.6987817 0.7137638 0.03609377 0.6994559 0.6835103 0.2092992 -0.6992908 0.6769282 0.2291957 -0.6994553 0.7100896 0.08083689 0.6994556 0.6690202 0.2518019 -0.6992909 0.6604058 0.2718682 -0.6999657 0.6523533 0.2918844 -0.699456 0.643185 0.313077 -0.6987818 0.6943578 0.1691993 0.6994562 0.6330332 0.3331266 -0.6987817 0.6213918 0.3533614 -0.6992911 0.6106275 0.3713441 -0.6994553 0.6753546 0.2337912 0.6994554 0.5988742 0.3912214 -0.6987816 0.585381 0.4102697 -0.6992911 0.5729703 0.4271607 -0.699456 0.5584636 0.4462178 -0.6992911 0.5450176 0.4622955 -0.699456 0.6304658 0.3365649 0.6994549 0.5293436 0.4804021 -0.699292 0.5149144 0.4956046 -0.6994564 0.4991097 0.5124388 -0.6987818 0.4817863 0.5280865 -0.6992902 0.4659903 0.5418633 -0.6994549 0.5700527 0.4310463 0.6994563 0.4486687 0.5571361 -0.6987817 0.4299488 0.5710832 -0.6992912 0.4119244 0.583409 -0.6999658 0.3933956 0.5960606 -0.6999655 0.3754847 0.6080895 -0.6994558 0.4956051 0.5149154 0.6994553 0.3559899 0.6204643 -0.6987813 0.3353198 0.6313104 -0.699291 0.3165954 0.6407257 -0.6994555 0.4449465 0.5592709 0.699456 0.2960205 0.6512113 -0.6987816 0.2754184 0.6601883 -0.6987819 0.2535529 0.6683589 -0.6992906 0.2337955 0.6753532 -0.6994553 0.3713434 0.6106274 0.6994557 0.2120662 0.6831772 -0.6987825 0.1895256 0.6892555 -0.6992903 0.1692 0.6943582 -0.6994556 0.3122285 0.6428642 0.6994562 0.1468338 0.7001028 -0.6987819 0.1247695 0.7043694 -0.6987821 0.1025831 0.7079412 -0.6987817 0.08029329 0.7108143 -0.6987819 0.2291926 0.6769284 0.6994561 0.05792582 0.7129855 -0.698782 0.03460419 0.7139999 -0.6992902 0.01365238 0.7145457 -0.6994556 0.1644756 0.6954926 0.6994553 -0.01029664 0.7147631 -0.6992908 -0.03209292 0.7134547 -0.699966 -0.05365061 0.7126599 -0.6994552 -0.07669752 0.7112113 -0.6987818 -0.09899723 0.7084507 -0.6987826 -0.1212016 0.7049921 -0.698782 0.0312404 0.7139927 0.6994558 -0.1432873 0.7008377 -0.6987814 -0.1652294 0.6959903 -0.6987824 -0.1877261 0.6897476 -0.6992905 -0.208514 0.6830603 -0.6999647 -0.2291962 0.6769276 -0.6994556 -0.08084088 0.7100893 0.6994556 -0.2517998 0.6690196 -0.6992923 -0.2712467 0.661201 -0.6994559 -0.1252687 0.7036122 0.6994553 -0.293313 0.651888 -0.6992922 -0.3122289 0.6428642 -0.6994561 -0.1691986 0.6943585 0.6994556 -0.3331256 0.633033 -0.6987822 -0.3528466 0.6222571 -0.6987814 -0.3722171 0.6108663 -0.6987825 -0.3916797 0.5979788 -0.6992914 -0.4093827 0.5851953 -0.6999658 -0.4271629 0.5729701 -0.699455 -0.2963092 0.6503554 0.699456 -0.4462196 0.558464 -0.6992897 -0.4622976 0.5450176 -0.6994546 -0.4800901 0.5303004 -0.6987811 -0.3562026 0.6195818 0.6994555 -0.4967926 0.5139922 -0.699292 -0.5115332 0.4990938 -0.6994564 -0.5278636 0.4827672 -0.6987817 -0.5427673 0.4659481 -0.6987819 -0.5571335 0.4486702 -0.6987829 -0.5709515 0.4309492 -0.6987827 -0.5842074 0.4128016 -0.6987822 -0.4827792 0.5269591 0.6994559 -0.5969538 0.3932411 -0.6992908 -0.6081233 0.3744788 -0.6999656 -0.6195833 0.3561991 -0.6994561 -0.5302302 0.4791858 0.6994549 -0.631311 0.3353186 -0.6992911 -0.6407262 0.3165936 -0.6994558 -0.5592707 0.4449478 0.6994554 -0.6512116 0.2960195 -0.6987818 -0.6600656 0.2744196 -0.6992906 -0.6676771 0.254891 -0.6994554 -0.5986613 0.3903416 0.6994555 -0.6761794 0.233421 -0.6987819 -0.6831769 0.2120651 -0.6987831 -0.6892547 0.1895262 -0.6992909 -0.6943578 0.1691998 -0.6994561 -0.6428653 0.312228 0.6994554 -0.6997949 0.1458746 -0.6992909 -0.7036128 0.1252641 -0.6994555 -0.6612004 0.2712486 0.6994558 -0.707574 0.1016444 -0.6992908 -0.7100892 0.08083695 -0.699456 -0.6769269 0.2291986 0.6994555 -0.7129852 0.05792945 -0.698782 -0.714 0.03460693 -0.6992899 -0.7140624 0.01277083 -0.6999657 -0.7146218 -0.008797407 -0.6994558 -0.7146236 -0.03189134 -0.6987819 -0.7044473 0.1204812 0.6994556 -0.7127062 -0.05515587 -0.6992909 -0.7100327 -0.07682555 -0.6999654 -0.7078844 -0.098293 -0.6994556 -0.7126596 0.05364829 0.6994557 -0.7043527 -0.1219814 -0.6992909 -0.7003158 -0.142547 -0.6994556 -0.6953042 -0.1659656 -0.6992907 -0.6892727 -0.1869529 -0.6999656 -0.6837924 -0.2078209 -0.6994559 -0.7122784 -0.05849546 0.6994554 -0.6765992 -0.2306636 -0.6992911 -0.6693938 -0.2503474 -0.6994556 -0.7072006 -0.1031025 0.699455 -0.6615728 -0.2720758 -0.6987819 -0.6518892 -0.2933143 -0.6992905 -0.6420332 -0.3127976 -0.6999651 -0.6327382 -0.3322702 -0.6994562 -0.6887012 -0.1909271 0.6994552 -0.6222572 -0.3528454 -0.6987819 -0.609987 -0.3727045 -0.6992906 -0.5986611 -0.3903416 -0.6994558 -0.667676 -0.2548931 0.6994557 -0.585379 -0.4102721 -0.6992913 -0.5720467 -0.4275631 -0.699966 -0.5592723 -0.4449462 -0.6994552 -0.6407257 -0.3165936 0.6994562 -0.5451191 -0.4631947 -0.6987818 -0.5293427 -0.4804025 -0.6992924 -0.5149162 -0.4956039 -0.6994556 -0.608087 -0.3754881 0.6994562 -0.4991121 -0.5124378 -0.6987808 -0.4817855 -0.5280864 -0.6992908 -0.4659885 -0.5418643 -0.6994554 -0.5700516 -0.4310471 0.6994566 -0.4476771 -0.557296 -0.69929 -0.4310478 -0.5700529 -0.6994552 -0.4118 -0.584306 -0.6992906 -0.3944022 -0.5959944 -0.6994553 -0.5115314 -0.4990956 0.6994564 -0.3742979 -0.6090102 -0.6992909 -0.3551915 -0.6195861 -0.6999657 -0.3355557 -0.6304368 -0.6999656 -0.3165944 -0.6407265 -0.6994553 -0.4449456 -0.5592716 0.6994561 -0.2950172 -0.6511209 -0.69929 -0.2747348 -0.6592178 -0.6999661 -0.2548879 -0.6676784 -0.6994554 -0.3903434 -0.5986607 0.6994551 -0.2324281 -0.6759945 -0.6992915 -0.212462 -0.6823647 -0.6994559 -0.3519823 -0.6219901 0.6994547 -0.1895287 -0.6892548 -0.6992901 -0.1682329 -0.6940792 -0.6999657 -0.146349 -0.6990211 -0.6999654 -0.1252691 -0.7036117 -0.6994557 -0.1025853 -0.7079409 -0.6987818 -0.2503458 -0.6693953 0.6994548 -0.07937055 -0.7104162 -0.6992919 -0.0584945 -0.7122782 -0.6994556 -0.0346052 -0.7139983 -0.6992918 -0.01277041 -0.7140622 -0.6999658 0.008794307 -0.7146219 -0.6994556 -0.1425479 -0.7003154 0.6994559 0.03273713 -0.7140864 -0.6992918 0.0544849 -0.7120957 -0.6999651 0.6004325 -0.5884292 -0.5415091 0.5437155 -0.576534 0.6099033 -0.5001855 0.5621604 -0.6586276 -0.5437111 -0.5765353 -0.609906 0.174862 0.710749 -0.6813656 0.15245 0.7158904 -0.6813663 0.1058948 0.7223623 -0.6833587 0.0844019 0.7270601 -0.6813662 0.04005956 0.7281464 -0.6842501 0.01452398 0.7299379 -0.6833593 -0.03133845 0.7294093 -0.6833593 -0.07707738 0.7260022 -0.6833593 -0.1225104 0.7197302 -0.6833592 -0.1444032 0.717557 -0.6813661 -0.1869093 0.7048875 -0.6842503 -0.2117508 0.6987 -0.6833593 -0.2552053 0.6840254 -0.683359 -0.2976504 0.6666523 -0.6833586 -0.3389239 0.646646 -0.6833591 -0.3788588 0.6240888 -0.6833588 -0.4172978 0.5990685 -0.683359 -0.4361804 0.5877813 -0.6813662 -0.4544289 0.5737906 -0.6813654 -0.472227 0.5592334 -0.681366 -0.48956 0.5441244 -0.6813661 -0.519699 0.5115798 -0.6842507 -0.5379306 0.4936105 -0.6833589 -0.5538968 0.4784759 -0.6813657 -0.581997 0.4407945 -0.6833592 -0.6085253 0.4033817 -0.6833596 -0.6326532 0.3643769 -0.683359 -0.654284 0.3239344 -0.6833586 -0.6653931 0.3049458 -0.6813664 -0.6746446 0.283893 -0.6813659 -0.6880572 0.2416149 -0.6842511 -0.6969039 0.2175896 -0.6833592 -0.7049061 0.197098 -0.6813661 -0.7107491 0.1748595 -0.6813662 -0.7158908 0.1524482 -0.6813662 -0.7203261 0.1298876 -0.681366 -0.7240511 0.107199 -0.6813652 -0.726528 0.06291168 -0.6842509 -0.7291222 0.0374431 -0.6833585 -0.7300344 -0.00841248 -0.6833586 -0.7280653 -0.05423414 -0.6833591 -0.7279625 -0.07623285 -0.6813657 -0.7252088 -0.0990597 -0.6813659 -0.7217396 -0.1217913 -0.6813654 -0.7175574 -0.1444013 -0.6813662 -0.704887 -0.1869095 -0.6842508 -0.6986678 -0.2089605 -0.6842506 -0.691704 -0.2335944 -0.6833588 -0.6756717 -0.2765647 -0.6833592 -0.6573777 -0.3156822 -0.6842509 -0.6466464 -0.3389235 -0.6833588 -0.6247526 -0.3761464 -0.6842501 -0.6118797 -0.3982751 -0.6833596 -0.6011911 -0.4175035 -0.6813663 -0.5877822 -0.4361804 -0.6813654 -0.5737906 -0.4544285 -0.6813657 -0.559233 -0.4722281 -0.6813657 -0.5264123 -0.5058757 -0.6833594 -0.4936118 -0.5379301 -0.6833583 -0.4588584 -0.567863 -0.6833598 -0.4239851 -0.5933281 -0.6842503 -0.405137 -0.6063542 -0.6842504 -0.3840696 -0.6208955 -0.683359 -0.3662121 -0.6337426 -0.6813656 -0.3239332 -0.6542847 -0.6833586 -0.2822123 -0.6733328 -0.6833589 -0.2393747 -0.6897244 -0.6833595 -0.2191436 -0.6983668 -0.6813663 -0.1971006 -0.704906 -0.6813656 -0.1748623 -0.710749 -0.6813656 -0.1524487 -0.7158905 -0.6813665 -0.1298876 -0.720326 -0.681366 -0.1071987 -0.7240508 -0.6813655 -0.06291335 -0.7265279 -0.6842509 -0.03744411 -0.7291224 -0.6833582 0.008413076 -0.7300342 -0.683359 0.05423349 -0.7280652 -0.6833593 0.09984421 -0.7232233 -0.6833587 0.1422823 -0.715232 -0.6842508 0.1674621 -0.7106171 -0.6833592 0.2117502 -0.698701 -0.6833584 0.2552056 -0.6840251 -0.6833593 0.2763016 -0.6777892 -0.6813658 0.2974556 -0.6687758 -0.6813657 0.3183161 -0.6591017 -0.6813662 0.3388614 -0.6487783 -0.681366 0.359071 -0.6378151 -0.6813663 0.3982733 -0.6118806 -0.6833598 0.4359104 -0.5856642 -0.6833592 0.4718238 -0.5571377 -0.6833593 0.5058749 -0.5264135 -0.683359 0.522759 -0.5123124 -0.6813656 0.5385942 -0.4956388 -0.6813653 0.5678622 -0.4588599 -0.6833595 0.5955553 -0.4222968 -0.6833589 0.6208956 -0.3840698 -0.6833587 0.643786 -0.344325 -0.6833593 0.6554877 -0.3256949 -0.6813654 0.6715288 -0.2843422 -0.6842504 0.6818643 -0.2609238 -0.6833593 0.6953071 -0.2198827 -0.6842511 0.703395 -0.1955935 -0.6833584 0.7107491 -0.1748594 -0.6813662 0.7158905 -0.1524484 -0.6813665 0.7223623 -0.1058928 -0.683359 0.7265277 -0.06291365 -0.6842511 0.7291227 -0.03744477 -0.6833578 0.7300344 0.008410573 -0.6833587 0.7280652 0.0542345 -0.6833592 0.7279628 0.07623392 -0.6813653 0.719729 0.122511 -0.6833604 0.7104098 0.1646767 -0.6842511 0.7050064 0.1896996 -0.6833594 0.6917055 0.2335927 -0.683358 0.6861327 0.2548767 -0.6813662 0.6666514 0.2976518 -0.6833589 0.6591014 0.3183168 -0.6813662 0.6487779 0.3388624 -0.681366 0.6378143 0.3590731 -0.681366 0.6262239 0.3789294 -0.6813635 0.6140102 0.3984128 -0.6813654 0.5865799 0.4332716 -0.6842513 0.5716828 0.4540902 -0.6833601 0.5420469 0.4890902 -0.6833565 0.5284802 0.5064095 -0.6813649 0.4950031 0.5355119 -0.6842508 0.4764727 0.5531696 -0.6833574 0.4424094 0.5797193 -0.6842511 0.4222964 0.5955547 -0.6833596 0.3840701 0.6208956 -0.6833586 0.3462763 0.641789 -0.6842511 0.3239322 0.654285 -0.6833587 0.2822092 0.6733335 -0.6833595 0.2625594 0.6832291 -0.6813668 0.2198833 0.6953073 -0.6842507 0.1955949 0.7033944 -0.6833586 0.1748633 0.7107489 -0.6813654 0.1524511 0.7158906 -0.6813659 0.1298863 0.7203258 -0.6813665 0.1071976 0.7240508 -0.6813657 0.06032663 0.7275855 -0.6833595 0.01452291 0.7299376 -0.6833595 -0.03133863 0.7294091 -0.6833596 -0.07707577 0.7260022 -0.6833595 -0.09906119 0.7252101 -0.6813642 -0.14506 0.7155265 -0.6833589 -0.1897013 0.7050061 -0.6833593 -0.2112906 0.7007828 -0.681366 -0.2552039 0.6840267 -0.6833583 -0.2762995 0.67779 -0.6813657 -0.3184492 0.6569713 -0.6833585 -0.3388589 0.6487794 -0.6813662 -0.3590705 0.6378155 -0.681366 -0.3982737 0.6118811 -0.683359 -0.4174997 0.601193 -0.681367 -0.4361819 0.5877807 -0.6813659 -0.4718244 0.5571382 -0.6833584 -0.5058773 0.5264124 -0.683358 -0.5379322 0.4936106 -0.6833576 -0.5678634 0.4588585 -0.6833595 -0.5933294 0.4239832 -0.6842503 -0.6063551 0.4051368 -0.6842498 -0.6208955 0.3840683 -0.6833597 -0.6337433 0.3662105 -0.6813658 -0.6542842 0.3239343 -0.6833584 -0.6715292 0.2843413 -0.6842503 -0.6818649 0.2609214 -0.6833597 -0.695308 0.2198786 -0.6842516 -0.703395 0.1955907 -0.6833593 -0.7142876 0.1510391 -0.6833597 -0.7203263 0.1298867 -0.681366 -0.7240511 0.1071978 -0.6813653 -0.7270606 0.08440327 -0.6813656 -0.7291221 0.03744304 -0.6833587 -0.7292236 -0.005740642 -0.6842514 -0.7294093 -0.03133845 -0.6833594 -0.7299987 -0.05332946 -0.6813648 -0.7279634 -0.07623291 -0.6813647 -0.7197309 -0.122511 -0.6833583 -0.717558 -0.1444044 -0.6813648 -0.7050058 -0.1897007 -0.6833597 -0.6917026 -0.2335944 -0.6833603 -0.6756694 -0.2765663 -0.6833609 -0.6687755 -0.2974565 -0.6813655 -0.6466487 -0.3389232 -0.6833569 -0.637814 -0.359074 -0.6813658 -0.6126283 -0.3955848 -0.6842509 -0.5998986 -0.4146336 -0.684252 -0.5856602 -0.4359111 -0.6833621 -0.5737882 -0.4544303 -0.6813665 -0.5420461 -0.4890898 -0.6833573 -0.5284844 -0.506409 -0.681362 -0.5123118 -0.5227592 -0.681366 -0.4764766 -0.553169 -0.6833551 -0.4608455 -0.5686511 -0.6813644 -0.4223024 -0.5955539 -0.6833567 -0.4052788 -0.6094987 -0.6813665 -0.3859343 -0.6219276 -0.6813669 -0.3662095 -0.633744 -0.6813657 -0.3461201 -0.6449331 -0.6813678 -0.3256896 -0.6554877 -0.6813679 -0.2822046 -0.6733337 -0.6833611 -0.2416154 -0.688057 -0.6842512 -0.2175942 -0.6969039 -0.6833578 -0.1970983 -0.7049059 -0.6813662 -0.174861 -0.710749 -0.681366 -0.1524464 -0.7158903 -0.6813672 -0.1298909 -0.7203261 -0.6813653 -0.1072045 -0.7240509 -0.6813645 -0.06290745 -0.7265278 -0.6842516 -0.03744095 -0.7291219 -0.683359 0.008408427 -0.7300345 -0.6833586 0.05423289 -0.7280651 -0.6833594 0.07623028 -0.7279623 -0.6813662 0.09905886 -0.7252103 -0.6813644 0.1217927 -0.7217391 -0.6813659 0.1646797 -0.7104094 -0.6842508 0.1897057 -0.7050052 -0.683359 0.2336025 -0.6917017 -0.6833584 0.254882 -0.6861314 -0.6813655 0.2976459 -0.6666533 -0.6833596 0.3183123 -0.6591031 -0.6813666 0.3388615 -0.6487787 -0.6813657 0.3590694 -0.6378156 -0.6813666 0.3789255 -0.6262224 -0.6813669 0.3984101 -0.6140106 -0.6813666 0.4332731 -0.5865792 -0.6842509 0.454086 -0.5716848 -0.6833611 0.4890922 -0.5420426 -0.6833585 0.5064128 -0.528477 -0.681365 0.5379302 -0.49361 -0.6833596 0.5538973 -0.4784758 -0.6813654 0.5686489 -0.4608452 -0.6813664 0.5955529 -0.4222989 -0.6833597 0.6208965 -0.3840678 -0.683359 0.643786 -0.3443244 -0.6833596 0.6554877 -0.3256933 -0.6813662 0.6715293 -0.2843412 -0.6842504 0.6818648 -0.2609213 -0.6833597 0.6911392 -0.24097 -0.6813665 0.7018718 -0.1979307 -0.6842511 0.7091904 -0.1734011 -0.68336 0.7186796 -0.1285302 -0.6833592 0.7241933 -0.08570247 -0.6842509 0.7275848 -0.06032735 -0.68336 0.7299383 -0.01452213 -0.6833589 0.7319058 0.007387578 -0.6813659 0.7274254 0.05151748 -0.6842502 0.7260013 0.07707577 -0.6833605 0.7252101 0.0990622 -0.6813641 0.7155243 0.14506 -0.6833612 0.7048876 0.1869108 -0.6842499 0.698702 0.2117504 -0.6833573 0.6938022 0.2331985 -0.6813641 0.6756718 0.2765654 -0.6833588 0.6687825 0.2974543 -0.6813597 0.6466454 0.3389257 -0.6833587 0.6240876 0.3788594 -0.6833595 0.5990706 0.4172983 -0.6833568 0.572679 0.451483 -0.6842529 0.5582156 0.4692494 -0.6842517 0.5420435 0.4890903 -0.6833591 0.5115818 0.5196967 -0.684251 0.4936097 0.5379312 -0.6833592 0.4588617 0.5678611 -0.6833592 0.4239834 0.5933284 -0.6842511 0.4051418 0.6063537 -0.684248 0.384077 0.6208944 -0.6833557 0.3662142 0.6337425 -0.6813646 0.3239324 0.6542846 -0.683359 0.2843419 0.6715289 -0.6842504 0.2609291 0.6818647 -0.6833568 0.2198855 0.6953073 -0.6842501 0.6478745 0.5862066 -0.4864366 0.1323592 0.7190368 -0.6822516 0.06410348 0.7283017 -0.6822518 -0.004718661 0.7311025 -0.6822514 -0.05061733 0.7293632 -0.6822516 -0.09631454 0.7247457 -0.6822516 -0.1640902 0.7124654 -0.6822517 -0.2304122 0.6938611 -0.6822515 -0.2735248 0.6780242 -0.6822517 -0.3155581 0.6595116 -0.6822519 -0.3563476 0.6383958 -0.6822516 -0.3957298 0.6147607 -0.6822515 -0.5039139 0.5297203 -0.6822516 -0.5663333 0.4623837 -0.6822522 -0.5942491 0.4259116 -0.6822518 -0.6198195 0.3877584 -0.6822516 -0.6429429 0.3480758 -0.682252 -0.6814996 0.2647469 -0.6822518 -0.7259287 0.08695006 -0.6822516 -0.7308893 0.01824796 -0.6822522 -0.7305936 -0.02768135 -0.6822513 -0.712466 -0.1640896 -0.6822513 -0.6862812 -0.2520924 -0.6822519 -0.6690983 -0.2946857 -0.682252 -0.6383965 -0.3563462 -0.6822517 -0.5452857 -0.4870271 -0.6822524 -0.5136299 -0.5203047 -0.6822517 -0.4799474 -0.5515287 -0.6822512 -0.4443685 -0.5805769 -0.6822515 -0.3480752 -0.6429437 -0.6822515 -0.3070188 -0.66353 -0.6822518 -0.2647488 -0.6814996 -0.6822511 -0.08695048 -0.7259287 -0.6822515 -0.01824837 -0.7308894 -0.6822519 0.02768158 -0.7305933 -0.6822516 0.07350218 -0.7274131 -0.6822519 0.1190314 -0.7213627 -0.6822518 0.1863893 -0.7069592 -0.682252 0.2304111 -0.6938618 -0.6822512 0.3762225 -0.626888 -0.6822522 0.4148452 -0.6020265 -0.6822519 0.4518284 -0.57479 -0.6822519 0.4870269 -0.545287 -0.6822513 0.5515287 -0.4799466 -0.6822516 0.5805777 -0.4443678 -0.6822514 0.6073337 -0.4070361 -0.6822517 0.631693 -0.3680987 -0.6822517 0.6635306 -0.3070176 -0.6822518 0.6894787 -0.243211 -0.6822518 0.7190369 -0.1323562 -0.682252 0.7259292 -0.08694964 -0.6822512 0.7308899 -0.01824927 -0.6822515 0.7305928 0.02768188 -0.6822522 0.7247452 0.09631478 -0.6822521 0.7172679 0.1416317 -0.6822517 0.7007558 0.2085019 -0.6822523 0.6780238 0.2735257 -0.6822518 0.6020255 0.4148445 -0.6822531 0.5603169 0.4696577 -0.6822512 0.5136282 0.5203049 -0.6822528 0.4623866 0.5663321 -0.6822511 0.4070372 0.6073335 -0.6822513 0.3680989 0.6316928 -0.6822517 0.3070198 0.6635298 -0.6822515 0.2432109 0.6894781 -0.6822524 0.08694803 0.7259286 -0.6822519 0.04119586 0.7299561 -0.6822514 -0.00472033 0.7311026 -0.6822513 -0.05061846 0.7293633 -0.6822513 -0.1190318 0.7213627 -0.6822517 -0.1640923 0.712465 -0.6822517 -0.2304099 0.6938613 -0.6822521 -0.2946913 0.6690965 -0.6822513 -0.3762239 0.6268882 -0.6822514 -0.4518299 0.5747898 -0.682251 -0.4870281 0.5452865 -0.6822509 -0.5203066 0.513629 -0.682251 -0.551531 0.4799452 -0.6822509 -0.5805776 0.444369 -0.6822507 -0.642944 0.3480755 -0.6822511 -0.6635305 0.3070175 -0.6822518 -0.6894791 0.2432085 -0.6822523 -0.7093071 0.1772432 -0.6822524 -0.7283021 0.0641039 -0.6822513 -0.7308908 0.01824665 -0.6822505 -0.7247483 -0.09631186 -0.6822493 -0.7124646 -0.1640908 -0.6822524 -0.7007544 -0.2085043 -0.6822532 -0.6862788 -0.2520925 -0.6822543 -0.6595125 -0.3155584 -0.6822509 -0.6268854 -0.3762242 -0.6822537 -0.560316 -0.4696587 -0.6822512 -0.497035 -0.5361818 -0.6822502 -0.4443719 -0.5805768 -0.6822494 -0.3070092 -0.6635314 -0.6822547 -0.2647413 -0.6814996 -0.682254 -0.08694553 -0.7259284 -0.6822525 -0.01824837 -0.7308896 -0.6822518 0.02767795 -0.7305937 -0.6822513 0.1416293 -0.7172684 -0.6822515 0.2085064 -0.7007551 -0.6822518 0.2735228 -0.678025 -0.6822518 0.4148483 -0.6020252 -0.682251 0.4696578 -0.5603156 -0.6822521 0.5203046 -0.5136297 -0.6822519 0.5805745 -0.4443731 -0.6822506 0.6073343 -0.4070358 -0.6822514 0.6316934 -0.368098 -0.6822517 0.6635316 -0.3070161 -0.6822515 0.6967788 -0.2214295 -0.6822525 0.7145252 -0.1548752 -0.6822518 0.7228395 -0.109708 -0.6822515 0.7299547 -0.04119372 -0.682253 0.7305934 0.02768254 -0.6822515 0.7213634 0.11903 -0.6822512 0.712462 0.1640935 -0.6822545 0.6862807 0.2520921 -0.6822524 0.6595153 0.3155591 -0.6822478 0.6383976 0.3563479 -0.6822497 0.6147614 0.3957309 -0.6822503 0.5887004 0.4335498 -0.6822511 0.5297211 0.5039148 -0.6822503 0.4799442 0.5515294 -0.6822529 0.4443734 0.5805765 -0.6822487 0.3480741 0.6429438 -0.682252 0.3070151 0.6635302 -0.6822532 0.2432193 0.6894786 -0.682249</float_array>
          <technique_common>
            <accessor source="#Plane-mesh-normals-array" count="1604" stride="3">
              <param name="X" type="float"/>
              <param name="Y" type="float"/>
              <param name="Z" type="float"/>
            </accessor>
          </technique_common>
        </source>
        <source id="Plane-mesh-map-0">
          <float_array id="Plane-mesh-map-0-array" count="19224">1.40544 -0.9281287 0.5327253 -0.8976625 0.5327253 -0.9144188 1.40544 -0.8839532 0.532199 -0.8809145 0.5327253 -0.8976625 0.532199 -0.8809145 1.401279 -0.7957105 0.5311469 -0.8641913 1.401279 -0.7957105 0.52957 -0.8475093 0.5311469 -0.8641913 1.397122 -0.751731 0.52747 -0.8308852 0.52957 -0.8475093 0.52747 -0.8308852 1.384674 -0.6642717 0.5248487 -0.8143351 1.384674 -0.6642717 0.5217088 -0.7978758 0.5248487 -0.8143351 1.376397 -0.6208786 0.5180535 -0.781523 0.5217088 -0.7978758 0.5180535 -0.781523 1.355774 -0.5349788 0.5138864 -0.7652931 1.355774 -0.5349788 0.5092115 -0.7492021 0.5138864 -0.7652931 0.5092115 -0.7492021 1.329798 -0.4505437 0.5040337 -0.733266 1.329798 -0.4505437 0.4983576 -0.7175002 0.5040337 -0.733266 0.4983576 -0.7175002 1.298572 -0.3679062 0.4921893 -0.7019206 1.298572 -0.3679062 0.4855345 -0.6865425 0.4921893 -0.7019206 0.4855345 -0.6865425 1.262219 -0.2873924 0.4784001 -0.6713809 0.4784001 -0.6713809 1.242163 -0.2480313 0.4707928 -0.6564509 1.242163 -0.2480313 0.4627204 -0.6417673 0.4707928 -0.6564509 1.220882 -0.20932 0.4541907 -0.6273444 0.4627204 -0.6417673 0.4541907 -0.6273444 1.174724 -0.1339973 0.4452123 -0.6131966 1.174724 -0.1339973 0.4357938 -0.5993379 0.4452123 -0.6131966 0.4357938 -0.5993379 1.123928 -0.06172156 0.4259448 -0.5857817 1.123928 -0.06172156 0.4156747 -0.5725416 0.4259448 -0.5857817 0.4156747 -0.5725416 1.068693 0.007222175 0.4049937 -0.5596305 1.068693 0.007222175 0.3939127 -0.5470616 0.4049937 -0.5596305 0.3939127 -0.5470616 1.009239 0.07256126 0.3824422 -0.5348467 1.009239 0.07256126 0.3705937 -0.5229982 0.3824422 -0.5348467 0.3705937 -0.5229982 0.9457995 0.1340387 0.3583788 -0.5115278 0.9457995 0.1340387 0.3458098 -0.5004467 0.3583788 -0.5115278 0.3458098 -0.5004467 0.8786248 0.1914113 0.3328988 -0.4897657 0.8786248 0.1914113 0.3196587 -0.4794957 0.3328988 -0.4897657 0.3196587 -0.4794957 0.8079803 0.2444527 0.3061027 -0.4696466 0.3061027 -0.4696466 0.7714434 0.2692833 0.2922437 -0.4602281 0.2922437 -0.4602281 0.7341446 0.2929537 0.278096 -0.4512497 0.7341446 0.2929537 0.2636731 -0.4427201 0.278096 -0.4512497 0.6961207 0.3154411 0.2489895 -0.4346476 0.2636731 -0.4427201 0.2489895 -0.4346476 0.6180484 0.3567781 0.2340595 -0.4270403 0.2340595 -0.4270403 0.5780771 0.3755874 0.2188979 -0.4199058 0.5780771 0.3755874 0.2035197 -0.4132512 0.2188979 -0.4199058 0.2035197 -0.4132512 0.4964612 0.4093937 0.1879403 -0.4070828 0.4964612 0.4093937 0.1721746 -0.4014068 0.1879403 -0.4070828 0.1721746 -0.4014068 0.4128835 0.4380089 0.1562383 -0.3962289 0.4128835 0.4380089 0.1401474 -0.391554 0.1562383 -0.3962289 0.3704617 0.4503334 0.1239175 -0.3873867 0.1401474 -0.391554 0.327674 0.4613194 0.1075648 -0.3837314 0.1239175 -0.3873867 0.2845622 0.4709562 0.09110516 -0.3805918 0.1075648 -0.3837314 0.2411688 0.4792339 0.07455521 -0.3779704 0.09110516 -0.3805918 0.07455521 -0.3779704 0.1537097 0.491681 0.05793106 -0.3758703 0.1537097 0.491681 0.04124915 -0.3742934 0.05793106 -0.3758703 0.10973 0.4958384 0.02452588 -0.3732413 0.04124915 -0.3742934 0.06564158 0.4986122 0.007777869 -0.3727149 0.02452588 -0.3732413 0.02148777 0.4999998 -0.008978366 -0.3727149 0.007777869 -0.3727149 -0.02268797 0.4999998 -0.02572637 -0.3732413 -0.008978366 -0.3727149 -0.02572637 -0.3732413 -0.1109304 0.4958385 -0.04244965 -0.3742934 -0.04244965 -0.3742934 -0.15491 0.4916812 -0.05913156 -0.3758703 -0.05913156 -0.3758703 -0.1987375 0.4861444 -0.07575577 -0.3779704 -0.1987375 0.4861444 -0.09230583 -0.3805918 -0.07575577 -0.3779704 -0.2423693 0.4792339 -0.1087653 -0.3837314 -0.09230583 -0.3805918 -0.1087653 -0.3837314 -0.3288744 0.4613194 -0.125118 -0.3873867 -0.3288744 0.4613194 -0.1413478 -0.3915538 -0.125118 -0.3873867 -0.1413478 -0.3915538 -0.4140836 0.4380089 -0.1574388 -0.3962286 -0.4140836 0.4380089 -0.173375 -0.4014068 -0.1574388 -0.3962286 -0.173375 -0.4014068 -0.4976614 0.4093939 -0.1891407 -0.4070826 -0.4976614 0.4093939 -0.2047203 -0.4132512 -0.1891407 -0.4070826 -0.538735 0.3931317 -0.2200985 -0.4199058 -0.2047203 -0.4132512 -0.2200985 -0.4199058 -0.6192488 0.3567783 -0.2352601 -0.4270403 -0.2352601 -0.4270403 -0.6586096 0.3367229 -0.2501901 -0.4346475 -0.6586096 0.3367229 -0.2648737 -0.4427198 -0.2501901 -0.4346475 -0.6973212 0.3154412 -0.2792966 -0.4512495 -0.2648737 -0.4427198 -0.735345 0.2929539 -0.2934444 -0.4602281 -0.2792966 -0.4512495 -0.2934444 -0.4602281 -0.8091807 0.2444529 -0.3073033 -0.4696466 -0.8091807 0.2444529 -0.3208593 -0.4794957 -0.3073033 -0.4696466 -0.3208593 -0.4794957 -0.8798254 0.1914113 -0.3340994 -0.4897657 -0.8798254 0.1914113 -0.3470104 -0.5004464 -0.3340994 -0.4897657 -0.9138634 0.1632529 -0.3595795 -0.5115278 -0.3470104 -0.5004464 -0.3595795 -0.5115278 -0.9792023 0.1037986 -0.3717942 -0.522998 -0.9792023 0.1037986 -0.3836427 -0.5348466 -0.3717942 -0.522998 -1.010439 0.0725618 -0.3951132 -0.5470615 -0.3836427 -0.5348466 -1.04068 0.04035913 -0.4061943 -0.5596305 -0.3951132 -0.5470615 -0.4061943 -0.5596305 -1.098052 -0.02681547 -0.4168753 -0.5725415 -0.4168753 -0.5725415 -1.125128 -0.06172126 -0.4271453 -0.5857816 -0.4271453 -0.5857816 -1.151094 -0.09746009 -0.4369943 -0.5993377 -1.151094 -0.09746009 -0.4464129 -0.6131965 -0.4369943 -0.5993377 -1.175924 -0.133997 -0.4553914 -0.6273444 -0.4464129 -0.6131965 -0.4553914 -0.6273444 -1.222082 -0.2093196 -0.4639209 -0.6417672 -1.222082 -0.2093196 -0.4719934 -0.6564509 -0.4639209 -0.6417672 -0.4719934 -0.6564509 -1.263419 -0.287392 -0.4796006 -0.6713809 -1.263419 -0.287392 -0.4867351 -0.6865423 -0.4796006 -0.6713809 -0.4867351 -0.6865423 -1.299773 -0.3679057 -0.4933898 -0.7019205 -1.299773 -0.3679057 -0.4995582 -0.7175001 -0.4933898 -0.7019205 -1.316035 -0.4089793 -0.5052343 -0.7332658 -0.4995582 -0.7175001 -1.330999 -0.4505434 -0.5104122 -0.7492021 -0.5052343 -0.7332658 -1.34465 -0.4925569 -0.515087 -0.765293 -0.5104122 -0.7492021 -0.515087 -0.765293 -1.36796 -0.5777667 -0.5192542 -0.781523 -1.36796 -0.5777667 -0.5229094 -0.7978757 -0.5192542 -0.781523 -1.377597 -0.6208783 -0.5260493 -0.8143351 -0.5229094 -0.7978757 -1.385875 -0.6642715 -0.5286704 -0.8308852 -0.5260493 -0.8143351 -0.5286704 -0.8308852 -1.398322 -0.7517306 -0.5307705 -0.8475092 -1.398322 -0.7517306 -0.5323476 -0.8641912 -0.5307705 -0.8475092 -1.402479 -0.7957102 -0.5333997 -0.8809143 -0.5323476 -0.8641912 -1.405253 -0.8397987 -0.533926 -0.8976624 -0.5333997 -0.8809143 -1.406641 -0.8839526 -0.533926 -0.9144188 -0.533926 -0.8976624 -1.406641 -0.9281281 -0.5333997 -0.9311668 -0.533926 -0.9144188 -1.405253 -0.9722822 -0.5323476 -0.9478899 -0.5333997 -0.9311668 -0.5323476 -0.9478899 -1.398322 -1.06035 -0.5307705 -0.9645721 -1.398322 -1.06035 -0.5286704 -0.9811962 -0.5307705 -0.9645721 -1.392785 -1.104178 -0.5260493 -0.997746 -0.5286704 -0.9811962 -1.385875 -1.14781 -0.5229094 -1.014206 -0.5260493 -0.997746 -0.5229094 -1.014206 -1.36796 -1.234315 -0.5192542 -1.030558 -1.36796 -1.234315 -0.515087 -1.046788 -0.5192542 -1.030558 -0.515087 -1.046788 -1.34465 -1.319524 -0.5104122 -1.062879 -1.34465 -1.319524 -0.5052343 -1.078815 -0.5104122 -1.062879 -0.5052343 -1.078815 -1.316035 -1.403102 -0.4995582 -1.094581 -1.316035 -1.403102 -0.4933898 -1.110161 -0.4995582 -1.094581 -0.4933898 -1.110161 -1.282228 -1.484718 -0.4867351 -1.125539 -1.282228 -1.484718 -0.4796006 -1.1407 -0.4867351 -1.125539 -1.263419 -1.524689 -0.4719934 -1.15563 -0.4796006 -1.1407 -0.4719934 -1.15563 -1.222082 -1.602761 -0.463921 -1.170314 -1.222082 -1.602761 -0.4553914 -1.184737 -0.463921 -1.170314 -1.199595 -1.640785 -0.4464129 -1.198885 -0.4553914 -1.184737 -1.175924 -1.678084 -0.4369944 -1.212743 -0.4464129 -1.198885 -0.4369944 -1.212743 -1.125128 -1.75036 -0.4271453 -1.2263 -1.125128 -1.75036 -0.4168753 -1.23954 -0.4271453 -1.2263 -1.098052 -1.785266 -0.4061944 -1.252451 -0.4168753 -1.23954 -0.4061944 -1.252451 -1.04068 -1.85244 -0.3951132 -1.26502 -0.3951132 -1.26502 -1.01044 -1.884643 -0.3836427 -1.277234 -0.3836427 -1.277234 -0.9792028 -1.91588 -0.3717943 -1.289083 -0.9792028 -1.91588 -0.3595795 -1.300553 -0.3717943 -1.289083 -0.3595795 -1.300553 -0.9138632 -1.975334 -0.3470103 -1.311635 -0.9138632 -1.975334 -0.3340994 -1.322316 -0.3470103 -1.311635 -0.8798252 -2.003493 -0.3208593 -1.332586 -0.3340994 -1.322316 -0.8449196 -2.030568 -0.3073033 -1.342435 -0.3208593 -1.332586 -0.3073033 -1.342435 -0.7726438 -2.081365 -0.2934444 -1.351853 -0.7726438 -2.081365 -0.2792966 -1.360831 -0.2934444 -1.351853 -0.2792966 -1.360831 -0.6973212 -2.127522 -0.2648737 -1.369361 -0.2648737 -1.369361 -0.6586096 -2.148804 -0.2501901 -1.377434 -0.6586096 -2.148804 -0.2352601 -1.385041 -0.2501901 -1.377434 -0.6192488 -2.168859 -0.2200985 -1.392176 -0.2352601 -1.385041 -0.2200985 -1.392176 -0.5387349 -2.205213 -0.2047203 -1.39883 -0.5387349 -2.205213 -0.1891407 -1.404999 -0.2047203 -1.39883 -0.1891407 -1.404999 -0.4560973 -2.236439 -0.173375 -1.410675 -0.4560973 -2.236439 -0.1574388 -1.415853 -0.173375 -1.410675 -0.4140836 -2.25009 -0.1413478 -1.420527 -0.1574388 -1.415853 -0.371662 -2.262415 -0.125118 -1.424695 -0.1413478 -1.420527 -0.125118 -1.424695 -0.2857623 -2.283037 -0.1087652 -1.42835 -0.2857623 -2.283037 -0.09230577 -1.431489 -0.1087652 -1.42835 -0.2423691 -2.291315 -0.07575571 -1.434111 -0.09230577 -1.431489 -0.1987373 -2.298226 -0.0591315 -1.436211 -0.07575571 -1.434111 -0.0591315 -1.436211 -0.1109302 -2.30792 -0.04244959 -1.437788 -0.1109302 -2.30792 -0.02572631 -1.43884 -0.04244959 -1.437788 -0.06684166 -2.310693 -0.008978605 -1.439366 -0.02572631 -1.43884 -0.02268838 -2.312081 0.00777769 -1.439366 -0.008978605 -1.439366 0.02148723 -2.312081 0.02452576 -1.43884 0.00777769 -1.439366 0.02452576 -1.43884 0.1097297 -2.30792 0.04124903 -1.437788 0.1097297 -2.30792 0.05793082 -1.436211 0.04124903 -1.437788 0.05793082 -1.436211 0.1975368 -2.298226 0.07455503 -1.434111 0.1975368 -2.298226 0.09110516 -1.431489 0.07455503 -1.434111 0.2411685 -2.291315 0.1075646 -1.42835 0.09110516 -1.431489 0.1075646 -1.42835 0.3276736 -2.273401 0.1239175 -1.424695 0.3276736 -2.273401 0.1401472 -1.420527 0.1239175 -1.424695 0.1401472 -1.420527 0.4128833 -2.25009 0.1562383 -1.415853 0.4128833 -2.25009 0.1721744 -1.410675 0.1562383 -1.415853 0.1721744 -1.410675 0.4964609 -2.221475 0.1879401 -1.404999 0.1879401 -1.404999 0.5375345 -2.205213 0.2035197 -1.39883 0.5375345 -2.205213 0.2188979 -1.392176 0.2035197 -1.39883 0.2188979 -1.392176 0.6180483 -2.168859 0.2340595 -1.385041 0.6180483 -2.168859 0.2489895 -1.377434 0.2340595 -1.385041 0.6574091 -2.148804 0.2636731 -1.369361 0.2489895 -1.377434 0.2636731 -1.369361 0.7341445 -2.105035 0.278096 -1.360831 0.7341445 -2.105035 0.2922437 -1.351853 0.278096 -1.360831 0.7714434 -2.081365 0.3061027 -1.342435 0.2922437 -1.351853 0.3061027 -1.342435 0.8437191 -2.030568 0.3196587 -1.332586 0.8437191 -2.030568 0.3328988 -1.322315 0.3196587 -1.332586 0.8786248 -2.003493 0.3458098 -1.311635 0.3328988 -1.322315 0.9126628 -1.975334 0.3583788 -1.300553 0.3458098 -1.311635 0.9457995 -1.94612 0.3705937 -1.289083 0.3583788 -1.300553 0.9780021 -1.91588 0.3824422 -1.277234 0.3705937 -1.289083 0.3824422 -1.277234 1.039479 -1.85244 0.3939127 -1.26502 1.039479 -1.85244 0.4049937 -1.25245 0.3939127 -1.26502 1.068693 -1.819303 0.4156747 -1.23954 0.4049937 -1.25245 1.096852 -1.785265 0.4259448 -1.2263 0.4156747 -1.23954 0.4259448 -1.2263 1.149893 -1.714621 0.4357938 -1.212743 1.149893 -1.714621 0.4452123 -1.198885 0.4357938 -1.212743 0.4452123 -1.198885 1.198394 -1.640785 0.4541907 -1.184737 1.198394 -1.640785 0.4627204 -1.170314 0.4541907 -1.184737 1.220882 -1.602761 0.4707928 -1.15563 0.4627204 -1.170314 1.242163 -1.56405 0.4784001 -1.1407 0.4707928 -1.15563 1.262219 -1.524689 0.4855345 -1.125539 0.4784001 -1.1407 1.281028 -1.484718 0.4921893 -1.110161 0.4855345 -1.125539 1.298572 -1.444175 0.4983576 -1.094581 0.4921893 -1.110161 0.4983576 -1.094581 1.329798 -1.361538 0.5040337 -1.078815 1.329798 -1.361538 0.5092115 -1.062879 0.5040337 -1.078815 0.5092115 -1.062879 1.355774 -1.277102 0.5138864 -1.046788 1.355774 -1.277102 0.5180535 -1.030558 0.5138864 -1.046788 1.36676 -1.234315 0.5217088 -1.014206 0.5180535 -1.030558 1.376396 -1.191203 0.5248487 -0.9977462 0.5217088 -1.014206 1.384674 -1.14781 0.52747 -0.9811962 0.5248487 -0.9977462 0.52747 -0.9811962 1.397121 -1.060351 0.52957 -0.9645721 1.397121 -1.060351 0.5311469 -0.9478902 0.52957 -0.9645721 1.401279 -1.016371 0.532199 -0.9311668 0.5311469 -0.9478902 1.404052 -0.9722824 0.5327253 -0.9144188 0.532199 -0.9311668 1.40544 -0.9281286 0.5327253 -0.8976625 0.5327253 -0.9144188 1.40544 -0.8839529 0.532199 -0.8809145 0.5327253 -0.8976625 1.404052 -0.8397988 0.5311469 -0.8641912 0.532199 -0.8809145 1.401279 -0.7957103 0.52957 -0.8475092 0.5311469 -0.8641912 1.397121 -0.7517307 0.5274698 -0.8308852 0.52957 -0.8475092 1.391585 -0.7079033 0.5248487 -0.814335 0.5274698 -0.8308852 0.5248487 -0.814335 1.376396 -0.6208781 0.5217088 -0.7978757 1.376396 -0.6208781 0.5180537 -0.7815229 0.5217088 -0.7978757 0.5180537 -0.7815229 1.355774 -0.5349785 0.5138864 -0.765293 1.355774 -0.5349785 0.5092115 -0.7492019 0.5138864 -0.765293 0.5092115 -0.7492019 1.329798 -0.4505432 0.5040335 -0.7332658 1.329798 -0.4505432 0.4983576 -0.7175001 0.5040335 -0.7332658 0.4983576 -0.7175001 1.298572 -0.3679056 0.4921891 -0.7019205 0.4921891 -0.7019205 1.281028 -0.3273632 0.4855343 -0.6865423 1.281028 -0.3273632 0.4783999 -0.6713808 0.4855343 -0.6865423 0.4783999 -0.6713808 1.242163 -0.2480309 0.4707928 -0.6564508 1.242163 -0.2480309 0.4627204 -0.6417672 0.4707928 -0.6564508 0.4627204 -0.6417672 1.198394 -0.1712956 0.4541907 -0.6273443 0.4541907 -0.6273443 1.174723 -0.1339968 0.4452122 -0.6131965 1.174723 -0.1339968 0.4357936 -0.5993376 0.4452122 -0.6131965 0.4357936 -0.5993376 1.123927 -0.06172108 0.4259445 -0.5857816 1.123927 -0.06172108 0.4156746 -0.5725415 0.4259445 -0.5857816 1.096851 -0.02681529 0.4049936 -0.5596305 0.4156746 -0.5725415 1.068693 0.007222533 0.3939125 -0.5470615 0.4049936 -0.5596305 0.3939125 -0.5470615 1.009239 0.07256191 0.3824421 -0.5348466 0.3824421 -0.5348466 0.9780016 0.1037988 0.3705935 -0.522998 0.9780016 0.1037988 0.3583787 -0.5115275 0.3705935 -0.522998 0.3583787 -0.5115275 0.9126623 0.1632532 0.3458095 -0.5004463 0.9126623 0.1632532 0.3328987 -0.4897655 0.3458095 -0.5004463 0.3328987 -0.4897655 0.8437187 0.2184873 0.3196586 -0.4794955 0.8437187 0.2184873 0.3061023 -0.4696465 0.3196586 -0.4794955 0.3061023 -0.4696465 0.7714429 0.2692835 0.2922435 -0.4602279 0.7714429 0.2692835 0.2780957 -0.4512495 0.2922435 -0.4602279 0.734144 0.2929543 0.2636729 -0.4427198 0.2780957 -0.4512495 0.69612 0.3154414 0.2489895 -0.4346476 0.2636729 -0.4427198 0.2489895 -0.4346476 0.6180484 0.3567781 0.2340595 -0.4270403 0.6180484 0.3567781 0.2188979 -0.4199058 0.2340595 -0.4270403 0.2188979 -0.4199058 0.5375345 0.3931316 0.2035197 -0.4132512 0.5375345 0.3931316 0.1879401 -0.4070826 0.2035197 -0.4132512 0.4964609 0.4093939 0.1721744 -0.4014068 0.1879401 -0.4070826 0.4548968 0.4243579 0.1562383 -0.3962286 0.1721744 -0.4014068 0.4128833 0.438009 0.1401472 -0.3915538 0.1562383 -0.3962286 0.1401472 -0.3915538 0.3276739 0.4613194 0.1239175 -0.3873867 0.3276739 0.4613194 0.1075646 -0.3837314 0.1239175 -0.3873867 0.2845619 0.4709562 0.09110516 -0.3805918 0.1075646 -0.3837314 0.2411687 0.4792339 0.07455503 -0.3779704 0.09110516 -0.3805918 0.1975368 0.4861444 0.05793106 -0.3758703 0.07455503 -0.3779704 0.05793106 -0.3758703 0.1097298 0.4958384 0.04124903 -0.3742934 0.1097298 0.4958384 0.02452576 -0.3732413 0.04124903 -0.3742934 0.06564122 0.4986122 0.00777769 -0.3727149 0.02452576 -0.3732413 0.02148723 0.4999998 -0.008978605 -0.3727149 0.00777769 -0.3727149 -0.02268838 0.4999998 -0.02572655 -0.3732413 -0.008978605 -0.3727149 -0.06684225 0.4986123 -0.04244977 -0.3742934 -0.02572655 -0.3732413 -0.04244977 -0.3742934 -0.1549105 0.4916812 -0.0591318 -0.3758703 -0.1549105 0.4916812 -0.07575595 -0.3779704 -0.0591318 -0.3758703 -0.07575595 -0.3779704 -0.2423697 0.4792338 -0.09230589 -0.3805918 -0.2423697 0.4792338 -0.1087654 -0.3837314 -0.09230589 -0.3805918 -0.1087654 -0.3837314 -0.3288747 0.4613194 -0.1251181 -0.3873867 -0.3288747 0.4613194 -0.141348 -0.391554 -0.1251181 -0.3873867 -0.3716626 0.4503334 -0.1574391 -0.3962289 -0.141348 -0.391554 -0.4140843 0.4380089 -0.1733753 -0.4014068 -0.1574391 -0.3962289 -0.1733753 -0.4014068 -0.497662 0.4093936 -0.1891409 -0.4070828 -0.1891409 -0.4070828 -0.5387355 0.3931314 -0.2047206 -0.4132512 -0.5387355 0.3931314 -0.2200987 -0.4199058 -0.2047206 -0.4132512 -0.2200987 -0.4199058 -0.6192494 0.3567781 -0.2352603 -0.4270403 -0.2352603 -0.4270403 -0.6586102 0.3367227 -0.2501902 -0.4346476 -0.6586102 0.3367227 -0.2648739 -0.4427201 -0.2501902 -0.4346476 -0.6973217 0.3154409 -0.2792968 -0.4512497 -0.2648739 -0.4427201 -0.7353456 0.2929536 -0.2934445 -0.4602282 -0.2792968 -0.4512497 -0.2934445 -0.4602282 -0.8091812 0.2444525 -0.3073034 -0.4696466 -0.8091812 0.2444525 -0.3208595 -0.4794957 -0.3073034 -0.4696466 -0.84492 0.2184867 -0.3340996 -0.4897658 -0.3208595 -0.4794957 -0.8798257 0.191411 -0.3470105 -0.5004467 -0.3340996 -0.4897658 -0.9138638 0.1632524 -0.3595797 -0.5115279 -0.3470105 -0.5004467 -0.3595797 -0.5115279 -0.979203 0.1037982 -0.3717944 -0.5229983 -0.3717944 -0.5229983 -1.01044 0.07256114 -0.3836429 -0.5348469 -1.01044 0.07256114 -0.3951134 -0.5470617 -0.3836429 -0.5348469 -1.040681 0.04035848 -0.4061946 -0.5596308 -0.3951134 -0.5470617 -1.069894 0.007221698 -0.4168754 -0.5725417 -0.4061946 -0.5596308 -0.4168754 -0.5725417 -1.125129 -0.06172186 -0.4271455 -0.5857819 -0.4271455 -0.5857819 -1.151094 -0.09746086 -0.4369945 -0.5993379 -1.151094 -0.09746086 -0.446413 -0.6131969 -0.4369945 -0.5993379 -0.446413 -0.6131969 -1.199595 -0.1712964 -0.4553915 -0.6273445 -0.4553915 -0.6273445 -1.222083 -0.2093204 -0.4639211 -0.6417675 -0.4639211 -0.6417675 -1.243364 -0.2480319 -0.4719935 -0.6564511 -1.243364 -0.2480319 -0.4796007 -0.671381 -0.4719935 -0.6564511 -0.4796007 -0.671381 -1.282229 -0.3273642 -0.4867352 -0.6865426 -0.4867352 -0.6865426 -1.299773 -0.3679066 -0.4933899 -0.7019208 -1.299773 -0.3679066 -0.4995583 -0.7175005 -0.4933899 -0.7019208 -0.4995583 -0.7175005 -1.330999 -0.4505442 -0.5052344 -0.7332661 -1.330999 -0.4505442 -0.5104123 -0.7492025 -0.5052344 -0.7332661 -1.34465 -0.492558 -0.5150871 -0.7652933 -0.5104123 -0.7492025 -1.356975 -0.5349795 -0.5192542 -0.7815232 -0.5150871 -0.7652933 -0.5192542 -0.7815232 -1.377597 -0.6208792 -0.5229095 -0.7978759 -1.377597 -0.6208792 -0.5260493 -0.8143356 -0.5229095 -0.7978759 -1.385875 -0.6642726 -0.5286707 -0.8308855 -0.5260493 -0.8143356 -0.5286707 -0.8308855 -1.398322 -0.7517318 -0.5307708 -0.8475098 -1.398322 -0.7517318 -0.5323476 -0.8641915 -0.5307708 -0.8475098 -1.402479 -0.7957114 -0.5333997 -0.8809143 -0.5323476 -0.8641915 -1.405253 -0.8397987 -0.533926 -0.8976624 -0.5333997 -0.8809143 -1.406641 -0.8839524 -0.533926 -0.9144187 -0.533926 -0.8976624 -1.406641 -0.9281281 -0.5333997 -0.9311668 -0.533926 -0.9144187 -0.5333997 -0.9311668 -1.402479 -1.016371 -0.5323476 -0.9478899 -0.5323476 -0.9478899 -1.398322 -1.06035 -0.5307705 -0.9645721 -0.5307705 -0.9645721 -1.392785 -1.104178 -0.5286704 -0.9811961 -1.392785 -1.104178 -0.5260493 -0.997746 -0.5286704 -0.9811961 -1.385875 -1.14781 -0.5229094 -1.014206 -0.5260493 -0.997746 -0.5229094 -1.014206 -1.36796 -1.234315 -0.5192542 -1.030558 -1.36796 -1.234315 -0.515087 -1.046788 -0.5192542 -1.030558 -0.515087 -1.046788 -1.34465 -1.319524 -0.5104122 -1.062879 -1.34465 -1.319524 -0.5052343 -1.078815 -0.5104122 -1.062879 -0.5052343 -1.078815 -1.316035 -1.403102 -0.4995582 -1.094581 -0.4995582 -1.094581 -1.299773 -1.444175 -0.4933898 -1.110161 -0.4933898 -1.110161 -1.282228 -1.484718 -0.4867351 -1.125539 -1.282228 -1.484718 -0.4796006 -1.1407 -0.4867351 -1.125539 -1.263419 -1.524689 -0.4719934 -1.15563 -0.4796006 -1.1407 -1.243364 -1.56405 -0.463921 -1.170314 -0.4719934 -1.15563 -0.463921 -1.170314 -1.199595 -1.640785 -0.4553914 -1.184737 -1.199595 -1.640785 -0.4464128 -1.198885 -0.4553914 -1.184737 -1.175924 -1.678084 -0.4369943 -1.212744 -0.4464128 -1.198885 -0.4369943 -1.212744 -1.125128 -1.75036 -0.4271453 -1.2263 -1.125128 -1.75036 -0.4168753 -1.23954 -0.4271453 -1.2263 -1.098052 -1.785266 -0.4061943 -1.252451 -0.4168753 -1.23954 -1.069894 -1.819303 -0.3951132 -1.26502 -0.4061943 -1.252451 -1.04068 -1.85244 -0.3836427 -1.277235 -0.3951132 -1.26502 -1.010439 -1.884643 -0.3717942 -1.289083 -0.3836427 -1.277235 -0.9792024 -1.91588 -0.3595794 -1.300554 -0.3717942 -1.289083 -0.3595794 -1.300554 -0.913863 -1.975334 -0.3470103 -1.311635 -0.913863 -1.975334 -0.3340994 -1.322316 -0.3470103 -1.311635 -0.8798251 -2.003493 -0.3208593 -1.332586 -0.3340994 -1.322316 -0.3208593 -1.332586 -0.8091805 -2.056534 -0.3073031 -1.342435 -0.8091805 -2.056534 -0.2934443 -1.351853 -0.3073031 -1.342435 -0.2934443 -1.351853 -0.7353448 -2.105035 -0.2792965 -1.360832 -0.2792965 -1.360832 -0.6973209 -2.127523 -0.2648737 -1.369361 -0.6973209 -2.127523 -0.25019 -1.377434 -0.2648737 -1.369361 -0.25019 -1.377434 -0.6192485 -2.16886 -0.23526 -1.385041 -0.6192485 -2.16886 -0.2200984 -1.392176 -0.23526 -1.385041 -0.5792772 -2.187669 -0.2047203 -1.39883 -0.2200984 -1.392176 -0.5387347 -2.205213 -0.1891406 -1.404999 -0.2047203 -1.39883 -0.1891406 -1.404999 -0.4560971 -2.236439 -0.1733749 -1.410675 -0.4560971 -2.236439 -0.1574387 -1.415853 -0.1733749 -1.410675 -0.1574387 -1.415853 -0.3716617 -2.262415 -0.1413477 -1.420527 -0.3716617 -2.262415 -0.1251178 -1.424695 -0.1413477 -1.420527 -0.1251178 -1.424695 -0.2857621 -2.283037 -0.1087651 -1.42835 -0.2857621 -2.283037 -0.09230566 -1.431489 -0.1087651 -1.42835 -0.2423689 -2.291315 -0.07575565 -1.434111 -0.09230566 -1.431489 -0.198737 -2.298226 -0.05913138 -1.436211 -0.07575565 -1.434111 -0.1549097 -2.303762 -0.04244947 -1.437788 -0.05913138 -1.436211 -0.04244947 -1.437788 -0.06684148 -2.310693 -0.02572625 -1.43884 -0.06684148 -2.310693 -0.008978247 -1.439366 -0.02572625 -1.43884 -0.02268749 -2.312081 0.007777988 -1.439366 -0.008978247 -1.439366 0.007777988 -1.439366 0.06564205 -2.310693 0.02452605 -1.43884 0.06564205 -2.310693 0.04124933 -1.437788 0.02452605 -1.43884 0.1097307 -2.307919 0.05793124 -1.436211 0.04124933 -1.437788 0.1537103 -2.303762 0.07455539 -1.434111 0.05793124 -1.436211 0.1975376 -2.298226 0.09110552 -1.431489 0.07455539 -1.434111 0.09110552 -1.431489 0.2845627 -2.283037 0.1075649 -1.42835 0.2845627 -2.283037 0.1239178 -1.424695 0.1075649 -1.42835 0.1239178 -1.424695 0.3704624 -2.262414 0.1401476 -1.420527 0.1401476 -1.420527 0.4128841 -2.25009 0.1562386 -1.415853 0.4128841 -2.25009 0.1721748 -1.410674 0.1562386 -1.415853 0.4548977 -2.236439 0.1879404 -1.404999 0.1721748 -1.410674 0.1879404 -1.404999 0.5375353 -2.205213 0.2035201 -1.39883 0.2035201 -1.39883 0.5780777 -2.187668 0.2188982 -1.392175 0.5780777 -2.187668 0.2340597 -1.385041 0.2188982 -1.392175 0.2340597 -1.385041 0.6574099 -2.148804 0.2489897 -1.377434 0.6574099 -2.148804 0.2636734 -1.369361 0.2489897 -1.377434 0.6961215 -2.127522 0.2780964 -1.360831 0.2636734 -1.369361 0.2780964 -1.360831 0.7714441 -2.081364 0.2922441 -1.351853 0.2922441 -1.351853 0.8079809 -2.056534 0.3061028 -1.342435 0.8079809 -2.056534 0.3196591 -1.332585 0.3061028 -1.342435 0.3196591 -1.332585 0.8786254 -2.003492 0.3328992 -1.322315 0.8786254 -2.003492 0.3458101 -1.311634 0.3328992 -1.322315 0.9126635 -1.975333 0.3583792 -1.300553 0.3458101 -1.311634 0.3583792 -1.300553 0.9780028 -1.915879 0.370594 -1.289083 0.9780028 -1.915879 0.3824424 -1.277234 0.370594 -1.289083 1.00924 -1.884642 0.3939128 -1.265019 0.3824424 -1.277234 1.03948 -1.852439 0.404994 -1.25245 0.3939128 -1.265019 0.404994 -1.25245 1.096852 -1.785264 0.4156748 -1.239539 1.096852 -1.785264 0.4259449 -1.226299 0.4156748 -1.239539 1.123928 -1.750359 0.4357939 -1.212743 0.4259449 -1.226299 1.149894 -1.71462 0.4452125 -1.198884 0.4357939 -1.212743 0.4452125 -1.198884 1.198395 -1.640784 0.4541909 -1.184736 1.198395 -1.640784 0.4627205 -1.170314 0.4541909 -1.184736 1.220882 -1.602761 0.4707928 -1.15563 0.4627205 -1.170314 0.4707928 -1.15563 1.262219 -1.524689 0.4783999 -1.1407 1.262219 -1.524689 0.4855345 -1.125539 0.4783999 -1.1407 0.4855345 -1.125539 1.298572 -1.444175 0.4921891 -1.110161 1.298572 -1.444175 0.4983576 -1.094581 0.4921891 -1.110161 1.314834 -1.403102 0.5040337 -1.078815 0.4983576 -1.094581 1.329798 -1.361538 0.5092115 -1.062879 0.5040337 -1.078815 1.343449 -1.319524 0.5138864 -1.046788 0.5092115 -1.062879 0.5138864 -1.046788 1.36676 -1.234315 0.5180535 -1.030558 1.36676 -1.234315 0.5217088 -1.014206 0.5180535 -1.030558 1.376396 -1.191203 0.5248487 -0.997746 0.5217088 -1.014206 1.384674 -1.14781 0.52747 -0.9811961 0.5248487 -0.997746 1.391585 -1.104178 0.52957 -0.9645721 0.52747 -0.9811961 0.52957 -0.9645721 1.401279 -1.016371 0.5311469 -0.9478899 1.401279 -1.016371 0.532199 -0.9311668 0.5311469 -0.9478899 1.404052 -0.9722822 0.5327253 -0.9144187 0.532199 -0.9311668 1.815587 0.710754 1.718812 0.6779789 1.815089 0.6663158 1.815089 0.6663158 1.718316 0.6335622 1.814592 0.6218993 1.814592 0.6218993 1.717827 0.5892104 1.814104 0.5775475 1.814104 0.5775475 1.717352 0.5449669 1.813629 0.5333037 1.813629 0.5333037 1.716895 0.5008746 1.813171 0.4892114 1.813171 0.4892114 1.716462 0.4569762 1.812738 0.445313 1.812738 0.445313 1.716057 0.4133149 1.812333 0.4016516 1.812333 0.4016516 1.715686 0.3699327 1.811962 0.3582696 1.811962 0.3582696 1.715354 0.3268722 1.81163 0.3152092 1.81163 0.3152092 1.715066 0.2841753 1.811343 0.2725123 1.811343 0.2725123 1.714827 0.2418835 1.811104 0.2302203 1.811104 0.2302203 1.714643 0.2000379 1.810919 0.1883748 1.810919 0.1883748 1.714517 0.1586794 1.810793 0.1470161 1.810793 0.1470161 1.714455 0.117848 1.810731 0.1061848 1.810731 0.1061848 1.714461 0.07758367 1.810738 0.06592047 1.810738 0.06592047 1.714542 0.03792524 1.810818 0.02626216 1.810818 0.02626216 1.7147 -0.001088321 1.810977 -0.01275146 1.810977 -0.01275146 1.714941 -0.03941947 1.811217 -0.05108273 1.811217 -0.05108273 1.715269 -0.07703071 1.811545 -0.08869367 1.811545 -0.08869367 1.715689 -0.1138854 1.811966 -0.1255486 1.811966 -0.1255486 1.716205 -0.1499481 1.812481 -0.1616112 1.812481 -0.1616112 1.716821 -0.1851837 1.813097 -0.1968469 1.813097 -0.1968469 1.717541 -0.2195578 1.813817 -0.2312208 1.813817 -0.2312208 1.718369 -0.2530372 1.814646 -0.2647002 1.814646 -0.2647002 1.719311 -0.2855891 1.815587 -0.2972521 1.708026 1.706149 1.612798 1.685502 1.709102 1.674075 1.709102 1.674075 1.613763 1.652485 1.710068 1.641057 1.710068 1.641057 1.614621 1.618556 1.710925 1.607128 1.710925 1.607128 1.615373 1.583749 1.711678 1.572321 1.711678 1.572321 1.616026 1.548097 1.712331 1.53667 1.712331 1.53667 1.616582 1.511635 1.712887 1.500208 1.712887 1.500208 1.617047 1.474398 1.713351 1.462971 1.713351 1.462971 1.617424 1.436424 1.713728 1.424996 1.713728 1.424996 1.617718 1.397747 1.714022 1.38632 1.714022 1.38632 1.617933 1.358407 1.714237 1.346979 1.714237 1.346979 1.618073 1.318441 1.714378 1.307013 1.714378 1.307013 1.618144 1.277888 1.714449 1.26646 1.714449 1.26646 1.61815 1.236788 1.714455 1.22536 1.714455 1.22536 1.618096 1.195181 1.714401 1.183753 1.714401 1.183753 1.617987 1.153106 1.714291 1.141679 1.714291 1.141679 1.617827 1.110606 1.714131 1.099179 1.714131 1.099179 1.617621 1.067722 1.713926 1.056294 1.713926 1.056294 1.617375 1.024494 1.713679 1.013067 1.713679 1.013067 1.617093 0.9809665 1.713397 0.9695392 1.713397 0.9695392 1.61678 0.9371805 1.713085 0.925753 1.713085 0.925753 1.616442 0.8931788 1.712747 0.8817512 1.712747 0.8817512 1.616083 0.8490044 1.712388 0.8375769 1.712388 0.8375769 1.615709 0.8047001 1.712014 0.7932726 1.712014 0.7932726 1.615325 0.7603098 1.71163 0.7488823 1.71163 0.7488823 1.614936 0.7158759 1.711241 0.7044484 1.711241 0.7044484 1.614546 0.671442 1.710851 0.6600145 1.710851 0.6600145 1.614162 0.6270514 1.710466 0.6156238 1.710466 0.6156238 1.613788 0.5827473 1.710093 0.5713198 1.710093 0.5713198 1.613429 0.5385729 1.709734 0.5271453 1.709734 0.5271453 1.613091 0.494571 1.709396 0.4831436 1.709396 0.4831436 1.612778 0.4507849 1.709083 0.4393575 1.709083 0.4393575 1.612496 0.407257 1.708801 0.3958296 1.708801 0.3958296 1.61225 0.3640298 1.708555 0.3526024 1.708555 0.3526024 1.612045 0.3211454 1.708349 0.3097179 1.708349 0.3097179 1.611884 0.2786453 1.708189 0.2672179 1.708189 0.2672179 1.611775 0.236571 1.70808 0.2251437 1.70808 0.2251437 1.611721 0.1949636 1.708026 0.1835362 1.708026 0.1835362 1.611727 0.1538635 1.708032 0.1424362 1.708032 0.1424362 1.611798 0.1133109 1.708103 0.1018834 1.708103 0.1018834 1.611939 0.07334476 1.708244 0.06191736 1.708244 0.06191736 1.612154 0.03400439 1.708458 0.02257692 1.708458 0.02257692 1.612448 -0.004671931 1.708752 -0.01609945 1.708752 -0.01609945 1.612824 -0.04264706 1.709129 -0.0540744 1.709129 -0.0540744 1.613289 -0.07988357 1.709594 -0.09131097 1.709594 -0.09131097 1.613846 -0.1163455 1.71015 -0.127773 1.71015 -0.127773 1.614498 -0.1519974 1.710803 -0.1634248 1.710803 -0.1634248 1.615251 -0.1868047 1.711555 -0.1982322 1.711555 -0.1982322 1.616108 -0.2207335 1.712413 -0.2321609 1.712413 -0.2321609 1.617073 -0.253751 1.713378 -0.2651786 1.713378 -0.2651786 1.61815 -0.2858248 1.714455 -0.2972521 1.501741 -0.308921 1.406563 -0.329049 1.502864 -0.3405121 1.502864 -0.3405121 1.407572 -0.361599 1.503872 -0.3730621 1.503872 -0.3730621 1.40847 -0.3950765 1.50477 -0.4065398 1.50477 -0.4065398 1.409262 -0.4294492 1.505562 -0.4409123 1.505562 -0.4409123 1.409951 -0.4646832 1.506251 -0.4761463 1.506251 -0.4761463 1.410542 -0.5007447 1.506842 -0.512208 1.506842 -0.512208 1.411038 -0.5375989 1.507338 -0.5490618 1.507338 -0.5490618 1.411444 -0.5752092 1.507745 -0.5866722 1.507745 -0.5866722 1.411765 -0.6135396 1.508065 -0.6250029 1.508065 -0.6250029 1.412004 -0.6525529 1.508305 -0.6640161 1.508305 -0.6640161 1.412167 -0.6922109 1.508467 -0.703674 1.508467 -0.703674 1.412257 -0.7324754 1.508558 -0.7439385 1.508558 -0.7439385 1.41228 -0.7733067 1.50858 -0.7847698 1.50858 -0.7847698 1.41224 -0.8146654 1.50854 -0.8261285 1.50854 -0.8261285 1.412142 -0.8565114 1.508443 -0.8679744 1.508443 -0.8679744 1.411991 -0.8988035 1.508292 -0.9102666 1.508292 -0.9102666 1.411792 -0.941501 1.508092 -0.9529641 1.508092 -0.9529641 1.41155 -0.984562 1.50785 -0.9960251 1.50785 -0.9960251 1.411268 -1.027945 1.507569 -1.039408 1.507569 -1.039408 1.410954 -1.071607 1.507255 -1.08307 1.507255 -1.08307 1.410612 -1.115506 1.506913 -1.126969 1.506913 -1.126969 1.410247 -1.159599 1.506548 -1.171062 1.506548 -1.171062 1.409864 -1.203843 1.506164 -1.215307 1.506164 -1.215307 1.409467 -1.248196 1.505768 -1.259659 1.505768 -1.259659 1.409063 -1.292614 1.505364 -1.304077 1.505364 -1.304077 1.408657 -1.337053 1.504957 -1.348516 1.504957 -1.348516 1.408253 -1.381471 1.504553 -1.392934 1.504553 -1.392934 1.407857 -1.425823 1.504157 -1.437286 1.504157 -1.437286 1.407473 -1.470067 1.503774 -1.481531 1.503774 -1.481531 1.407108 -1.514161 1.503408 -1.525624 1.503408 -1.525624 1.406766 -1.55806 1.503066 -1.569523 1.503066 -1.569523 1.406451 -1.601722 1.502752 -1.613185 1.502752 -1.613185 1.406171 -1.645105 1.502471 -1.656568 1.502471 -1.656568 1.405928 -1.688166 1.502228 -1.699629 1.502228 -1.699629 1.405729 -1.730864 1.502029 -1.742326 1.502029 -1.742326 1.405578 -1.773156 1.501878 -1.784619 1.501878 -1.784619 1.40548 -1.815002 1.501781 -1.826465 1.501781 -1.826465 1.40544 -1.85636 1.501741 -1.867824 1.501741 -1.867824 1.405463 -1.897192 1.501764 -1.908655 1.501764 -1.908655 1.405553 -1.937456 1.501854 -1.948919 1.501854 -1.948919 1.405716 -1.977114 1.502016 -1.988577 1.502016 -1.988577 1.405955 -2.016128 1.502256 -2.02759 1.502256 -2.02759 1.406276 -2.054458 1.502576 -2.065921 1.502576 -2.065921 1.406682 -2.092068 1.502983 -2.103531 1.502983 -2.103531 1.407179 -2.128922 1.503479 -2.140385 1.503479 -2.140385 1.407769 -2.164984 1.50407 -2.176447 1.50407 -2.176447 1.408458 -2.200218 1.504759 -2.211681 1.504759 -2.211681 1.40925 -2.23459 1.505551 -2.246053 1.505551 -2.246053 1.410149 -2.268068 1.506449 -2.279531 1.506449 -2.279531 1.411157 -2.300618 1.507457 -2.312081 1.81076 -0.3086795 1.715532 -0.3293263 1.811837 -0.3407536 1.811837 -0.3407536 1.716497 -0.3623437 1.812802 -0.3737711 1.812802 -0.3737711 1.717354 -0.3962726 1.813659 -0.4077 1.813659 -0.4077 1.718107 -0.4310798 1.814412 -0.4425073 1.814412 -0.4425073 1.71876 -0.4667319 1.815064 -0.4781591 1.815064 -0.4781591 1.719316 -0.5031936 1.815621 -0.5146211 1.815621 -0.5146211 1.719781 -0.5404301 1.816085 -0.5518576 1.816085 -0.5518576 1.720158 -0.578405 1.816463 -0.5898326 1.816463 -0.5898326 1.720451 -0.6170817 1.816756 -0.6285092 1.816756 -0.6285092 1.720666 -0.656422 1.816971 -0.6678494 1.816971 -0.6678494 1.720807 -0.6963881 1.817112 -0.7078154 1.817112 -0.7078154 1.720878 -0.736941 1.817183 -0.7483682 1.817183 -0.7483682 1.720884 -0.7780409 1.817189 -0.7894683 1.817189 -0.7894683 1.72083 -0.8196482 1.817135 -0.8310757 1.817135 -0.8310757 1.720721 -0.8617225 1.817025 -0.87315 1.817025 -0.87315 1.720561 -0.9042226 1.816865 -0.9156501 1.816865 -0.9156501 1.720355 -0.9471071 1.81666 -0.9585346 1.81666 -0.9585346 1.720109 -0.9903344 1.816414 -1.001762 1.816414 -1.001762 1.719827 -1.033862 1.816132 -1.04529 1.816132 -1.04529 1.719514 -1.077648 1.815819 -1.089076 1.815819 -1.089076 1.719176 -1.12165 1.815481 -1.133077 1.815481 -1.133077 1.718817 -1.165824 1.815122 -1.177252 1.815122 -1.177252 1.718443 -1.210129 1.814748 -1.221556 1.814748 -1.221556 1.718059 -1.254519 1.814364 -1.265947 1.814364 -1.265947 1.71767 -1.298952 1.813974 -1.31038 1.813974 -1.31038 1.71728 -1.343386 1.813585 -1.354814 1.813585 -1.354814 1.716896 -1.387777 1.813201 -1.399204 1.813201 -1.399204 1.716522 -1.432081 1.812826 -1.443509 1.812826 -1.443509 1.716163 -1.476256 1.812468 -1.487683 1.812468 -1.487683 1.715825 -1.520257 1.81213 -1.531685 1.81213 -1.531685 1.715512 -1.564043 1.811817 -1.575471 1.811817 -1.575471 1.71523 -1.607571 1.811535 -1.618999 1.811535 -1.618999 1.714984 -1.650798 1.811289 -1.662226 1.811289 -1.662226 1.714778 -1.693683 1.811083 -1.705111 1.811083 -1.705111 1.714618 -1.736183 1.810923 -1.747611 1.810923 -1.747611 1.714509 -1.778257 1.810814 -1.789685 1.810814 -1.789685 1.714455 -1.819865 1.81076 -1.831292 1.81076 -1.831292 1.714461 -1.860965 1.810766 -1.872392 1.810766 -1.872392 1.714532 -1.901517 1.810837 -1.912945 1.810837 -1.912945 1.714673 -1.941483 1.810978 -1.952911 1.810978 -1.952911 1.714888 -1.980824 1.811193 -1.992252 1.811193 -1.992252 1.715181 -2.0195 1.811486 -2.030928 1.811486 -2.030928 1.715558 -2.057476 1.811863 -2.068903 1.811863 -2.068903 1.716023 -2.094712 1.812328 -2.10614 1.812328 -2.10614 1.716579 -2.131174 1.812884 -2.142601 1.812884 -2.142601 1.717232 -2.166826 1.813537 -2.178253 1.813537 -2.178253 1.717985 -2.201633 1.814289 -2.213061 1.814289 -2.213061 1.718842 -2.235562 1.815147 -2.246989 1.815147 -2.246989 1.719807 -2.268579 1.816112 -2.280007 1.816112 -2.280007 1.720884 -2.300653 1.817189 -2.312081 1.501741 1.705702 1.406563 1.685574 1.502864 1.674111 1.502864 1.674111 1.407572 1.653024 1.503872 1.641561 1.503872 1.641561 1.40847 1.619546 1.50477 1.608083 1.50477 1.608083 1.409262 1.585174 1.505562 1.573711 1.505562 1.573711 1.409951 1.549939 1.506251 1.538476 1.506251 1.538476 1.410542 1.513878 1.506842 1.502415 1.506842 1.502415 1.411038 1.477024 1.507338 1.465561 1.507338 1.465561 1.411444 1.439414 1.507745 1.427951 1.507745 1.427951 1.411765 1.401083 1.508065 1.38962 1.508065 1.38962 1.412004 1.36207 1.508305 1.350607 1.508305 1.350607 1.412167 1.322412 1.508467 1.310949 1.508467 1.310949 1.412257 1.282148 1.508558 1.270684 1.508558 1.270684 1.41228 1.241316 1.50858 1.229853 1.50858 1.229853 1.41224 1.199957 1.50854 1.188494 1.50854 1.188494 1.412142 1.158111 1.508443 1.146648 1.508443 1.146648 1.411991 1.115819 1.508291 1.104356 1.508291 1.104356 1.411792 1.073122 1.508092 1.061659 1.508092 1.061659 1.41155 1.030061 1.50785 1.018598 1.50785 1.018598 1.411268 0.9866787 1.507569 0.9752157 1.507569 0.9752157 1.410954 0.9430165 1.507255 0.9315535 1.507255 0.9315535 1.410612 0.8991172 1.506913 0.8876542 1.506913 0.8876542 1.410247 0.855024 1.506547 0.8435609 1.506547 0.8435609 1.409864 0.8107796 1.506164 0.7993164 1.506164 0.7993164 1.409467 0.7664268 1.505768 0.7549636 1.505768 0.7549636 1.409063 0.7220093 1.505364 0.7105461 1.505364 0.7105461 1.408657 0.67757 1.504957 0.6661069 1.504957 0.6661069 1.408253 0.6331525 1.504553 0.6216895 1.504553 0.6216895 1.407857 0.5888 1.504157 0.577337 1.504157 0.577337 1.407473 0.5445557 1.503774 0.5330922 1.503774 0.5330922 1.407108 0.5004623 1.503408 0.4889991 1.503408 0.4889991 1.406766 0.4565631 1.503066 0.4450998 1.503066 0.4450998 1.406451 0.4129008 1.502752 0.4014378 1.502752 0.4014378 1.40617 0.3695181 1.502471 0.358055 1.502471 0.358055 1.405928 0.3264571 1.502228 0.3149939 1.502228 0.3149939 1.405729 0.2837597 1.502029 0.2722964 1.502029 0.2722964 1.405578 0.2414673 1.501878 0.2300041 1.501878 0.2300041 1.40548 0.1996214 1.50178 0.1881583 1.50178 0.1881583 1.40544 0.1582627 1.501741 0.1467996 1.501741 0.1467996 1.405463 0.1174313 1.501764 0.1059681 1.501764 0.1059681 1.405554 0.07716697 1.501854 0.06570392 1.501854 0.06570392 1.405716 0.03750884 1.502016 0.02604585 1.502016 0.02604585 1.405955 -0.001504361 1.502256 -0.01296746 1.502256 -0.01296746 1.406276 -0.03983485 1.502576 -0.0512979 1.502576 -0.0512979 1.406682 -0.07744538 1.502983 -0.08890843 1.502983 -0.08890843 1.407179 -0.1142992 1.503479 -0.1257624 1.503479 -0.1257624 1.407769 -0.1503607 1.50407 -0.1618238 1.50407 -0.1618238 1.408458 -0.1855948 1.504759 -0.1970579 1.504759 -0.1970579 1.40925 -0.2199674 1.505551 -0.2314305 1.505551 -0.2314305 1.410149 -0.253445 1.506449 -0.264908 1.506449 -0.264908 1.411157 -0.2859951 1.507457 -0.2974581 1.708025 -0.3086796 1.612798 -0.3293263 1.709102 -0.3407539 1.709102 -0.3407539 1.613763 -0.3623437 1.710068 -0.3737712 1.710068 -0.3737712 1.61462 -0.3962726 1.710924 -0.4077001 1.710924 -0.4077001 1.615373 -0.4310798 1.711678 -0.4425073 1.711678 -0.4425073 1.616026 -0.4667319 1.71233 -0.4781591 1.71233 -0.4781591 1.616582 -0.5031939 1.712887 -0.5146211 1.712887 -0.5146211 1.617047 -0.5404302 1.713351 -0.5518576 1.713351 -0.5518576 1.617424 -0.5784054 1.713728 -0.5898327 1.713728 -0.5898327 1.617717 -0.6170818 1.714022 -0.6285092 1.714022 -0.6285092 1.617932 -0.6564216 1.714237 -0.667849 1.714237 -0.667849 1.618073 -0.6963875 1.714378 -0.7078149 1.714378 -0.7078149 1.618144 -0.7369404 1.714449 -0.7483678 1.714449 -0.7483678 1.61815 -0.7780404 1.714455 -0.7894678 1.714455 -0.7894678 1.618096 -0.8196479 1.714401 -0.8310753 1.714401 -0.8310753 1.617987 -0.8617219 1.714291 -0.8731494 1.714291 -0.8731494 1.617827 -0.904222 1.714131 -0.9156494 1.714131 -0.9156494 1.617621 -0.9471066 1.713926 -0.958534 1.713926 -0.958534 1.617375 -0.9903338 1.713679 -1.001761 1.713679 -1.001761 1.617093 -1.033862 1.713397 -1.045289 1.713397 -1.045289 1.61678 -1.077648 1.713085 -1.089075 1.713085 -1.089075 1.616442 -1.12165 1.712746 -1.133077 1.712746 -1.133077 1.616083 -1.165824 1.712388 -1.177251 1.712388 -1.177251 1.615709 -1.210128 1.712014 -1.221555 1.712014 -1.221555 1.615325 -1.254519 1.711629 -1.265946 1.711629 -1.265946 1.614936 -1.298953 1.71124 -1.31038 1.71124 -1.31038 1.614546 -1.343387 1.710851 -1.354814 1.710851 -1.354814 1.614162 -1.387777 1.710466 -1.399205 1.710466 -1.399205 1.613788 -1.432081 1.710092 -1.443509 1.710092 -1.443509 1.613429 -1.476256 1.709733 -1.487683 1.709733 -1.487683 1.613091 -1.520257 1.709396 -1.531685 1.709396 -1.531685 1.612778 -1.564043 1.709083 -1.575471 1.709083 -1.575471 1.612496 -1.607571 1.708801 -1.618999 1.708801 -1.618999 1.61225 -1.650799 1.708554 -1.662226 1.708554 -1.662226 1.612045 -1.693683 1.708349 -1.705111 1.708349 -1.705111 1.611884 -1.736183 1.708189 -1.747611 1.708189 -1.747611 1.611775 -1.778258 1.70808 -1.789685 1.70808 -1.789685 1.611721 -1.819865 1.708026 -1.831292 1.708026 -1.831292 1.611727 -1.860965 1.708032 -1.872392 1.708032 -1.872392 1.611798 -1.901518 1.708103 -1.912945 1.708103 -1.912945 1.611939 -1.941484 1.708244 -1.952911 1.708244 -1.952911 1.612154 -1.980824 1.708458 -1.992252 1.708458 -1.992252 1.612448 -2.019501 1.708752 -2.030928 1.708752 -2.030928 1.612825 -2.057476 1.709129 -2.068903 1.709129 -2.068903 1.613289 -2.094712 1.709594 -2.10614 1.709594 -2.10614 1.613846 -2.131174 1.71015 -2.142601 1.71015 -2.142601 1.614498 -2.166826 1.710803 -2.178253 1.710803 -2.178253 1.615251 -2.201633 1.711555 -2.213061 1.711555 -2.213061 1.616108 -2.235562 1.712413 -2.246989 1.712413 -2.246989 1.617073 -2.268579 1.713378 -2.280007 1.713378 -2.280007 1.61815 -2.300653 1.714455 -2.312081 1.604881 -0.3089215 1.509703 -0.3290498 1.606004 -0.3405128 1.606004 -0.3405128 1.510712 -0.3615996 1.607012 -0.3730627 1.607012 -0.3730627 1.51161 -0.3950772 1.607911 -0.4065402 1.607911 -0.4065402 1.512402 -0.4294498 1.608702 -0.4409129 1.608702 -0.4409129 1.513091 -0.464684 1.609391 -0.4761469 1.609391 -0.4761469 1.513682 -0.5007455 1.609982 -0.5122086 1.609982 -0.5122086 1.514178 -0.5375995 1.610478 -0.5490625 1.610478 -0.5490625 1.514584 -0.5752099 1.610885 -0.5866729 1.610885 -0.5866729 1.514905 -0.6135404 1.611205 -0.6250035 1.611205 -0.6250035 1.515144 -0.6525536 1.611444 -0.6640167 1.611444 -0.6640167 1.515307 -0.6922116 1.611607 -0.7036749 1.611607 -0.7036749 1.515397 -0.732476 1.611698 -0.7439393 1.611698 -0.7439393 1.51542 -0.7733075 1.61172 -0.7847707 1.61172 -0.7847707 1.51538 -0.8146662 1.611681 -0.8261293 1.611681 -0.8261293 1.515283 -0.856512 1.611583 -0.8679754 1.611583 -0.8679754 1.515131 -0.8988043 1.611432 -0.9102675 1.611432 -0.9102675 1.514932 -0.9415017 1.611233 -0.9529648 1.611233 -0.9529648 1.51469 -0.984563 1.61099 -0.9960259 1.61099 -0.9960259 1.514409 -1.027945 1.610709 -1.039409 1.610709 -1.039409 1.514095 -1.071608 1.610395 -1.083071 1.610395 -1.083071 1.513753 -1.115507 1.610053 -1.12697 1.610053 -1.12697 1.513387 -1.1596 1.609688 -1.171063 1.609688 -1.171063 1.513004 -1.203845 1.609304 -1.215308 1.609304 -1.215308 1.512608 -1.248196 1.608908 -1.259659 1.608908 -1.259659 1.512204 -1.292614 1.608504 -1.304077 1.608504 -1.304077 1.511797 -1.337053 1.608098 -1.348516 1.608098 -1.348516 1.511393 -1.38147 1.607694 -1.392933 1.607694 -1.392933 1.510997 -1.425823 1.607298 -1.437286 1.607298 -1.437286 1.510614 -1.470067 1.606914 -1.481531 1.606914 -1.481531 1.510248 -1.514161 1.606549 -1.525624 1.606549 -1.525624 1.509906 -1.55806 1.606206 -1.569523 1.606206 -1.569523 1.509592 -1.601722 1.605892 -1.613185 1.605892 -1.613185 1.509311 -1.645105 1.605611 -1.656568 1.605611 -1.656568 1.509069 -1.688166 1.605369 -1.699629 1.605369 -1.699629 1.508869 -1.730863 1.605169 -1.742326 1.605169 -1.742326 1.508718 -1.773156 1.605019 -1.784619 1.605019 -1.784619 1.50862 -1.815002 1.604921 -1.826465 1.604921 -1.826465 1.50858 -1.85636 1.604881 -1.867823 1.604881 -1.867823 1.508604 -1.897192 1.604904 -1.908655 1.604904 -1.908655 1.508694 -1.937456 1.604994 -1.948919 1.604994 -1.948919 1.508856 -1.977114 1.605157 -1.988577 1.605157 -1.988577 1.509096 -2.016127 1.605396 -2.02759 1.605396 -2.02759 1.509416 -2.054458 1.605716 -2.065921 1.605716 -2.065921 1.509822 -2.092068 1.606123 -2.103531 1.606123 -2.103531 1.510319 -2.128922 1.606619 -2.140385 1.606619 -2.140385 1.51091 -2.164984 1.60721 -2.176447 1.60721 -2.176447 1.511599 -2.200218 1.607899 -2.211681 1.607899 -2.211681 1.51239 -2.234591 1.608691 -2.246054 1.608691 -2.246054 1.513289 -2.268068 1.609589 -2.279531 1.609589 -2.279531 1.514297 -2.300618 1.610598 -2.312081 1.604885 1.705943 1.509658 1.685296 1.605962 1.673869 1.605962 1.673869 1.510623 1.652279 1.606928 1.640851 1.606928 1.640851 1.51148 1.61835 1.607785 1.606923 1.607785 1.606923 1.512233 1.583543 1.608538 1.572116 1.608538 1.572116 1.512885 1.547891 1.60919 1.536464 1.60919 1.536464 1.513442 1.511429 1.609747 1.500001 1.609747 1.500001 1.513907 1.474193 1.610211 1.462765 1.610211 1.462765 1.514284 1.436218 1.610588 1.42479 1.610588 1.42479 1.514577 1.397541 1.610882 1.386114 1.610882 1.386114 1.514792 1.358201 1.611096 1.346773 1.611096 1.346773 1.514933 1.318235 1.611237 1.306807 1.611237 1.306807 1.515004 1.277682 1.611309 1.266255 1.611309 1.266255 1.51501 1.236582 1.611315 1.225154 1.611315 1.225154 1.514956 1.194975 1.611261 1.183547 1.611261 1.183547 1.514846 1.1529 1.611151 1.141473 1.611151 1.141473 1.514687 1.1104 1.610991 1.098973 1.610991 1.098973 1.514481 1.067515 1.610786 1.056088 1.610786 1.056088 1.514235 1.024288 1.610539 1.012861 1.610539 1.012861 1.513953 0.9807603 1.610257 0.9693331 1.610257 0.9693331 1.51364 0.9369744 1.609945 0.9255468 1.609945 0.9255468 1.513302 0.8929726 1.609607 0.881545 1.609607 0.881545 1.512943 0.8487982 1.609248 0.8373706 1.609248 0.8373706 1.512569 0.804494 1.608874 0.7930668 1.608874 0.7930668 1.512185 0.7601032 1.608489 0.7486762 1.608489 0.7486762 1.511796 0.7156695 1.6081 0.7042423 1.6081 0.7042423 1.511406 0.6712355 1.60771 0.6598084 1.60771 0.6598084 1.511021 0.6268449 1.607326 0.6154178 1.607326 0.6154178 1.510648 0.5825408 1.606952 0.5711135 1.606952 0.5711135 1.510289 0.5383663 1.606594 0.5269391 1.606594 0.5269391 1.509951 0.4943649 1.606255 0.4829373 1.606255 0.4829373 1.509638 0.4505786 1.605943 0.4391512 1.605943 0.4391512 1.509356 0.4070508 1.605661 0.3956233 1.605661 0.3956233 1.50911 0.3638236 1.605415 0.3523961 1.605415 0.3523961 1.508904 0.3209389 1.605209 0.3095116 1.605209 0.3095116 1.508744 0.2784389 1.605049 0.2670114 1.605049 0.2670114 1.508635 0.2363647 1.60494 0.2249373 1.60494 0.2249373 1.508581 0.1947573 1.604885 0.1833299 1.604885 0.1833299 1.508587 0.1536572 1.604892 0.1422298 1.604892 0.1422298 1.508658 0.1131044 1.604963 0.101677 1.604963 0.101677 1.508799 0.07313835 1.605103 0.06171101 1.605103 0.06171101 1.509014 0.03379809 1.605318 0.02237069 1.605318 0.02237069 1.509307 -0.004878282 1.605612 -0.01630568 1.605612 -0.01630568 1.509684 -0.04285341 1.605989 -0.05428069 1.605989 -0.05428069 1.510149 -0.08008998 1.606453 -0.09151732 1.606453 -0.09151732 1.510705 -0.1165518 1.60701 -0.1279791 1.60701 -0.1279791 1.511358 -0.1522036 1.607663 -0.163631 1.607663 -0.163631 1.512111 -0.1870108 1.608416 -0.1984384 1.608416 -0.1984384 1.512968 -0.2209395 1.609273 -0.232367 1.609273 -0.232367 1.513933 -0.2539572 1.610238 -0.2653846 1.610238 -0.2653846 1.51501 -0.2860314 1.611315 -0.2974587 1.810713 1.717579 1.715463 1.697797 1.811721 1.685984 1.811721 1.685984 1.716353 1.665244 1.812611 1.65343 1.812611 1.65343 1.717129 1.631763 1.813387 1.61995 1.813387 1.61995 1.717796 1.597388 1.814054 1.585574 1.814054 1.585574 1.718357 1.562152 1.814615 1.550338 1.814615 1.550338 1.718816 1.526088 1.815074 1.514275 1.815074 1.514275 1.719178 1.489233 1.815436 1.477419 1.815436 1.477419 1.719447 1.451621 1.815706 1.439807 1.815706 1.439807 1.719628 1.41329 1.815886 1.401476 1.815886 1.401476 1.719726 1.374277 1.815984 1.362463 1.815984 1.362463 1.719744 1.334618 1.816002 1.322805 1.816002 1.322805 1.719688 1.294354 1.815946 1.282541 1.815946 1.282541 1.719562 1.253523 1.81582 1.241709 1.81582 1.241709 1.719372 1.212165 1.81563 1.200351 1.81563 1.200351 1.719122 1.170319 1.815379 1.158506 1.815379 1.158506 1.718817 1.128028 1.815075 1.116214 1.815075 1.116214 1.718462 1.085331 1.81472 1.073518 1.81472 1.073518 1.718063 1.042272 1.814321 1.030458 1.814321 1.030458 1.717624 0.9988899 1.813882 0.9870765 1.813882 0.9870765 1.717151 0.9552295 1.813409 0.9434158 1.813409 0.9434158 1.716649 0.9113315 1.812907 0.8995183 1.812907 0.8995183 1.716123 0.86724 1.812381 0.8554266 1.812381 0.8554266 1.715578 0.8229971 1.811836 0.8111838 1.811836 0.8111838 1.715021 0.7786464 1.811279 0.7668326 1.811279 0.7668326 1.714455 0.7342306 1.810713 0.7224169 -0.01583361 1.372715 -0.06684255 0.5013875 -0.01583361 0.5 -0.02572661 1.373241 -0.110931 0.5041615 -0.06684255 0.5013875 -0.04244977 1.374293 -0.1549106 0.5083186 -0.110931 0.5041615 -0.1549106 0.5083186 -0.07575595 1.37797 -0.198738 0.5138552 -0.07575595 1.37797 -0.2423699 0.520766 -0.198738 0.5138552 -0.09230601 1.380592 -0.2857632 0.5290436 -0.2423699 0.520766 -0.2857632 0.5290436 -0.1251181 1.387387 -0.3288749 0.5386804 -0.3288749 0.5386804 -0.141348 1.391554 -0.3716627 0.5496664 -0.141348 1.391554 -0.4140844 0.561991 -0.3716627 0.5496664 -0.4140844 0.561991 -0.1733753 1.401406 -0.4560979 0.5756422 -0.1733753 1.401406 -0.497662 0.5906063 -0.4560979 0.5756422 -0.497662 0.5906063 -0.2047204 1.413251 -0.5387355 0.6068685 -0.2047204 1.413251 -0.579278 0.6244128 -0.5387355 0.6068685 -0.579278 0.6244128 -0.2352603 1.42704 -0.6192494 0.6432217 -0.2352603 1.42704 -0.6586102 0.6632773 -0.6192494 0.6432217 -0.2501902 1.434648 -0.6973217 0.6845591 -0.6586102 0.6632773 -0.6973217 0.6845591 -0.2792966 1.45125 -0.7353456 0.7070462 -0.7353456 0.7070462 -0.2934445 1.460228 -0.7726444 0.7307167 -0.2934445 1.460228 -0.8091811 0.7555472 -0.7726444 0.7307167 -0.8091811 0.7555472 -0.3208594 1.479496 -0.8449199 0.7815129 -0.3208594 1.479496 -0.8798256 0.8085888 -0.8449199 0.7815129 -0.8798256 0.8085888 -0.3470105 1.500446 -0.9138638 0.8367474 -0.3470105 1.500446 -0.9470003 0.8659614 -0.9138638 0.8367474 -0.9470003 0.8659614 -0.3717944 1.522998 -0.979203 0.8962017 -0.3717944 1.522998 -1.01044 0.9274385 -0.979203 0.8962017 -1.01044 0.9274385 -0.3951134 1.547062 -1.04068 0.9596413 -0.3951134 1.547062 -1.069894 0.9927781 -1.04068 0.9596413 -1.069894 0.9927781 -0.4168753 1.572541 -1.098053 1.026816 -0.4168753 1.572541 -1.125128 1.061722 -1.098053 1.026816 -0.4271454 1.585781 -1.151094 1.09746 -1.125128 1.061722 -0.4369944 1.599338 -1.175925 1.133997 -1.151094 1.09746 -0.4464129 1.613197 -1.199595 1.171296 -1.175925 1.133997 -0.4553914 1.627344 -1.222082 1.20932 -1.199595 1.171296 -1.222082 1.20932 -0.4719934 1.656451 -1.243364 1.248031 -1.243364 1.248031 -0.4796006 1.671381 -1.263419 1.287392 -0.4796006 1.671381 -1.282228 1.327364 -1.263419 1.287392 -0.4867351 1.686542 -1.299773 1.367906 -1.282228 1.327364 -1.299773 1.367906 -0.4995582 1.7175 -1.316035 1.40898 -0.4995582 1.7175 -1.330999 1.450544 -1.316035 1.40898 -1.330999 1.450544 -0.5104122 1.749202 -1.34465 1.492557 -0.5104122 1.749202 -1.356974 1.534979 -1.34465 1.492557 -1.356974 1.534979 -0.5192541 1.781523 -1.36796 1.577767 -0.5192541 1.781523 -1.377597 1.620879 -1.36796 1.577767 -1.377597 1.620879 -0.5260493 1.814335 -1.385875 1.664272 -0.5260493 1.814335 -1.392786 1.707904 -1.385875 1.664272 -0.5286704 1.830885 -1.398322 1.751731 -1.392786 1.707904 -0.5307705 1.847509 -1.402479 1.795711 -1.398322 1.751731 -1.402479 1.795711 -0.5333996 1.880914 -1.405253 1.839799 -1.405253 1.839799 -0.533926 1.897662 -1.406641 1.883953 -0.533926 1.897662 -1.406641 1.928129 -1.406641 1.883953 -0.533926 1.914419 -1.405253 1.972283 -1.406641 1.928129 -0.5333996 1.931167 -1.402479 2.016372 -1.405253 1.972283 -0.5323475 1.94789 -1.398322 2.060351 -1.402479 2.016372 -0.5307705 1.964572 -1.392785 2.104178 -1.398322 2.060351 -0.5286703 1.981196 -1.385874 2.14781 -1.392785 2.104178 -1.385874 2.14781 -0.5229093 2.014205 -1.377597 2.191204 -1.377597 2.191204 -0.519254 2.030559 -1.36796 2.234315 -0.519254 2.030559 -1.356974 2.277103 -1.36796 2.234315 -1.356974 2.277103 -0.510412 2.062879 -1.34465 2.319525 -0.510412 2.062879 -1.330998 2.361538 -1.34465 2.319525 -1.330998 2.361538 -0.499558 2.094581 -1.316035 2.403102 -0.499558 2.094581 -1.299772 2.444176 -1.316035 2.403102 -0.4933896 2.110161 -1.282228 2.484718 -1.299772 2.444176 -0.4867349 2.125539 -1.263419 2.52469 -1.282228 2.484718 -0.4796004 2.140701 -1.243364 2.56405 -1.263419 2.52469 -0.4719932 2.155631 -1.222082 2.602762 -1.243364 2.56405 -1.222082 2.602762 -0.4553911 2.184737 -1.199594 2.640786 -1.199594 2.640786 -0.4464126 2.198884 -1.175924 2.678085 -1.175924 2.678085 -0.4369942 2.212744 -1.151093 2.714622 -0.4369942 2.212744 -1.125127 2.75036 -1.151093 2.714622 -1.125127 2.75036 -0.416875 2.23954 -1.098052 2.785266 -0.416875 2.23954 -1.069893 2.819304 -1.098052 2.785266 -1.069893 2.819304 -0.395113 2.26502 -1.040679 2.852441 -1.040679 2.852441 -0.3836424 2.277235 -1.010439 2.884644 -0.3836424 2.277235 -0.9792022 2.91588 -1.010439 2.884644 -0.9792022 2.91588 -0.3595792 2.300553 -0.9469994 2.94612 -0.9469994 2.94612 -0.34701 2.311635 -0.9138628 2.975334 -0.34701 2.311635 -0.8798249 3.003493 -0.9138628 2.975334 -0.3340992 2.322315 -0.8449191 3.030568 -0.8798249 3.003493 -0.3208591 2.332586 -0.8091802 3.056534 -0.8449191 3.030568 -0.307303 2.342435 -0.7726433 3.081365 -0.8091802 3.056534 -0.2934441 2.351853 -0.7353444 3.105035 -0.7726433 3.081365 -0.7353444 3.105035 -0.2648736 2.369361 -0.6973206 3.127523 -0.2648736 2.369361 -0.658609 3.148804 -0.6973206 3.127523 -0.658609 3.148804 -0.2352597 2.385041 -0.6192482 3.16886 -0.2352597 2.385041 -0.5792768 3.187669 -0.6192482 3.16886 -0.5792768 3.187669 -0.2047201 2.39883 -0.5387343 3.205213 -0.2047201 2.39883 -0.4976607 3.221475 -0.5387343 3.205213 -0.4976607 3.221475 -0.1733747 2.410675 -0.4560967 3.236439 -0.4560967 3.236439 -0.1574385 2.415853 -0.414083 3.25009 -0.414083 3.25009 -0.1413475 2.420527 -0.3716614 3.262415 -0.1413475 2.420527 -0.3288735 3.273401 -0.3716614 3.262415 -0.1251177 2.424695 -0.2857617 3.283037 -0.3288735 3.273401 -0.2857617 3.283037 -0.09230542 2.431489 -0.2423685 3.291315 -0.09230542 2.431489 -0.1987366 3.298226 -0.2423685 3.291315 -0.1987366 3.298226 -0.05913126 2.436211 -0.1549092 3.303762 -0.05913126 2.436211 -0.1109299 3.307919 -0.1549092 3.303762 -0.1109299 3.307919 -0.02572625 2.43884 -0.06684136 3.310693 -0.02572625 2.43884 -0.02268749 3.312081 -0.06684136 3.310693 -0.008978128 2.439366 0.02148824 3.312081 -0.02268749 3.312081 0.007778227 2.439366 0.06564205 3.310693 0.02148824 3.312081 0.02452629 2.43884 0.1097307 3.307919 0.06564205 3.310693 0.04124933 2.437788 0.1537103 3.303762 0.1097307 3.307919 0.05793136 2.436211 0.1975376 3.298225 0.1537103 3.303762 0.07455557 2.434111 0.2411695 3.291315 0.1975376 3.298225 0.2411695 3.291315 0.1075649 2.428349 0.2845629 3.283037 0.2845629 3.283037 0.1239178 2.424694 0.3276746 3.273401 0.1239178 2.424694 0.3704624 3.262414 0.3276746 3.273401 0.3704624 3.262414 0.1562386 2.415852 0.4128841 3.25009 0.1562386 2.415852 0.4548977 3.236439 0.4128841 3.25009 0.4548977 3.236439 0.1879404 2.404998 0.4964619 3.221475 0.1879404 2.404998 0.5375353 3.205212 0.4964619 3.221475 0.5375353 3.205212 0.2188982 2.392175 0.5780777 3.187668 0.2188982 2.392175 0.618049 3.168859 0.5780777 3.187668 0.618049 3.168859 0.2489898 2.377433 0.65741 3.148803 0.65741 3.148803 0.2636734 2.369361 0.6961215 3.127522 0.2636734 2.369361 0.7341453 3.105034 0.6961215 3.127522 0.7341453 3.105034 0.2922441 2.351853 0.7714439 3.081364 0.2922441 2.351853 0.8079807 3.056534 0.7714439 3.081364 0.8079807 3.056534 0.3196591 2.332585 0.8437197 3.030568 0.3196591 2.332585 0.8786253 3.003492 0.8437197 3.030568 0.3328992 2.322315 0.9126634 2.975334 0.8786253 3.003492 0.3458101 2.311635 0.9458 2.94612 0.9126634 2.975334 0.3583792 2.300553 0.9780026 2.915879 0.9458 2.94612 0.370594 2.289083 1.00924 2.884642 0.9780026 2.915879 0.3824424 2.277234 1.03948 2.852439 1.00924 2.884642 1.03948 2.852439 0.404994 2.25245 1.068694 2.819303 0.404994 2.25245 1.096852 2.785265 1.068694 2.819303 1.096852 2.785265 0.4259451 2.226299 1.123928 2.750359 0.4259451 2.226299 1.149894 2.71462 1.123928 2.750359 1.149894 2.71462 0.4452125 2.198884 1.174724 2.678083 0.4452125 2.198884 1.198395 2.640784 1.174724 2.678083 1.198395 2.640784 0.4627205 2.170314 1.220882 2.602761 0.4627205 2.170314 1.242164 2.564049 1.220882 2.602761 0.4707929 2.15563 1.262219 2.524688 1.242164 2.564049 0.4784003 2.1407 1.281028 2.484717 1.262219 2.524688 1.281028 2.484717 0.4921894 2.11016 1.298573 2.444175 0.4921894 2.11016 1.314834 2.403101 1.298573 2.444175 1.314834 2.403101 0.5040338 2.078815 1.329798 2.361536 0.5040338 2.078815 1.343449 2.319523 1.329798 2.361536 1.343449 2.319523 0.5138866 2.046787 1.355774 2.277101 0.5138866 2.046787 1.36676 2.234313 1.355774 2.277101 1.36676 2.234313 0.521709 2.014205 1.376397 2.191202 0.521709 2.014205 1.384674 2.147808 1.376397 2.191202 0.5248488 1.997745 1.391585 2.104176 1.384674 2.147808 1.391585 2.104176 0.5295701 1.964571 1.397122 2.060349 1.397122 2.060349 0.531147 1.94789 1.401279 2.016369 0.531147 1.94789 1.404052 1.972281 1.401279 2.016369 1.404052 1.972281 0.5327255 1.914418 1.40544 1.928127 1.40544 1.928127 0.5327255 1.897662 1.40544 1.883952 0.5327255 1.897662 1.404052 1.839798 1.40544 1.883952 0.5321992 1.880914 1.401279 1.795709 1.404052 1.839798 0.531147 1.864191 1.397121 1.75173 1.401279 1.795709 1.397121 1.75173 0.52747 1.830885 1.391585 1.707902 0.52747 1.830885 1.384674 1.664271 1.391585 1.707902 1.384674 1.664271 0.5217088 1.797875 1.376396 1.620877 1.376396 1.620877 0.5180535 1.781522 1.36676 1.577766 0.5180535 1.781522 1.355774 1.534978 1.36676 1.577766 1.355774 1.534978 0.5092115 1.749202 1.343449 1.492556 0.5092115 1.749202 1.329798 1.450543 1.343449 1.492556 1.329798 1.450543 0.4983576 1.7175 1.314834 1.408978 0.4983576 1.7175 1.298572 1.367905 1.314834 1.408978 0.4921891 1.70192 1.281027 1.327362 1.298572 1.367905 1.281027 1.327362 0.4783999 1.67138 1.262218 1.287391 0.4783999 1.67138 1.242163 1.248031 1.262218 1.287391 1.242163 1.248031 0.4627202 1.641767 1.220881 1.209319 1.220881 1.209319 0.4541905 1.627344 1.198394 1.171295 0.4541905 1.627344 1.174723 1.133996 1.198394 1.171295 1.174723 1.133996 0.4357936 1.599337 1.149893 1.097459 0.4357936 1.599337 1.123927 1.06172 1.149893 1.097459 0.4259445 1.585781 1.096851 1.026815 1.123927 1.06172 1.096851 1.026815 0.4049936 1.55963 1.068693 0.9927768 0.4049936 1.55963 1.039479 0.95964 1.068693 0.9927768 0.3939125 1.547061 1.009238 0.9274374 1.039479 0.95964 0.3824419 1.534846 0.9780014 0.8962004 1.009238 0.9274374 0.3705935 1.522998 0.9457986 0.8659601 0.9780014 0.8962004 0.3583785 1.511527 0.912662 0.8367465 0.9457986 0.8659601 0.3458095 1.500446 0.8786239 0.8085878 0.912662 0.8367465 0.8786239 0.8085878 0.3196583 1.479495 0.8437182 0.7815123 0.8437182 0.7815123 0.3061023 1.469646 0.8079795 0.7555463 0.3061023 1.469646 0.7714424 0.7307161 0.8079795 0.7555463 0.7714424 0.7307161 0.2780957 1.451249 0.7341436 0.7070454 0.2780957 1.451249 0.6961196 0.684558 0.7341436 0.7070454 0.2636728 1.44272 0.6574081 0.6632763 0.6961196 0.684558 0.6574081 0.6632763 0.2340592 1.42704 0.6180472 0.6432211 0.6180472 0.6432211 0.2188976 1.419905 0.5780759 0.6244118 0.2188976 1.419905 0.5375335 0.6068677 0.5780759 0.6244118 0.5375335 0.6068677 0.1879398 1.407083 0.4964599 0.5906056 0.4964599 0.5906056 0.1721741 1.401406 0.4548957 0.5756414 0.1721741 1.401406 0.4128822 0.5619907 0.4548957 0.5756414 0.4128822 0.5619907 0.1401469 1.391553 0.3704604 0.5496661 0.1401469 1.391553 0.3276727 0.5386801 0.3704604 0.5496661 0.3276727 0.5386801 0.1075645 1.383731 0.2845614 0.5290436 0.2845614 0.5290436 0.09110498 1.380592 0.2411682 0.520766 0.09110498 1.380592 0.1975363 0.5138552 0.2411682 0.520766 0.1975363 0.5138552 0.05793082 1.37587 0.153709 0.5083186 0.05793082 1.37587 0.1097294 0.5041615 0.153709 0.5083186 0.04124885 1.374293 0.06564074 0.5013875 0.1097294 0.5041615 0.06564074 0.5013875 0.01463222 1.372715 0.01463222 0.5 0.01463222 0.5 -0.008978664 1.372715 -0.0226888 0.5 -0.008978664 1.372715 -0.06684279 0.5013875 -0.0226888 0.5 -0.02572673 1.373241 -0.1109313 0.5041615 -0.06684279 0.5013875 -0.04244995 1.374293 -0.154911 0.5083186 -0.1109313 0.5041615 -0.05913192 1.37587 -0.1987383 0.5138556 -0.154911 0.5083186 -0.07575601 1.37797 -0.2423701 0.5207663 -0.1987383 0.5138556 -0.2423701 0.5207663 -0.1087656 1.383731 -0.2857634 0.5290436 -0.1087656 1.383731 -0.3288753 0.5386804 -0.2857634 0.5290436 -0.3288753 0.5386804 -0.1413483 1.391554 -0.3716632 0.5496664 -0.1413483 1.391554 -0.4140847 0.5619913 -0.3716632 0.5496664 -0.4140847 0.5619913 -0.1733753 1.401407 -0.4560983 0.5756425 -0.1733753 1.401407 -0.4976624 0.5906063 -0.4560983 0.5756425 -0.4976624 0.5906063 -0.2047206 1.413251 -0.5387361 0.6068685 -0.2047206 1.413251 -0.5792784 0.6244128 -0.5387361 0.6068685 -0.2200988 1.419906 -0.6192497 0.643222 -0.5792784 0.6244128 -0.6192497 0.643222 -0.2501904 1.434648 -0.6586106 0.6632773 -0.2501904 1.434648 -0.6973221 0.6845591 -0.6586106 0.6632773 -0.6973221 0.6845591 -0.2792969 1.45125 -0.735346 0.7070465 -0.2792969 1.45125 -0.7726449 0.730717 -0.735346 0.7070465 -0.2934447 1.460228 -0.8091816 0.7555477 -0.7726449 0.730717 -0.8091816 0.7555477 -0.3208596 1.479496 -0.8449205 0.7815133 -0.3208596 1.479496 -0.8798262 0.8085891 -0.8449205 0.7815133 -0.3340997 1.489766 -0.913864 0.8367478 -0.8798262 0.8085891 -0.913864 0.8367478 -0.3595798 1.511528 -0.9470009 0.8659617 -0.3595798 1.511528 -0.9792036 0.8962022 -0.9470009 0.8659617 -0.3717946 1.522998 -1.01044 0.9274392 -0.9792036 0.8962022 -0.383643 1.534847 -1.040681 0.9596417 -1.01044 0.9274392 -1.040681 0.9596417 -0.4061946 1.559631 -1.069895 0.9927784 -0.4061946 1.559631 -1.098053 1.026817 -1.069895 0.9927784 -0.4168755 1.572542 -1.125129 1.061722 -1.098053 1.026817 -0.4271455 1.585782 -1.151094 1.097461 -1.125129 1.061722 -1.151094 1.097461 -0.446413 1.613197 -1.175925 1.133998 -0.446413 1.613197 -1.199595 1.171297 -1.175925 1.133998 -1.199595 1.171297 -0.4639211 1.641767 -1.222083 1.209321 -0.4639211 1.641767 -1.243364 1.248032 -1.222083 1.209321 -1.243364 1.248032 -0.4796006 1.671381 -1.263419 1.287393 -0.4796006 1.671381 -1.282228 1.327364 -1.263419 1.287393 -1.282228 1.327364 -0.4933899 1.701921 -1.299773 1.367906 -0.4933899 1.701921 -1.316035 1.40898 -1.299773 1.367906 -1.316035 1.40898 -0.5052343 1.733266 -1.330999 1.450544 -1.330999 1.450544 -0.5104122 1.749202 -1.34465 1.492557 -1.34465 1.492557 -0.515087 1.765293 -1.356975 1.534979 -0.515087 1.765293 -1.367961 1.577767 -1.356975 1.534979 -0.5192542 1.781523 -1.377597 1.620879 -1.367961 1.577767 -1.377597 1.620879 -0.5260493 1.814335 -1.385875 1.664272 -0.5260493 1.814335 -1.392786 1.707904 -1.385875 1.664272 -1.392786 1.707904 -0.5307705 1.847509 -1.398322 1.751732 -1.398322 1.751732 -0.5323476 1.864192 -1.402479 1.795711 -0.5323476 1.864192 -1.405253 1.8398 -1.402479 1.795711 -1.405253 1.8398 -0.533926 1.897662 -1.406641 1.883954 -1.406641 1.883954 -0.533926 1.914419 -1.406641 1.928129 -0.533926 1.914419 -1.405253 1.972283 -1.406641 1.928129 -1.405253 1.972283 -0.5323475 1.94789 -1.402479 2.016372 -0.5323475 1.94789 -1.398322 2.060351 -1.402479 2.016372 -0.5307705 1.964572 -1.392785 2.104178 -1.398322 2.060351 -0.5286703 1.981196 -1.385874 2.14781 -1.392785 2.104178 -0.5260491 1.997746 -1.377597 2.191204 -1.385874 2.14781 -1.377597 2.191204 -0.519254 2.030559 -1.36796 2.234316 -0.519254 2.030559 -1.356974 2.277103 -1.36796 2.234316 -1.356974 2.277103 -0.510412 2.06288 -1.344649 2.319525 -1.344649 2.319525 -0.505234 2.078816 -1.330998 2.361539 -0.505234 2.078816 -1.316034 2.403103 -1.330998 2.361539 -0.499558 2.094582 -1.299772 2.444176 -1.316034 2.403103 -0.4933895 2.110161 -1.282228 2.484719 -1.299772 2.444176 -1.282228 2.484719 -0.4796003 2.140701 -1.263419 2.52469 -0.4796003 2.140701 -1.243363 2.564051 -1.263419 2.52469 -0.4719931 2.155631 -1.222082 2.602762 -1.243363 2.564051 -1.222082 2.602762 -0.4553909 2.184737 -1.199594 2.640786 -0.4553909 2.184737 -1.175923 2.678085 -1.199594 2.640786 -1.175923 2.678085 -0.436994 2.212744 -1.151093 2.714622 -0.436994 2.212744 -1.125127 2.750361 -1.151093 2.714622 -1.125127 2.750361 -0.4168748 2.23954 -1.098052 2.785266 -0.4168748 2.23954 -1.069893 2.819304 -1.098052 2.785266 -0.4061939 2.252451 -1.040679 2.852441 -1.069893 2.819304 -1.040679 2.852441 -0.3836423 2.277235 -1.010439 2.884644 -0.3836423 2.277235 -0.9792017 2.915881 -1.010439 2.884644 -0.3717938 2.289083 -0.9469988 2.946121 -0.9792017 2.915881 -0.9469988 2.946121 -0.3470098 2.311635 -0.913862 2.975335 -0.913862 2.975335 -0.3340988 2.322315 -0.8798239 3.003494 -0.8798239 3.003494 -0.3208588 2.332586 -0.8449184 3.030569 -0.3208588 2.332586 -0.8091794 3.056535 -0.8449184 3.030569 -0.3073027 2.342435 -0.7726425 3.081365 -0.8091794 3.056535 -0.7726425 3.081365 -0.2792961 2.360832 -0.7353437 3.105036 -0.2792961 2.360832 -0.6973198 3.127523 -0.7353437 3.105036 -0.2648731 2.369361 -0.6586083 3.148805 -0.6973198 3.127523 -0.2501895 2.377434 -0.6192473 3.16886 -0.6586083 3.148805 -0.6192473 3.16886 -0.2200979 2.392176 -0.579276 3.187669 -0.2200979 2.392176 -0.5387335 3.205213 -0.579276 3.187669 -0.2047197 2.39883 -0.4976599 3.221475 -0.5387335 3.205213 -0.4976599 3.221475 -0.1733744 2.410675 -0.4560958 3.23644 -0.1733744 2.410675 -0.4140822 3.25009 -0.4560958 3.23644 -0.1574382 2.415853 -0.3716605 3.262415 -0.4140822 3.25009 -0.1413472 2.420527 -0.3288727 3.273401 -0.3716605 3.262415 -0.1251173 2.424695 -0.2857608 3.283038 -0.3288727 3.273401 -0.1087646 2.428349 -0.2423676 3.291315 -0.2857608 3.283038 -0.09230506 2.431489 -0.1987357 3.298226 -0.2423676 3.291315 -0.1987357 3.298226 -0.0591309 2.436211 -0.1549082 3.303762 -0.0591309 2.436211 -0.1109287 3.307919 -0.1549082 3.303762 -0.1109287 3.307919 -0.02572572 2.43884 -0.06684011 3.310693 -0.06684011 3.310693 -0.008978128 2.439366 -0.02268755 3.312081 -0.008978128 2.439366 0.02148807 3.312081 -0.02268755 3.312081 0.007777988 2.439366 0.06564205 3.310693 0.02148807 3.312081 0.02452605 2.43884 0.1097307 3.307919 0.06564205 3.310693 0.04124933 2.437788 0.1537101 3.303762 0.1097307 3.307919 0.05793136 2.436211 0.1975376 3.298225 0.1537101 3.303762 0.07455557 2.434111 0.2411695 3.291315 0.1975376 3.298225 0.2411695 3.291315 0.1075649 2.428349 0.2845627 3.283037 0.2845627 3.283037 0.1239178 2.424694 0.3276745 3.273401 0.1239178 2.424694 0.3704624 3.262414 0.3276745 3.273401 0.3704624 3.262414 0.1562386 2.415852 0.4128841 3.25009 0.1562386 2.415852 0.4548977 3.236439 0.4128841 3.25009 0.4548977 3.236439 0.1879404 2.404998 0.4964618 3.221475 0.1879404 2.404998 0.5375353 3.205213 0.4964618 3.221475 0.2035201 2.39883 0.5780777 3.187668 0.5375353 3.205213 0.2188982 2.392175 0.618049 3.168859 0.5780777 3.187668 0.2340599 2.385041 0.6574099 3.148803 0.618049 3.168859 0.6574099 3.148803 0.2636734 2.369361 0.6961215 3.127522 0.6961215 3.127522 0.2780964 2.360831 0.7341453 3.105035 0.2780964 2.360831 0.7714441 3.081364 0.7341453 3.105035 0.7714441 3.081364 0.306103 2.342434 0.8079809 3.056534 0.306103 2.342434 0.8437198 3.030568 0.8079809 3.056534 0.3196591 2.332585 0.8786254 3.003492 0.8437198 3.030568 0.8786254 3.003492 0.3458101 2.311635 0.9126635 2.975333 0.3458101 2.311635 0.9458001 2.946119 0.9126635 2.975333 0.3583792 2.300553 0.9780028 2.915879 0.9458001 2.946119 0.370594 2.289083 1.00924 2.884642 0.9780028 2.915879 0.3824424 2.277234 1.03948 2.852439 1.00924 2.884642 0.393913 2.265019 1.068694 2.819303 1.03948 2.852439 0.404994 2.25245 1.096853 2.785265 1.068694 2.819303 1.096853 2.785265 0.4259451 2.226299 1.123928 2.750359 1.123928 2.750359 0.4357942 2.212743 1.149894 2.71462 0.4357942 2.212743 1.174724 2.678083 1.149894 2.71462 1.174724 2.678083 0.454191 2.184736 1.198395 2.640784 0.454191 2.184736 1.220882 2.60276 1.198395 2.640784 0.4627207 2.170313 1.242164 2.564049 1.220882 2.60276 1.242164 2.564049 0.4784003 2.1407 1.262219 2.524688 0.4784003 2.1407 1.281028 2.484717 1.262219 2.524688 0.4855347 2.125538 1.298573 2.444174 1.281028 2.484717 0.4921894 2.11016 1.314835 2.4031 1.298573 2.444174 1.314835 2.4031 0.5040338 2.078815 1.329798 2.361536 0.5040338 2.078815 1.343449 2.319523 1.329798 2.361536 1.343449 2.319523 0.5138866 2.046787 1.355774 2.277101 0.5138866 2.046787 1.36676 2.234313 1.355774 2.277101 1.36676 2.234313 0.521709 2.014205 1.376397 2.191201 0.521709 2.014205 1.384674 2.147808 1.376397 2.191201 0.5248488 1.997745 1.391585 2.104176 1.384674 2.147808 1.391585 2.104176 0.5295701 1.964571 1.397122 2.060349 1.397122 2.060349 0.531147 1.94789 1.401279 2.016369 0.531147 1.94789 1.404053 1.972281 1.401279 2.016369 0.5321992 1.931166 1.40544 1.928127 1.404053 1.972281 1.40544 1.928127 0.5327255 1.897662 1.40544 1.883951 1.40544 1.883951 0.5321992 1.880914 1.404052 1.839797 0.5321992 1.880914 1.401279 1.795709 1.404052 1.839797 1.401279 1.795709 0.52957 1.847509 1.397121 1.751729 0.52957 1.847509 1.391585 1.707902 1.397121 1.751729 1.391585 1.707902 0.5248487 1.814334 1.384674 1.66427 1.384674 1.66427 0.5217088 1.797875 1.376396 1.620877 0.5217088 1.797875 1.366759 1.577765 1.376396 1.620877 1.366759 1.577765 0.5138863 1.765292 1.355773 1.534977 0.5138863 1.765292 1.343449 1.492555 1.355773 1.534977 0.5092113 1.749201 1.329798 1.450541 1.343449 1.492555 1.329798 1.450541 0.4983574 1.717499 1.314833 1.408977 1.314833 1.408977 0.4921889 1.70192 1.298571 1.367904 0.4921889 1.70192 1.281027 1.327362 1.298571 1.367904 0.4855341 1.686541 1.262218 1.28739 1.281027 1.327362 1.262218 1.28739 0.4707925 1.65645 1.242162 1.248029 0.4707925 1.65645 1.220881 1.209318 1.242162 1.248029 1.220881 1.209318 0.4541904 1.627344 1.198393 1.171294 1.198393 1.171294 0.445212 1.613196 1.174723 1.133996 0.445212 1.613196 1.149892 1.097458 1.174723 1.133996 0.4357935 1.599337 1.123926 1.06172 1.149892 1.097458 1.123926 1.06172 0.4156742 1.572541 1.096851 1.026814 0.4156742 1.572541 1.068692 0.992776 1.096851 1.026814 0.4049934 1.55963 1.039478 0.9596393 1.068692 0.992776 1.039478 0.9596393 0.3824417 1.534846 1.009238 0.9274368 0.3824417 1.534846 0.9780008 0.8961998 1.009238 0.9274368 0.9780008 0.8961998 0.3583784 1.511527 0.9457978 0.8659597 0.3583784 1.511527 0.9126611 0.8367457 0.9457978 0.8659597 0.9126611 0.8367457 0.3328983 1.489765 0.8786234 0.8085871 0.3328983 1.489765 0.8437175 0.7815116 0.8786234 0.8085871 0.8437175 0.7815116 0.306102 1.469646 0.8079785 0.7555456 0.8079785 0.7555456 0.2922433 1.460228 0.7714416 0.7307154 0.7714416 0.7307154 0.2780954 1.451249 0.7341428 0.7070447 0.2780954 1.451249 0.6961188 0.6845578 0.7341428 0.7070447 0.6961188 0.6845578 0.2489889 1.434647 0.6574073 0.663276 0.6574073 0.663276 0.2340592 1.42704 0.6180477 0.6432211 0.2340592 1.42704 0.5780764 0.6244121 0.6180477 0.6432211 0.5780764 0.6244121 0.2035196 1.413251 0.5375338 0.6068677 0.2035196 1.413251 0.4964602 0.5906056 0.5375338 0.6068677 0.4964602 0.5906056 0.1721742 1.401406 0.4548962 0.5756417 0.4548962 0.5756417 0.1562381 1.396229 0.4128826 0.5619907 0.4128826 0.5619907 0.1401471 1.391553 0.3704609 0.5496661 0.1401471 1.391553 0.327673 0.5386801 0.3704609 0.5496661 0.1239171 1.387387 0.2845612 0.5290436 0.327673 0.5386801 0.2845612 0.5290436 0.09110486 1.380592 0.241168 0.520766 0.09110486 1.380592 0.1975361 0.5138552 0.241168 0.520766 0.1975361 0.5138552 0.0579307 1.37587 0.1537087 0.5083186 0.1537087 0.5083186 0.04124885 1.374293 0.109729 0.5041612 0.04124885 1.374293 0.06564056 0.5013875 0.109729 0.5041612 0.06564056 0.5013875 0.007777512 1.372715 0.02148658 0.5 0.02148658 0.5 -0.008978724 1.372715 -0.0226891 0.5 1.916292 -0.271089 2.009154 -0.2590215 2.008675 -0.2415841 1.916771 -0.2885262 2.00963 -0.2764509 2.009154 -0.2590215 1.917247 -0.3059555 2.010098 -0.2938565 2.00963 -0.2764509 1.917715 -0.3233613 2.010554 -0.3112229 2.010098 -0.2938565 1.918172 -0.3407276 2.010993 -0.3285343 2.010554 -0.3112229 1.91861 -0.358039 2.011409 -0.345775 2.010993 -0.3285343 1.919026 -0.3752798 2.011798 -0.3629295 2.011409 -0.345775 1.919414 -0.3924342 2.012153 -0.3799825 2.011798 -0.3629295 1.91977 -0.4094871 2.012472 -0.396918 2.012153 -0.3799825 1.920089 -0.4264228 2.012748 -0.4137216 2.012472 -0.396918 1.920365 -0.4432264 2.012977 -0.4303776 2.012748 -0.4137216 1.920594 -0.4598822 2.013155 -0.4468712 2.012977 -0.4303776 1.920772 -0.4763759 2.013275 -0.4631876 2.013155 -0.4468712 1.920892 -0.4926922 2.013335 -0.479312 2.013275 -0.4631876 1.920951 -0.5088168 2.013328 -0.49523 2.013335 -0.479312 1.920945 -0.5247349 2.013252 -0.5109276 2.013328 -0.49523 1.920868 -0.5404323 2.013099 -0.5263903 2.013252 -0.5109276 1.920716 -0.5558951 2.012868 -0.5416049 2.013099 -0.5263903 1.920485 -0.5711097 2.012553 -0.5565572 2.012868 -0.5416049 1.92017 -0.586062 2.012151 -0.5712344 2.012553 -0.5565572 1.919767 -0.6007391 2.011655 -0.5856232 2.012151 -0.5712344 1.919272 -0.6151279 2.011065 -0.5997108 2.011655 -0.5856232 1.918681 -0.6292156 2.010373 -0.613485 2.011065 -0.5997108 1.91799 -0.6429898 2.009578 -0.6269336 2.010373 -0.613485 1.917195 -0.6564384 2.008675 -0.6400446 2.009578 -0.6269336 1.823368 2.638115 1.91489 2.654138 1.915925 2.66707 1.822333 2.625183 1.913962 2.640862 1.91489 2.654138 1.821405 2.611907 1.913139 2.627254 1.913962 2.640862 1.820582 2.598299 1.912415 2.613325 1.913139 2.627254 1.819858 2.584371 1.911788 2.599089 1.912415 2.613325 1.819231 2.570134 1.911253 2.584558 1.911788 2.599089 1.818696 2.555603 1.910807 2.569743 1.911253 2.584558 1.81825 2.540789 1.910444 2.55466 1.910807 2.569743 1.817887 2.525705 1.910162 2.539321 1.910444 2.55466 1.817605 2.510366 1.909955 2.523741 1.910162 2.539321 1.817398 2.494785 1.90982 2.507931 1.909955 2.523741 1.817263 2.478977 1.909752 2.491908 1.90982 2.507931 1.817195 2.462954 1.909746 2.475686 1.909752 2.491908 1.817189 2.446732 1.909798 2.459278 1.909746 2.475686 1.817241 2.430324 1.909903 2.442701 1.909798 2.459278 1.817346 2.413746 1.910057 2.425968 1.909903 2.442701 1.8175 2.397014 1.910255 2.409095 1.910057 2.425968 1.817698 2.38014 1.910491 2.392097 1.910255 2.409095 1.817934 2.363142 1.910762 2.374989 1.910491 2.392097 1.818205 2.346035 1.911063 2.357788 1.910762 2.374989 1.818506 2.328834 1.911388 2.340508 1.911063 2.357788 1.818831 2.311553 1.911733 2.323164 1.911388 2.340508 1.819176 2.29421 1.912092 2.305774 1.911733 2.323164 1.819535 2.276819 1.912461 2.288352 1.912092 2.305774 1.819904 2.259397 1.912836 2.270914 1.912461 2.288352 1.820279 2.24196 1.91321 2.253476 1.912836 2.270914 1.820653 2.224522 1.913579 2.236054 1.91321 2.253476 1.821022 2.2071 1.913939 2.218664 1.913579 2.236054 1.821382 2.189709 1.914283 2.201321 1.913939 2.218664 1.821727 2.172366 1.914609 2.18404 1.914283 2.201321 1.822051 2.155086 1.914909 2.166839 1.914609 2.18404 1.822352 2.137885 1.91518 2.149731 1.914909 2.166839 1.822623 2.120777 1.915417 2.132733 1.91518 2.149731 1.82286 2.103779 1.915614 2.11586 1.915417 2.132733 1.823058 2.086906 1.915768 2.099127 1.915614 2.11586 1.823211 2.070173 1.915873 2.08255 1.915768 2.099127 1.823316 2.053595 1.915925 2.066143 1.915873 2.08255 1.823368 2.037188 1.91592 2.049921 1.915925 2.066143 1.823363 2.020966 1.915851 2.033897 1.91592 2.049921 1.823294 2.004942 1.915716 2.018088 1.915851 2.033897 1.823159 1.989134 1.915509 2.002507 1.915716 2.018088 1.822952 1.973553 1.915227 1.987168 1.915509 2.002507 1.82267 1.958214 1.914865 1.972085 1.915227 1.987168 1.822308 1.943131 1.914418 1.957271 1.914865 1.972085 1.821861 1.928317 1.913883 1.94274 1.914418 1.957271 1.821326 1.913785 1.913257 1.928503 1.913883 1.94274 1.820699 1.899549 1.912533 1.914575 1.913257 1.928503 1.819976 1.88562 1.911709 1.900967 1.912533 1.914575 1.819152 1.872012 1.910781 1.887691 1.911709 1.900967 1.818224 1.858736 1.909746 1.874759 1.910781 1.887691 1.823761 -0.6470307 1.915213 -0.6307496 1.916291 -0.6179928 1.822682 -0.6597875 1.914244 -0.6438559 1.915213 -0.6307496 1.821712 -0.6728939 1.913381 -0.6573001 1.914244 -0.6438559 1.82085 -0.6863382 1.91262 -0.6710708 1.913381 -0.6573001 1.820089 -0.7001088 1.911957 -0.6851553 1.91262 -0.6710708 1.819427 -0.7141932 1.91139 -0.6995413 1.911957 -0.6851553 1.818859 -0.7285793 1.910913 -0.7142162 1.91139 -0.6995413 1.818382 -0.7432542 1.910523 -0.7291669 1.910913 -0.7142162 1.817992 -0.7582047 1.910214 -0.7443799 1.910523 -0.7291669 1.817684 -0.7734178 1.909985 -0.7598419 1.910214 -0.7443799 1.817454 -0.7888798 1.909828 -0.7755386 1.909985 -0.7598419 1.817298 -0.8045766 1.909741 -0.7914565 1.909828 -0.7755386 1.817211 -0.8204945 1.90972 -0.807581 1.909741 -0.7914565 1.817189 -0.836619 1.909758 -0.8238978 1.90972 -0.807581 1.817227 -0.8529359 1.909852 -0.8403921 1.909758 -0.8238978 1.817321 -0.8694302 1.909997 -0.8570491 1.909852 -0.8403921 1.817466 -0.886087 1.910188 -0.8738538 1.909997 -0.8570491 1.817658 -0.9028915 1.910422 -0.8907909 1.910188 -0.8738538 1.817891 -0.9198287 1.910691 -0.9078454 1.910422 -0.8907909 1.818161 -0.9368835 1.910993 -0.9250016 1.910691 -0.9078454 1.818462 -0.9540396 1.911322 -0.9422443 1.910993 -0.9250016 1.818791 -0.971282 1.911673 -0.9595573 1.911322 -0.9422443 1.819142 -0.9885954 1.912041 -0.976926 1.911673 -0.9595573 1.81951 -1.005964 1.912422 -0.9943338 1.912041 -0.976926 1.819891 -1.023372 1.91281 -1.011765 1.912422 -0.9943338 1.820279 -1.040803 1.913201 -1.029205 1.91281 -1.011765 1.82067 -1.058243 1.913589 -1.046636 1.913201 -1.029205 1.821058 -1.075674 1.91397 -1.064044 1.913589 -1.046636 1.821439 -1.093082 1.914338 -1.081413 1.91397 -1.064044 1.821807 -1.110451 1.914689 -1.098726 1.914338 -1.081413 1.822158 -1.127764 1.915018 -1.115969 1.914689 -1.098726 1.822487 -1.145007 1.91532 -1.133125 1.915018 -1.115969 1.822789 -1.162163 1.91559 -1.150179 1.91532 -1.133125 1.823059 -1.179217 1.915823 -1.167117 1.91559 -1.150179 1.823292 -1.196154 1.916014 -1.183921 1.915823 -1.167117 1.823483 -1.212959 1.916159 -1.200578 1.916014 -1.183921 1.823628 -1.229616 1.916253 -1.217072 1.916159 -1.200578 1.823722 -1.24611 1.916291 -1.233389 1.916253 -1.217072 1.823761 -1.262427 1.91627 -1.249514 1.916291 -1.233389 1.823739 -1.278552 1.916183 -1.265431 1.91627 -1.249514 1.823652 -1.294469 1.916027 -1.281128 1.916183 -1.265431 1.823495 -1.310167 1.915797 -1.29659 1.916027 -1.281128 1.823265 -1.325628 1.915489 -1.311803 1.915797 -1.29659 1.822957 -1.340841 1.915098 -1.326754 1.915489 -1.311803 1.822567 -1.355792 1.914621 -1.341429 1.915098 -1.326754 1.82209 -1.370467 1.914054 -1.355815 1.914621 -1.341429 1.821523 -1.384853 1.913391 -1.369899 1.914054 -1.355815 1.82086 -1.398937 1.912631 -1.38367 1.913391 -1.369899 1.8201 -1.412708 1.911768 -1.397114 1.912631 -1.38367 1.819237 -1.426152 1.910799 -1.410221 1.911768 -1.397114 1.922471 -1.51977 2.013993 -1.503747 2.015028 -1.490815 1.921435 -1.532702 2.013065 -1.517023 2.013993 -1.503747 1.920508 -1.545978 2.012242 -1.530631 2.013065 -1.517023 1.919684 -1.559586 2.011518 -1.54456 2.012242 -1.530631 1.918961 -1.573514 2.01089 -1.558796 2.011518 -1.54456 1.918334 -1.587751 2.010356 -1.573328 2.01089 -1.558796 1.917799 -1.602282 2.009909 -1.588142 2.010356 -1.573328 1.917352 -1.617096 2.009547 -1.603225 2.009909 -1.588142 1.91699 -1.632179 2.009264 -1.618564 2.009547 -1.603225 1.916707 -1.647518 2.009058 -1.634145 2.009264 -1.618564 1.916501 -1.663099 2.008923 -1.649954 2.009058 -1.634145 1.916366 -1.678908 2.008855 -1.665977 2.008923 -1.649954 1.916298 -1.694931 2.008849 -1.682199 2.008855 -1.665977 1.916291 -1.711154 2.0089 -1.698606 2.008849 -1.682199 1.916343 -1.727561 2.009006 -1.715184 2.0089 -1.698606 1.916449 -1.744139 2.00916 -1.731917 2.009006 -1.715184 1.916603 -1.760872 2.009357 -1.74879 2.00916 -1.731917 1.9168 -1.777745 2.009594 -1.765788 2.009357 -1.74879 1.917037 -1.794743 2.009865 -1.782896 2.009594 -1.765788 1.917308 -1.81185 2.010165 -1.800097 2.009865 -1.782896 1.917608 -1.829051 2.01049 -1.817377 2.010165 -1.800097 1.917933 -1.846332 2.010835 -1.834721 2.01049 -1.817377 1.918278 -1.863675 2.011194 -1.852111 2.010835 -1.834721 1.918637 -1.881066 2.011564 -1.869533 2.011194 -1.852111 1.919007 -1.898488 2.011938 -1.88697 2.011564 -1.869533 1.919381 -1.915925 2.012312 -1.904408 2.011938 -1.88697 1.919755 -1.933363 2.012682 -1.92183 2.012312 -1.904408 1.920125 -1.950785 2.013041 -1.939221 2.012682 -1.92183 1.920484 -1.968176 2.013386 -1.956564 2.013041 -1.939221 1.920829 -1.985519 2.013711 -1.973845 2.013386 -1.956564 1.921154 -2.002799 2.014012 -1.991046 2.013711 -1.973845 1.921454 -2.020001 2.014283 -2.008154 2.014012 -1.991046 1.921726 -2.037108 2.014519 -2.025151 2.014283 -2.008154 1.921962 -2.054106 2.014717 -2.042025 2.014519 -2.025151 1.92216 -2.070979 2.01487 -2.058757 2.014717 -2.042025 1.922313 -2.087712 2.014976 -2.075335 2.01487 -2.058757 1.922419 -2.10429 2.015028 -2.091742 2.014976 -2.075335 1.922471 -2.120697 2.015022 -2.107965 2.015028 -2.091742 1.922465 -2.136919 2.014954 -2.123988 2.015022 -2.107965 1.922397 -2.152942 2.014819 -2.139797 2.014954 -2.123988 1.922261 -2.168751 2.014612 -2.155378 2.014819 -2.139797 1.922055 -2.184332 2.01433 -2.170717 2.014612 -2.155378 1.921772 -2.199671 2.013967 -2.1858 2.01433 -2.170717 1.92141 -2.214754 2.013521 -2.200614 2.013967 -2.1858 1.920964 -2.229568 2.012986 -2.215146 2.013521 -2.200614 1.920429 -2.2441 2.012359 -2.229382 2.012986 -2.215146 1.919802 -2.258336 2.011635 -2.24331 2.012359 -2.229382 1.919078 -2.272265 2.010812 -2.256918 2.011635 -2.24331 1.918254 -2.285873 2.009884 -2.270195 2.010812 -2.256918 1.917327 -2.299149 2.008849 -2.283126 2.009884 -2.270195 1.823761 0.1742352 1.915213 0.1905163 1.916292 0.2032731 1.822682 0.1614784 1.914244 0.1774101 1.915213 0.1905163 1.821713 0.1483722 1.913381 0.1639657 1.914244 0.1774101 1.82085 0.1349278 1.91262 0.1501951 1.913381 0.1639657 1.820089 0.1211573 1.911958 0.1361106 1.91262 0.1501951 1.819427 0.1070726 1.91139 0.1217245 1.911958 0.1361106 1.818859 0.09268665 1.910913 0.1070497 1.91139 0.1217245 1.818382 0.07801169 1.910523 0.09209913 1.910913 0.1070497 1.817992 0.06306111 1.910215 0.07688611 1.910523 0.09209913 1.817684 0.04784804 1.909985 0.06142407 1.910215 0.07688611 1.817454 0.03238612 1.909829 0.04572725 1.909985 0.06142407 1.817298 0.01668936 1.909742 0.02980941 1.909829 0.04572725 1.817211 7.71433e-4 1.90972 0.01368486 1.909742 0.02980941 1.817189 -0.01535308 1.909758 -0.002631962 1.90972 0.01368486 1.817227 -0.03166985 1.909852 -0.01912629 1.909758 -0.002631962 1.817321 -0.04816401 1.909997 -0.03578311 1.909852 -0.01912629 1.817466 -0.06482112 1.910189 -0.05258786 1.909997 -0.03578311 1.817658 -0.08162564 1.910422 -0.06952458 1.910189 -0.05258786 1.817891 -0.09856265 1.910692 -0.08657908 1.910422 -0.06952458 1.818161 -0.115617 1.910993 -0.1037353 1.910692 -0.08657908 1.818462 -0.1327732 1.911322 -0.120978 1.910993 -0.1037353 1.818791 -0.1500159 1.911673 -0.1382914 1.911322 -0.120978 1.819142 -0.1673291 1.912041 -0.1556597 1.911673 -0.1382914 1.819511 -0.1846978 1.912423 -0.1730677 1.912041 -0.1556597 1.819892 -0.2021055 1.912811 -0.1904992 1.912423 -0.1730677 1.82028 -0.2195371 1.913201 -0.2079386 1.912811 -0.1904992 1.82067 -0.2369766 1.913589 -0.2253702 1.913201 -0.2079386 1.821059 -0.2544083 1.91397 -0.2427782 1.913589 -0.2253702 1.821439 -0.2718163 1.914338 -0.2601467 1.91397 -0.2427782 1.821808 -0.2891846 1.91469 -0.2774601 1.914338 -0.2601467 1.822159 -0.3064981 1.915018 -0.2947026 1.91469 -0.2774601 1.822487 -0.3237406 1.91532 -0.311859 1.915018 -0.2947026 1.822789 -0.3408969 1.91559 -0.3289133 1.91532 -0.311859 1.823059 -0.3579512 1.915823 -0.3458504 1.91559 -0.3289133 1.823292 -0.3748883 1.916015 -0.3626551 1.915823 -0.3458504 1.823483 -0.3916931 1.916159 -0.379312 1.916015 -0.3626551 1.823629 -0.4083499 1.916254 -0.3958063 1.916159 -0.379312 1.823723 -0.4248443 1.916292 -0.412123 1.916254 -0.3958063 1.823761 -0.441161 1.91627 -0.4282477 1.916292 -0.412123 1.823739 -0.4572856 1.916183 -0.4441656 1.91627 -0.4282477 1.823652 -0.4732035 1.916027 -0.4598625 1.916183 -0.4441656 1.823496 -0.4889003 1.915797 -0.4753243 1.916027 -0.4598625 1.823266 -0.5043624 1.915489 -0.4905374 1.915797 -0.4753243 1.822958 -0.5195754 1.915098 -0.5054879 1.915489 -0.4905374 1.822568 -0.534526 1.914621 -0.5201628 1.915098 -0.5054879 1.822091 -0.5492008 1.914054 -0.5345489 1.914621 -0.5201628 1.821523 -0.5635868 1.913392 -0.5486336 1.914054 -0.5345489 1.820861 -0.5776714 1.912631 -0.562404 1.913392 -0.5486336 1.8201 -0.591442 1.911768 -0.5758484 1.912631 -0.562404 1.819237 -0.6048862 1.910799 -0.5889548 1.911768 -0.5758484 1.823368 1.81685 1.91489 1.832872 1.915925 1.845804 1.822333 1.803918 1.913962 1.819596 1.91489 1.832872 1.821405 1.790642 1.913138 1.805988 1.913962 1.819596 1.820582 1.777033 1.912415 1.79206 1.913138 1.805988 1.819858 1.763105 1.911788 1.777823 1.912415 1.79206 1.819231 1.748869 1.911253 1.763292 1.911788 1.777823 1.818696 1.734337 1.910807 1.748477 1.911253 1.763292 1.81825 1.719523 1.910444 1.733394 1.910807 1.748477 1.817887 1.70444 1.910162 1.718055 1.910444 1.733394 1.817605 1.689101 1.909955 1.702475 1.910162 1.718055 1.817398 1.67352 1.90982 1.686666 1.909955 1.702475 1.817263 1.657711 1.909752 1.670643 1.90982 1.686666 1.817195 1.641688 1.909746 1.65442 1.909752 1.670643 1.817189 1.625466 1.909798 1.638013 1.909746 1.65442 1.817241 1.609058 1.909903 1.621435 1.909798 1.638013 1.817346 1.592481 1.910057 1.604702 1.909903 1.621435 1.8175 1.575748 1.910254 1.587829 1.910057 1.604702 1.817698 1.558875 1.910491 1.570831 1.910254 1.587829 1.817934 1.541877 1.910762 1.553724 1.910491 1.570831 1.818205 1.52477 1.911063 1.536522 1.910762 1.553724 1.818506 1.507568 1.911388 1.519242 1.911063 1.536522 1.818831 1.490288 1.911732 1.501899 1.911388 1.519242 1.819175 1.472944 1.912092 1.484508 1.911732 1.501899 1.819535 1.455554 1.912461 1.467086 1.912092 1.484508 1.819904 1.438132 1.912835 1.449648 1.912461 1.467086 1.820279 1.420694 1.91321 1.432211 1.912835 1.449648 1.820653 1.403256 1.913579 1.414788 1.91321 1.432211 1.821022 1.385834 1.913938 1.397398 1.913579 1.414788 1.821382 1.368444 1.914283 1.380055 1.913938 1.397398 1.821727 1.351101 1.914608 1.362775 1.914283 1.380055 1.822051 1.33382 1.914909 1.345573 1.914608 1.362775 1.822352 1.316619 1.91518 1.328466 1.914909 1.345573 1.822623 1.299511 1.915417 1.311468 1.91518 1.328466 1.82286 1.282513 1.915614 1.294595 1.915417 1.311468 1.823057 1.26564 1.915768 1.277862 1.915614 1.294595 1.823211 1.248907 1.915873 1.261284 1.915768 1.277862 1.823316 1.23233 1.915925 1.244877 1.915873 1.261284 1.823368 1.215923 1.915919 1.228654 1.915925 1.244877 1.823362 1.1997 1.915851 1.212631 1.915919 1.228654 1.823294 1.183677 1.915716 1.196823 1.915851 1.212631 1.823159 1.167868 1.915509 1.181241 1.915716 1.196823 1.822952 1.152287 1.915227 1.165903 1.915509 1.181241 1.82267 1.136948 1.914864 1.15082 1.915227 1.165903 1.822308 1.121865 1.914418 1.136005 1.914864 1.15082 1.821861 1.107051 1.913883 1.121474 1.914418 1.136005 1.821326 1.092519 1.913256 1.107237 1.913883 1.121474 1.820699 1.078283 1.912532 1.093309 1.913256 1.107237 1.819975 1.064355 1.911709 1.079701 1.912532 1.093309 1.819152 1.050746 1.910781 1.066425 1.911709 1.079701 1.818224 1.03747 1.909746 1.053493 1.910781 1.066425 1.823761 0.9955012 1.915213 1.011782 1.916291 1.024539 1.822682 0.9827442 1.914244 0.9986758 1.915213 1.011782 1.821713 0.9696378 1.913381 0.9852315 1.914244 0.9986758 1.82085 0.9561936 1.91262 0.9714611 1.913381 0.9852315 1.820089 0.9424231 1.911958 0.9573765 1.91262 0.9714611 1.819427 0.9283387 1.91139 0.9429904 1.911958 0.9573765 1.818859 0.9139524 1.910913 0.9283155 1.91139 0.9429904 1.818382 0.8992776 1.910523 0.9133648 1.910913 0.9283155 1.817992 0.8843271 1.910215 0.8981518 1.910523 0.9133648 1.817684 0.8691138 1.909985 0.8826898 1.910215 0.8981518 1.817454 0.853652 1.909829 0.8669928 1.909985 0.8826898 1.817298 0.8379549 1.909742 0.8510749 1.909829 0.8669928 1.817211 0.8220373 1.90972 0.8349506 1.909742 0.8510749 1.817189 0.8059127 1.909758 0.8186338 1.90972 0.8349506 1.817227 0.7895959 1.909852 0.8021398 1.909758 0.8186338 1.817321 0.7731017 1.909997 0.7854827 1.909852 0.8021398 1.817466 0.7564447 1.910188 0.7686781 1.909997 0.7854827 1.817658 0.7396402 1.910422 0.7517408 1.910188 0.7686781 1.817891 0.7227028 1.910692 0.7346865 1.910422 0.7517408 1.818161 0.7056485 1.910993 0.71753 1.910692 0.7346865 1.818462 0.6884924 1.911322 0.7002876 1.910993 0.71753 1.818791 0.6712496 1.911673 0.6829741 1.911322 0.7002876 1.819142 0.6539362 1.912041 0.6656058 1.911673 0.6829741 1.819511 0.6365677 1.912422 0.6481981 1.912041 0.6656058 1.819891 0.6191602 1.91281 0.6307667 1.912422 0.6481981 1.820279 0.6017288 1.913201 0.6133272 1.91281 0.6307667 1.82067 0.5842893 1.913589 0.5958958 1.913201 0.6133272 1.821058 0.5668579 1.91397 0.5784878 1.913589 0.5958958 1.821439 0.5494499 1.914338 0.5611194 1.91397 0.5784878 1.821807 0.5320814 1.91469 0.543806 1.914338 0.5611194 1.822158 0.5147681 1.915018 0.5265634 1.91469 0.543806 1.822487 0.4975253 1.91532 0.5094071 1.915018 0.5265634 1.822789 0.4803692 1.91559 0.4923527 1.91532 0.5094071 1.823059 0.4633147 1.915823 0.4754155 1.91559 0.4923527 1.823292 0.4463776 1.916014 0.4586108 1.915823 0.4754155 1.823483 0.4295728 1.916159 0.4419539 1.916014 0.4586108 1.823628 0.412916 1.916253 0.4254596 1.916159 0.4419539 1.823722 0.3964216 1.916291 0.4091429 1.916253 0.4254596 1.823761 0.3801048 1.91627 0.3930183 1.916291 0.4091429 1.823739 0.3639802 1.916183 0.3771004 1.91627 0.3930183 1.823652 0.3480624 1.916027 0.3614036 1.916183 0.3771004 1.823495 0.3323656 1.915797 0.3459416 1.916027 0.3614036 1.823265 0.3169037 1.915489 0.3307285 1.915797 0.3459416 1.822957 0.3016906 1.915098 0.315778 1.915489 0.3307285 1.822567 0.28674 1.914621 0.3011031 1.915098 0.315778 1.82209 0.2720651 1.914054 0.2867169 1.914621 0.3011031 1.821523 0.2576791 1.913391 0.2726325 1.914054 0.2867169 1.820861 0.2435945 1.912631 0.258862 1.913391 0.2726325 1.8201 0.229824 1.911768 0.2454174 1.912631 0.258862 1.819237 0.2163797 1.910799 0.2323113 1.911768 0.2454174 1.922471 -0.6985035 2.013993 -0.6824812 2.015028 -0.669549 1.921436 -0.7114357 2.013066 -0.695757 2.013993 -0.6824812 1.920508 -0.7247114 2.012242 -0.7093651 2.013066 -0.695757 1.919685 -0.7383196 2.011518 -0.7232937 2.012242 -0.7093651 1.918961 -0.7522482 2.010891 -0.73753 2.011518 -0.7232937 1.918334 -0.7664846 2.010356 -0.7520616 2.010891 -0.73753 1.917799 -0.7810161 2.00991 -0.7668756 2.010356 -0.7520616 1.917353 -0.79583 2.009548 -0.7819589 2.00991 -0.7668756 1.91699 -0.8109133 2.009265 -0.7972977 2.009548 -0.7819589 1.916708 -0.8262521 2.009058 -0.8128786 2.009265 -0.7972977 1.916501 -0.8418331 2.008923 -0.8286877 2.009058 -0.8128786 1.916366 -0.8576423 2.008855 -0.8447107 2.008923 -0.8286877 1.916298 -0.8736651 2.008849 -0.8609331 2.008855 -0.8447107 1.916292 -0.8898877 2.008901 -0.8773406 2.008849 -0.8609331 1.916344 -0.906295 2.009006 -0.893918 2.008901 -0.8773406 1.916449 -0.9228727 2.00916 -0.9106509 2.009006 -0.893918 1.916603 -0.9396055 2.009357 -0.927524 2.00916 -0.9106509 1.9168 -0.9564785 2.009594 -0.9445219 2.009357 -0.927524 1.917037 -0.9734763 2.009865 -0.9616294 2.009594 -0.9445219 1.917308 -0.9905839 2.010166 -0.9788311 2.009865 -0.9616294 1.917609 -1.007786 2.010491 -0.9961115 2.010166 -0.9788311 1.917934 -1.025066 2.010835 -1.013454 2.010491 -0.9961115 1.918278 -1.042409 2.011195 -1.030845 2.010835 -1.013454 1.918638 -1.059799 2.011564 -1.048267 2.011195 -1.030845 1.919007 -1.077221 2.011939 -1.065705 2.011564 -1.048267 1.919382 -1.094659 2.012313 -1.083143 2.011939 -1.065705 1.919756 -1.112097 2.012682 -1.100565 2.012313 -1.083143 1.920125 -1.129519 2.013042 -1.117955 2.012682 -1.100565 1.920485 -1.14691 2.013386 -1.135298 2.013042 -1.117955 1.920829 -1.164253 2.013712 -1.152579 2.013386 -1.135298 1.921155 -1.181533 2.014012 -1.16978 2.013712 -1.152579 1.921455 -1.198735 2.014283 -1.186888 2.014012 -1.16978 1.921726 -1.215842 2.01452 -1.203886 2.014283 -1.186888 1.921963 -1.23284 2.014717 -1.220759 2.01452 -1.203886 1.92216 -1.249713 2.014871 -1.237492 2.014717 -1.220759 1.922314 -1.266446 2.014976 -1.254069 2.014871 -1.237492 1.922419 -1.283023 2.015028 -1.270477 2.014976 -1.254069 1.922471 -1.299431 2.015022 -1.286699 2.015028 -1.270477 1.922465 -1.315653 2.014954 -1.302722 2.015022 -1.286699 1.922397 -1.331676 2.014819 -1.318531 2.014954 -1.302722 1.922262 -1.347485 2.014612 -1.334112 2.014819 -1.318531 1.922055 -1.363066 2.01433 -1.349451 2.014612 -1.334112 1.921773 -1.378406 2.013967 -1.364534 2.01433 -1.349451 1.921411 -1.393489 2.013521 -1.379348 2.013967 -1.364534 1.920964 -1.408303 2.012986 -1.39388 2.013521 -1.379348 1.920429 -1.422834 2.012359 -1.408116 2.012986 -1.39388 1.919802 -1.43707 2.011636 -1.422044 2.012359 -1.408116 1.919079 -1.450999 2.010812 -1.435653 2.011636 -1.422044 1.918255 -1.464607 2.009884 -1.448929 2.010812 -1.435653 1.917327 -1.477883 2.008849 -1.461861 2.009884 -1.448929 1.921362 0.1522036 2.012666 0.1692926 2.013633 0.1820583 1.920396 0.1394377 2.011813 0.1561782 2.012666 0.1692926 1.919542 0.1263234 2.011069 0.1427267 2.011813 0.1561782 1.918799 0.1128719 2.01043 0.1289501 2.011069 0.1427267 1.918159 0.09909528 2.009892 0.1148603 2.01043 0.1289501 1.917622 0.08500534 2.009452 0.1004697 2.009892 0.1148603 1.917182 0.07061481 2.009105 0.08579117 2.009452 0.1004697 1.916834 0.05593645 2.008847 0.07083761 2.009105 0.08579117 1.916576 0.04098278 2.008673 0.05562245 2.008847 0.07083761 1.916403 0.02576774 2.00858 0.04015952 2.008673 0.05562245 1.916309 0.01030474 2.008563 0.02446186 2.00858 0.04015952 1.916292 -0.005392849 2.008616 0.008543848 2.008563 0.02446186 1.916346 -0.02131086 2.008737 -0.00758022 2.008616 0.008543848 1.916466 -0.03743511 2.008919 -0.02389603 2.008737 -0.00758022 1.916649 -0.05375093 2.009159 -0.04038882 2.008919 -0.02389603 1.916888 -0.07024353 2.009452 -0.05704379 2.009159 -0.04038882 1.917181 -0.08689874 2.009792 -0.07384604 2.009452 -0.05704379 1.917521 -0.1037009 2.010174 -0.09078043 2.009792 -0.07384604 1.917904 -0.1206353 2.010595 -0.1078319 2.010174 -0.09078043 1.918324 -0.1376867 2.011048 -0.1249848 2.010595 -0.1078319 1.918778 -0.1548396 2.01153 -0.1422237 2.011048 -0.1249848 1.919259 -0.1720787 2.012034 -0.1595333 2.01153 -0.1422237 1.919763 -0.1893882 2.012556 -0.1768979 2.012034 -0.1595333 1.920285 -0.2067528 2.01309 -0.1943018 2.012556 -0.1768979 1.92082 -0.2241567 2.013633 -0.2117292 2.01309 -0.1943018 1.817189 -2.312081 1.914169 -1.439259 1.817189 -1.439259 1.714455 2.602215 1.811435 1.729392 1.811435 2.602215 1.40544 -0.9281287 1.40544 -0.8839532 0.5327253 -0.8976625 1.40544 -0.8839532 1.404052 -0.8397992 0.532199 -0.8809145 0.532199 -0.8809145 1.404052 -0.8397992 1.401279 -0.7957105 1.401279 -0.7957105 1.397122 -0.751731 0.52957 -0.8475093 1.397122 -0.751731 1.391585 -0.7079035 0.52747 -0.8308852 0.52747 -0.8308852 1.391585 -0.7079035 1.384674 -0.6642717 1.384674 -0.6642717 1.376397 -0.6208786 0.5217088 -0.7978758 1.376397 -0.6208786 1.36676 -0.5777668 0.5180535 -0.781523 0.5180535 -0.781523 1.36676 -0.5777668 1.355774 -0.5349788 1.355774 -0.5349788 1.343449 -0.4925572 0.5092115 -0.7492021 0.5092115 -0.7492021 1.343449 -0.4925572 1.329798 -0.4505437 1.329798 -0.4505437 1.314834 -0.4089795 0.4983576 -0.7175002 0.4983576 -0.7175002 1.314834 -0.4089795 1.298572 -0.3679062 1.298572 -0.3679062 1.281028 -0.3273637 0.4855345 -0.6865425 0.4855345 -0.6865425 1.281028 -0.3273637 1.262219 -0.2873924 0.4784001 -0.6713809 1.262219 -0.2873924 1.242163 -0.2480313 1.242163 -0.2480313 1.220882 -0.20932 0.4627204 -0.6417673 1.220882 -0.20932 1.198394 -0.171296 0.4541907 -0.6273444 0.4541907 -0.6273444 1.198394 -0.171296 1.174724 -0.1339973 1.174724 -0.1339973 1.149893 -0.0974605 0.4357938 -0.5993379 0.4357938 -0.5993379 1.149893 -0.0974605 1.123928 -0.06172156 1.123928 -0.06172156 1.096852 -0.02681583 0.4156747 -0.5725416 0.4156747 -0.5725416 1.096852 -0.02681583 1.068693 0.007222175 1.068693 0.007222175 1.039479 0.04035878 0.3939127 -0.5470616 0.3939127 -0.5470616 1.039479 0.04035878 1.009239 0.07256126 1.009239 0.07256126 0.9780021 0.1037983 0.3705937 -0.5229982 0.3705937 -0.5229982 0.9780021 0.1037983 0.9457995 0.1340387 0.9457995 0.1340387 0.9126628 0.1632527 0.3458098 -0.5004467 0.3458098 -0.5004467 0.9126628 0.1632527 0.8786248 0.1914113 0.8786248 0.1914113 0.8437191 0.2184869 0.3196587 -0.4794957 0.3196587 -0.4794957 0.8437191 0.2184869 0.8079803 0.2444527 0.3061027 -0.4696466 0.8079803 0.2444527 0.7714434 0.2692833 0.2922437 -0.4602281 0.7714434 0.2692833 0.7341446 0.2929537 0.7341446 0.2929537 0.6961207 0.3154411 0.2636731 -0.4427201 0.6961207 0.3154411 0.6574093 0.3367229 0.2489895 -0.4346476 0.2489895 -0.4346476 0.6574093 0.3367229 0.6180484 0.3567781 0.2340595 -0.4270403 0.6180484 0.3567781 0.5780771 0.3755874 0.5780771 0.3755874 0.5375348 0.3931316 0.2035197 -0.4132512 0.2035197 -0.4132512 0.5375348 0.3931316 0.4964612 0.4093937 0.4964612 0.4093937 0.4548972 0.4243577 0.1721746 -0.4014068 0.1721746 -0.4014068 0.4548972 0.4243577 0.4128835 0.4380089 0.4128835 0.4380089 0.3704617 0.4503334 0.1401474 -0.391554 0.3704617 0.4503334 0.327674 0.4613194 0.1239175 -0.3873867 0.327674 0.4613194 0.2845622 0.4709562 0.1075648 -0.3837314 0.2845622 0.4709562 0.2411688 0.4792339 0.09110516 -0.3805918 0.2411688 0.4792339 0.197537 0.4861444 0.07455521 -0.3779704 0.07455521 -0.3779704 0.197537 0.4861444 0.1537097 0.491681 0.1537097 0.491681 0.10973 0.4958384 0.04124915 -0.3742934 0.10973 0.4958384 0.06564158 0.4986122 0.02452588 -0.3732413 0.06564158 0.4986122 0.02148777 0.4999998 0.007777869 -0.3727149 0.02148777 0.4999998 -0.02268797 0.4999998 -0.008978366 -0.3727149 -0.02268797 0.4999998 -0.0668419 0.4986123 -0.02572637 -0.3732413 -0.02572637 -0.3732413 -0.0668419 0.4986123 -0.1109304 0.4958385 -0.04244965 -0.3742934 -0.1109304 0.4958385 -0.15491 0.4916812 -0.05913156 -0.3758703 -0.15491 0.4916812 -0.1987375 0.4861444 -0.1987375 0.4861444 -0.2423693 0.4792339 -0.09230583 -0.3805918 -0.2423693 0.4792339 -0.2857626 0.4709562 -0.1087653 -0.3837314 -0.1087653 -0.3837314 -0.2857626 0.4709562 -0.3288744 0.4613194 -0.3288744 0.4613194 -0.371662 0.4503336 -0.1413478 -0.3915538 -0.1413478 -0.3915538 -0.371662 0.4503336 -0.4140836 0.4380089 -0.4140836 0.4380089 -0.4560973 0.4243579 -0.173375 -0.4014068 -0.173375 -0.4014068 -0.4560973 0.4243579 -0.4976614 0.4093939 -0.4976614 0.4093939 -0.538735 0.3931317 -0.2047203 -0.4132512 -0.538735 0.3931317 -0.5792774 0.3755875 -0.2200985 -0.4199058 -0.2200985 -0.4199058 -0.5792774 0.3755875 -0.6192488 0.3567783 -0.2352601 -0.4270403 -0.6192488 0.3567783 -0.6586096 0.3367229 -0.6586096 0.3367229 -0.6973212 0.3154412 -0.2648737 -0.4427198 -0.6973212 0.3154412 -0.735345 0.2929539 -0.2792966 -0.4512495 -0.735345 0.2929539 -0.7726439 0.2692834 -0.2934444 -0.4602281 -0.2934444 -0.4602281 -0.7726439 0.2692834 -0.8091807 0.2444529 -0.8091807 0.2444529 -0.8449198 0.218487 -0.3208593 -0.4794957 -0.3208593 -0.4794957 -0.8449198 0.218487 -0.8798254 0.1914113 -0.8798254 0.1914113 -0.9138634 0.1632529 -0.3470104 -0.5004464 -0.9138634 0.1632529 -0.9470002 0.1340389 -0.3595795 -0.5115278 -0.3595795 -0.5115278 -0.9470002 0.1340389 -0.9792023 0.1037986 -0.9792023 0.1037986 -1.010439 0.0725618 -0.3836427 -0.5348466 -1.010439 0.0725618 -1.04068 0.04035913 -0.3951132 -0.5470615 -1.04068 0.04035913 -1.069894 0.007222294 -0.4061943 -0.5596305 -0.4061943 -0.5596305 -1.069894 0.007222294 -1.098052 -0.02681547 -0.4168753 -0.5725415 -1.098052 -0.02681547 -1.125128 -0.06172126 -0.4271453 -0.5857816 -1.125128 -0.06172126 -1.151094 -0.09746009 -1.151094 -0.09746009 -1.175924 -0.133997 -0.4464129 -0.6131965 -1.175924 -0.133997 -1.199595 -0.1712957 -0.4553914 -0.6273444 -0.4553914 -0.6273444 -1.199595 -0.1712957 -1.222082 -0.2093196 -1.222082 -0.2093196 -1.243364 -0.248031 -0.4719934 -0.6564509 -0.4719934 -0.6564509 -1.243364 -0.248031 -1.263419 -0.287392 -1.263419 -0.287392 -1.282228 -0.3273633 -0.4867351 -0.6865423 -0.4867351 -0.6865423 -1.282228 -0.3273633 -1.299773 -0.3679057 -1.299773 -0.3679057 -1.316035 -0.4089793 -0.4995582 -0.7175001 -1.316035 -0.4089793 -1.330999 -0.4505434 -0.5052343 -0.7332658 -1.330999 -0.4505434 -1.34465 -0.4925569 -0.5104122 -0.7492021 -1.34465 -0.4925569 -1.356974 -0.5349786 -0.515087 -0.765293 -0.515087 -0.765293 -1.356974 -0.5349786 -1.36796 -0.5777667 -1.36796 -0.5777667 -1.377597 -0.6208783 -0.5229094 -0.7978757 -1.377597 -0.6208783 -1.385875 -0.6642715 -0.5260493 -0.8143351 -1.385875 -0.6642715 -1.392785 -0.7079034 -0.5286704 -0.8308852 -0.5286704 -0.8308852 -1.392785 -0.7079034 -1.398322 -0.7517306 -1.398322 -0.7517306 -1.402479 -0.7957102 -0.5323476 -0.8641912 -1.402479 -0.7957102 -1.405253 -0.8397987 -0.5333997 -0.8809143 -1.405253 -0.8397987 -1.406641 -0.8839526 -0.533926 -0.8976624 -1.406641 -0.8839526 -1.406641 -0.9281281 -0.533926 -0.9144188 -1.406641 -0.9281281 -1.405253 -0.9722822 -0.5333997 -0.9311668 -1.405253 -0.9722822 -1.402479 -1.016371 -0.5323476 -0.9478899 -0.5323476 -0.9478899 -1.402479 -1.016371 -1.398322 -1.06035 -1.398322 -1.06035 -1.392785 -1.104178 -0.5286704 -0.9811962 -1.392785 -1.104178 -1.385875 -1.14781 -0.5260493 -0.997746 -1.385875 -1.14781 -1.377597 -1.191203 -0.5229094 -1.014206 -0.5229094 -1.014206 -1.377597 -1.191203 -1.36796 -1.234315 -1.36796 -1.234315 -1.356974 -1.277103 -0.515087 -1.046788 -0.515087 -1.046788 -1.356974 -1.277103 -1.34465 -1.319524 -1.34465 -1.319524 -1.330999 -1.361538 -0.5052343 -1.078815 -0.5052343 -1.078815 -1.330999 -1.361538 -1.316035 -1.403102 -1.316035 -1.403102 -1.299773 -1.444175 -0.4933898 -1.110161 -0.4933898 -1.110161 -1.299773 -1.444175 -1.282228 -1.484718 -1.282228 -1.484718 -1.263419 -1.524689 -0.4796006 -1.1407 -1.263419 -1.524689 -1.243364 -1.56405 -0.4719934 -1.15563 -0.4719934 -1.15563 -1.243364 -1.56405 -1.222082 -1.602761 -1.222082 -1.602761 -1.199595 -1.640785 -0.4553914 -1.184737 -1.199595 -1.640785 -1.175924 -1.678084 -0.4464129 -1.198885 -1.175924 -1.678084 -1.151094 -1.714621 -0.4369944 -1.212743 -0.4369944 -1.212743 -1.151094 -1.714621 -1.125128 -1.75036 -1.125128 -1.75036 -1.098052 -1.785266 -0.4168753 -1.23954 -1.098052 -1.785266 -1.069894 -1.819303 -0.4061944 -1.252451 -0.4061944 -1.252451 -1.069894 -1.819303 -1.04068 -1.85244 -0.3951132 -1.26502 -1.04068 -1.85244 -1.01044 -1.884643 -0.3836427 -1.277234 -1.01044 -1.884643 -0.9792028 -1.91588 -0.9792028 -1.91588 -0.947 -1.94612 -0.3595795 -1.300553 -0.3595795 -1.300553 -0.947 -1.94612 -0.9138632 -1.975334 -0.9138632 -1.975334 -0.8798252 -2.003493 -0.3340994 -1.322316 -0.8798252 -2.003493 -0.8449196 -2.030568 -0.3208593 -1.332586 -0.8449196 -2.030568 -0.8091806 -2.056534 -0.3073033 -1.342435 -0.3073033 -1.342435 -0.8091806 -2.056534 -0.7726438 -2.081365 -0.7726438 -2.081365 -0.735345 -2.105035 -0.2792966 -1.360831 -0.2792966 -1.360831 -0.735345 -2.105035 -0.6973212 -2.127522 -0.2648737 -1.369361 -0.6973212 -2.127522 -0.6586096 -2.148804 -0.6586096 -2.148804 -0.6192488 -2.168859 -0.2352601 -1.385041 -0.6192488 -2.168859 -0.5792774 -2.187669 -0.2200985 -1.392176 -0.2200985 -1.392176 -0.5792774 -2.187669 -0.5387349 -2.205213 -0.5387349 -2.205213 -0.4976614 -2.221475 -0.1891407 -1.404999 -0.1891407 -1.404999 -0.4976614 -2.221475 -0.4560973 -2.236439 -0.4560973 -2.236439 -0.4140836 -2.25009 -0.1574388 -1.415853 -0.4140836 -2.25009 -0.371662 -2.262415 -0.1413478 -1.420527 -0.371662 -2.262415 -0.3288741 -2.273401 -0.125118 -1.424695 -0.125118 -1.424695 -0.3288741 -2.273401 -0.2857623 -2.283037 -0.2857623 -2.283037 -0.2423691 -2.291315 -0.09230577 -1.431489 -0.2423691 -2.291315 -0.1987373 -2.298226 -0.07575571 -1.434111 -0.1987373 -2.298226 -0.1549099 -2.303762 -0.0591315 -1.436211 -0.0591315 -1.436211 -0.1549099 -2.303762 -0.1109302 -2.30792 -0.1109302 -2.30792 -0.06684166 -2.310693 -0.02572631 -1.43884 -0.06684166 -2.310693 -0.02268838 -2.312081 -0.008978605 -1.439366 -0.02268838 -2.312081 0.02148723 -2.312081 0.00777769 -1.439366 0.02148723 -2.312081 0.06564122 -2.310693 0.02452576 -1.43884 0.02452576 -1.43884 0.06564122 -2.310693 0.1097297 -2.30792 0.1097297 -2.30792 0.1537094 -2.303762 0.05793082 -1.436211 0.05793082 -1.436211 0.1537094 -2.303762 0.1975368 -2.298226 0.1975368 -2.298226 0.2411685 -2.291315 0.09110516 -1.431489 0.2411685 -2.291315 0.2845619 -2.283037 0.1075646 -1.42835 0.1075646 -1.42835 0.2845619 -2.283037 0.3276736 -2.273401 0.3276736 -2.273401 0.3704616 -2.262415 0.1401472 -1.420527 0.1401472 -1.420527 0.3704616 -2.262415 0.4128833 -2.25009 0.4128833 -2.25009 0.4548968 -2.236439 0.1721744 -1.410675 0.1721744 -1.410675 0.4548968 -2.236439 0.4964609 -2.221475 0.1879401 -1.404999 0.4964609 -2.221475 0.5375345 -2.205213 0.5375345 -2.205213 0.5780769 -2.187669 0.2188979 -1.392176 0.2188979 -1.392176 0.5780769 -2.187669 0.6180483 -2.168859 0.6180483 -2.168859 0.6574091 -2.148804 0.2489895 -1.377434 0.6574091 -2.148804 0.6961206 -2.127522 0.2636731 -1.369361 0.2636731 -1.369361 0.6961206 -2.127522 0.7341445 -2.105035 0.7341445 -2.105035 0.7714434 -2.081365 0.2922437 -1.351853 0.7714434 -2.081365 0.8079802 -2.056534 0.3061027 -1.342435 0.3061027 -1.342435 0.8079802 -2.056534 0.8437191 -2.030568 0.8437191 -2.030568 0.8786248 -2.003493 0.3328988 -1.322315 0.8786248 -2.003493 0.9126628 -1.975334 0.3458098 -1.311635 0.9126628 -1.975334 0.9457995 -1.94612 0.3583788 -1.300553 0.9457995 -1.94612 0.9780021 -1.91588 0.3705937 -1.289083 0.9780021 -1.91588 1.009239 -1.884643 0.3824422 -1.277234 0.3824422 -1.277234 1.009239 -1.884643 1.039479 -1.85244 1.039479 -1.85244 1.068693 -1.819303 0.4049937 -1.25245 1.068693 -1.819303 1.096852 -1.785265 0.4156747 -1.23954 1.096852 -1.785265 1.123928 -1.75036 0.4259448 -1.2263 0.4259448 -1.2263 1.123928 -1.75036 1.149893 -1.714621 1.149893 -1.714621 1.174724 -1.678084 0.4452123 -1.198885 0.4452123 -1.198885 1.174724 -1.678084 1.198394 -1.640785 1.198394 -1.640785 1.220882 -1.602761 0.4627204 -1.170314 1.220882 -1.602761 1.242163 -1.56405 0.4707928 -1.15563 1.242163 -1.56405 1.262219 -1.524689 0.4784001 -1.1407 1.262219 -1.524689 1.281028 -1.484718 0.4855345 -1.125539 1.281028 -1.484718 1.298572 -1.444175 0.4921893 -1.110161 1.298572 -1.444175 1.314834 -1.403101 0.4983576 -1.094581 0.4983576 -1.094581 1.314834 -1.403101 1.329798 -1.361538 1.329798 -1.361538 1.343449 -1.319524 0.5092115 -1.062879 0.5092115 -1.062879 1.343449 -1.319524 1.355774 -1.277102 1.355774 -1.277102 1.36676 -1.234315 0.5180535 -1.030558 1.36676 -1.234315 1.376396 -1.191203 0.5217088 -1.014206 1.376396 -1.191203 1.384674 -1.14781 0.5248487 -0.9977462 1.384674 -1.14781 1.391585 -1.104178 0.52747 -0.9811962 0.52747 -0.9811962 1.391585 -1.104178 1.397121 -1.060351 1.397121 -1.060351 1.401279 -1.016371 0.5311469 -0.9478902 1.401279 -1.016371 1.404052 -0.9722824 0.532199 -0.9311668 1.404052 -0.9722824 1.40544 -0.9281286 0.5327253 -0.9144188 1.40544 -0.9281286 1.40544 -0.8839529 0.5327253 -0.8976625 1.40544 -0.8839529 1.404052 -0.8397988 0.532199 -0.8809145 1.404052 -0.8397988 1.401279 -0.7957103 0.5311469 -0.8641912 1.401279 -0.7957103 1.397121 -0.7517307 0.52957 -0.8475092 1.397121 -0.7517307 1.391585 -0.7079033 0.5274698 -0.8308852 1.391585 -0.7079033 1.384674 -0.6642714 0.5248487 -0.814335 0.5248487 -0.814335 1.384674 -0.6642714 1.376396 -0.6208781 1.376396 -0.6208781 1.36676 -0.5777664 0.5180537 -0.7815229 0.5180537 -0.7815229 1.36676 -0.5777664 1.355774 -0.5349785 1.355774 -0.5349785 1.343449 -0.4925569 0.5092115 -0.7492019 0.5092115 -0.7492019 1.343449 -0.4925569 1.329798 -0.4505432 1.329798 -0.4505432 1.314834 -0.4089792 0.4983576 -0.7175001 0.4983576 -0.7175001 1.314834 -0.4089792 1.298572 -0.3679056 0.4921891 -0.7019205 1.298572 -0.3679056 1.281028 -0.3273632 1.281028 -0.3273632 1.262219 -0.2873919 0.4783999 -0.6713808 0.4783999 -0.6713808 1.262219 -0.2873919 1.242163 -0.2480309 1.242163 -0.2480309 1.220881 -0.2093194 0.4627204 -0.6417672 0.4627204 -0.6417672 1.220881 -0.2093194 1.198394 -0.1712956 0.4541907 -0.6273443 1.198394 -0.1712956 1.174723 -0.1339968 1.174723 -0.1339968 1.149893 -0.09745991 0.4357936 -0.5993376 0.4357936 -0.5993376 1.149893 -0.09745991 1.123927 -0.06172108 1.123927 -0.06172108 1.096851 -0.02681529 0.4156746 -0.5725415 1.096851 -0.02681529 1.068693 0.007222533 0.4049936 -0.5596305 1.068693 0.007222533 1.039479 0.04035925 0.3939125 -0.5470615 0.3939125 -0.5470615 1.039479 0.04035925 1.009239 0.07256191 0.3824421 -0.5348466 1.009239 0.07256191 0.9780016 0.1037988 0.9780016 0.1037988 0.9457989 0.1340393 0.3583787 -0.5115275 0.3583787 -0.5115275 0.9457989 0.1340393 0.9126623 0.1632532 0.9126623 0.1632532 0.8786242 0.1914117 0.3328987 -0.4897655 0.3328987 -0.4897655 0.8786242 0.1914117 0.8437187 0.2184873 0.8437187 0.2184873 0.8079797 0.2444532 0.3061023 -0.4696465 0.3061023 -0.4696465 0.8079797 0.2444532 0.7714429 0.2692835 0.7714429 0.2692835 0.734144 0.2929543 0.2780957 -0.4512495 0.734144 0.2929543 0.69612 0.3154414 0.2636729 -0.4427198 0.69612 0.3154414 0.6574091 0.3367229 0.2489895 -0.4346476 0.2489895 -0.4346476 0.6574091 0.3367229 0.6180484 0.3567781 0.6180484 0.3567781 0.5780771 0.3755874 0.2188979 -0.4199058 0.2188979 -0.4199058 0.5780771 0.3755874 0.5375345 0.3931316 0.5375345 0.3931316 0.4964609 0.4093939 0.1879401 -0.4070826 0.4964609 0.4093939 0.4548968 0.4243579 0.1721744 -0.4014068 0.4548968 0.4243579 0.4128833 0.438009 0.1562383 -0.3962286 0.4128833 0.438009 0.3704616 0.4503336 0.1401472 -0.3915538 0.1401472 -0.3915538 0.3704616 0.4503336 0.3276739 0.4613194 0.3276739 0.4613194 0.2845619 0.4709562 0.1075646 -0.3837314 0.2845619 0.4709562 0.2411687 0.4792339 0.09110516 -0.3805918 0.2411687 0.4792339 0.1975368 0.4861444 0.07455503 -0.3779704 0.1975368 0.4861444 0.1537095 0.4916812 0.05793106 -0.3758703 0.05793106 -0.3758703 0.1537095 0.4916812 0.1097298 0.4958384 0.1097298 0.4958384 0.06564122 0.4986122 0.02452576 -0.3732413 0.06564122 0.4986122 0.02148723 0.4999998 0.00777769 -0.3727149 0.02148723 0.4999998 -0.02268838 0.4999998 -0.008978605 -0.3727149 -0.02268838 0.4999998 -0.06684225 0.4986123 -0.02572655 -0.3732413 -0.06684225 0.4986123 -0.1109308 0.4958385 -0.04244977 -0.3742934 -0.04244977 -0.3742934 -0.1109308 0.4958385 -0.1549105 0.4916812 -0.1549105 0.4916812 -0.1987379 0.4861444 -0.07575595 -0.3779704 -0.07575595 -0.3779704 -0.1987379 0.4861444 -0.2423697 0.4792338 -0.2423697 0.4792338 -0.2857629 0.4709562 -0.1087654 -0.3837314 -0.1087654 -0.3837314 -0.2857629 0.4709562 -0.3288747 0.4613194 -0.3288747 0.4613194 -0.3716626 0.4503334 -0.141348 -0.391554 -0.3716626 0.4503334 -0.4140843 0.4380089 -0.1574391 -0.3962289 -0.4140843 0.4380089 -0.4560979 0.4243577 -0.1733753 -0.4014068 -0.1733753 -0.4014068 -0.4560979 0.4243577 -0.497662 0.4093936 -0.1891409 -0.4070828 -0.497662 0.4093936 -0.5387355 0.3931314 -0.5387355 0.3931314 -0.579278 0.3755872 -0.2200987 -0.4199058 -0.2200987 -0.4199058 -0.579278 0.3755872 -0.6192494 0.3567781 -0.2352603 -0.4270403 -0.6192494 0.3567781 -0.6586102 0.3367227 -0.6586102 0.3367227 -0.6973217 0.3154409 -0.2648739 -0.4427201 -0.6973217 0.3154409 -0.7353456 0.2929536 -0.2792968 -0.4512497 -0.7353456 0.2929536 -0.7726443 0.2692831 -0.2934445 -0.4602282 -0.2934445 -0.4602282 -0.7726443 0.2692831 -0.8091812 0.2444525 -0.8091812 0.2444525 -0.84492 0.2184867 -0.3208595 -0.4794957 -0.84492 0.2184867 -0.8798257 0.191411 -0.3340996 -0.4897658 -0.8798257 0.191411 -0.9138638 0.1632524 -0.3470105 -0.5004467 -0.9138638 0.1632524 -0.9470005 0.1340385 -0.3595797 -0.5115279 -0.3595797 -0.5115279 -0.9470005 0.1340385 -0.979203 0.1037982 -0.3717944 -0.5229983 -0.979203 0.1037982 -1.01044 0.07256114 -1.01044 0.07256114 -1.040681 0.04035848 -0.3951134 -0.5470617 -1.040681 0.04035848 -1.069894 0.007221698 -0.4061946 -0.5596308 -1.069894 0.007221698 -1.098053 -0.02681618 -0.4168754 -0.5725417 -0.4168754 -0.5725417 -1.098053 -0.02681618 -1.125129 -0.06172186 -0.4271455 -0.5857819 -1.125129 -0.06172186 -1.151094 -0.09746086 -1.151094 -0.09746086 -1.175925 -0.1339976 -0.446413 -0.6131969 -0.446413 -0.6131969 -1.175925 -0.1339976 -1.199595 -0.1712964 -0.4553915 -0.6273445 -1.199595 -0.1712964 -1.222083 -0.2093204 -0.4639211 -0.6417675 -1.222083 -0.2093204 -1.243364 -0.2480319 -1.243364 -0.2480319 -1.263419 -0.2873929 -0.4796007 -0.671381 -0.4796007 -0.671381 -1.263419 -0.2873929 -1.282229 -0.3273642 -0.4867352 -0.6865426 -1.282229 -0.3273642 -1.299773 -0.3679066 -1.299773 -0.3679066 -1.316035 -0.4089802 -0.4995583 -0.7175005 -0.4995583 -0.7175005 -1.316035 -0.4089802 -1.330999 -0.4505442 -1.330999 -0.4505442 -1.34465 -0.492558 -0.5104123 -0.7492025 -1.34465 -0.492558 -1.356975 -0.5349795 -0.5150871 -0.7652933 -1.356975 -0.5349795 -1.367961 -0.5777674 -0.5192542 -0.7815232 -0.5192542 -0.7815232 -1.367961 -0.5777674 -1.377597 -0.6208792 -1.377597 -0.6208792 -1.385875 -0.6642726 -0.5260493 -0.8143356 -1.385875 -0.6642726 -1.392786 -0.7079045 -0.5286707 -0.8308855 -0.5286707 -0.8308855 -1.392786 -0.7079045 -1.398322 -0.7517318 -1.398322 -0.7517318 -1.402479 -0.7957114 -0.5323476 -0.8641915 -1.402479 -0.7957114 -1.405253 -0.8397987 -0.5333997 -0.8809143 -1.405253 -0.8397987 -1.406641 -0.8839524 -0.533926 -0.8976624 -1.406641 -0.8839524 -1.406641 -0.9281281 -0.533926 -0.9144187 -1.406641 -0.9281281 -1.405253 -0.9722822 -0.5333997 -0.9311668 -0.5333997 -0.9311668 -1.405253 -0.9722822 -1.402479 -1.016371 -0.5323476 -0.9478899 -1.402479 -1.016371 -1.398322 -1.06035 -0.5307705 -0.9645721 -1.398322 -1.06035 -1.392785 -1.104178 -1.392785 -1.104178 -1.385875 -1.14781 -0.5260493 -0.997746 -1.385875 -1.14781 -1.377597 -1.191203 -0.5229094 -1.014206 -0.5229094 -1.014206 -1.377597 -1.191203 -1.36796 -1.234315 -1.36796 -1.234315 -1.356974 -1.277103 -0.515087 -1.046788 -0.515087 -1.046788 -1.356974 -1.277103 -1.34465 -1.319524 -1.34465 -1.319524 -1.330999 -1.361538 -0.5052343 -1.078815 -0.5052343 -1.078815 -1.330999 -1.361538 -1.316035 -1.403102 -0.4995582 -1.094581 -1.316035 -1.403102 -1.299773 -1.444175 -0.4933898 -1.110161 -1.299773 -1.444175 -1.282228 -1.484718 -1.282228 -1.484718 -1.263419 -1.524689 -0.4796006 -1.1407 -1.263419 -1.524689 -1.243364 -1.56405 -0.4719934 -1.15563 -1.243364 -1.56405 -1.222082 -1.602761 -0.463921 -1.170314 -0.463921 -1.170314 -1.222082 -1.602761 -1.199595 -1.640785 -1.199595 -1.640785 -1.175924 -1.678084 -0.4464128 -1.198885 -1.175924 -1.678084 -1.151094 -1.714621 -0.4369943 -1.212744 -0.4369943 -1.212744 -1.151094 -1.714621 -1.125128 -1.75036 -1.125128 -1.75036 -1.098052 -1.785266 -0.4168753 -1.23954 -1.098052 -1.785266 -1.069894 -1.819303 -0.4061943 -1.252451 -1.069894 -1.819303 -1.04068 -1.85244 -0.3951132 -1.26502 -1.04068 -1.85244 -1.010439 -1.884643 -0.3836427 -1.277235 -1.010439 -1.884643 -0.9792024 -1.91588 -0.3717942 -1.289083 -0.9792024 -1.91588 -0.9469997 -1.94612 -0.3595794 -1.300554 -0.3595794 -1.300554 -0.9469997 -1.94612 -0.913863 -1.975334 -0.913863 -1.975334 -0.8798251 -2.003493 -0.3340994 -1.322316 -0.8798251 -2.003493 -0.8449195 -2.030568 -0.3208593 -1.332586 -0.3208593 -1.332586 -0.8449195 -2.030568 -0.8091805 -2.056534 -0.8091805 -2.056534 -0.7726437 -2.081365 -0.2934443 -1.351853 -0.2934443 -1.351853 -0.7726437 -2.081365 -0.7353448 -2.105035 -0.2792965 -1.360832 -0.7353448 -2.105035 -0.6973209 -2.127523 -0.6973209 -2.127523 -0.6586094 -2.148804 -0.25019 -1.377434 -0.25019 -1.377434 -0.6586094 -2.148804 -0.6192485 -2.16886 -0.6192485 -2.16886 -0.5792772 -2.187669 -0.2200984 -1.392176 -0.5792772 -2.187669 -0.5387347 -2.205213 -0.2047203 -1.39883 -0.5387347 -2.205213 -0.4976612 -2.221475 -0.1891406 -1.404999 -0.1891406 -1.404999 -0.4976612 -2.221475 -0.4560971 -2.236439 -0.4560971 -2.236439 -0.4140834 -2.25009 -0.1574387 -1.415853 -0.1574387 -1.415853 -0.4140834 -2.25009 -0.3716617 -2.262415 -0.3716617 -2.262415 -0.3288739 -2.273401 -0.1251178 -1.424695 -0.1251178 -1.424695 -0.3288739 -2.273401 -0.2857621 -2.283037 -0.2857621 -2.283037 -0.2423689 -2.291315 -0.09230566 -1.431489 -0.2423689 -2.291315 -0.198737 -2.298226 -0.07575565 -1.434111 -0.198737 -2.298226 -0.1549097 -2.303762 -0.05913138 -1.436211 -0.1549097 -2.303762 -0.11093 -2.30792 -0.04244947 -1.437788 -0.04244947 -1.437788 -0.11093 -2.30792 -0.06684148 -2.310693 -0.06684148 -2.310693 -0.02268749 -2.312081 -0.008978247 -1.439366 -0.02268749 -2.312081 0.02148824 -2.312081 0.007777988 -1.439366 0.007777988 -1.439366 0.02148824 -2.312081 0.06564205 -2.310693 0.06564205 -2.310693 0.1097307 -2.307919 0.04124933 -1.437788 0.1097307 -2.307919 0.1537103 -2.303762 0.05793124 -1.436211 0.1537103 -2.303762 0.1975376 -2.298226 0.07455539 -1.434111 0.1975376 -2.298226 0.2411695 -2.291315 0.09110552 -1.431489 0.09110552 -1.431489 0.2411695 -2.291315 0.2845627 -2.283037 0.2845627 -2.283037 0.3276746 -2.273401 0.1239178 -1.424695 0.1239178 -1.424695 0.3276746 -2.273401 0.3704624 -2.262414 0.1401476 -1.420527 0.3704624 -2.262414 0.4128841 -2.25009 0.4128841 -2.25009 0.4548977 -2.236439 0.1721748 -1.410674 0.4548977 -2.236439 0.4964618 -2.221475 0.1879404 -1.404999 0.1879404 -1.404999 0.4964618 -2.221475 0.5375353 -2.205213 0.2035201 -1.39883 0.5375353 -2.205213 0.5780777 -2.187668 0.5780777 -2.187668 0.618049 -2.168859 0.2340597 -1.385041 0.2340597 -1.385041 0.618049 -2.168859 0.6574099 -2.148804 0.6574099 -2.148804 0.6961215 -2.127522 0.2636734 -1.369361 0.6961215 -2.127522 0.7341453 -2.105035 0.2780964 -1.360831 0.2780964 -1.360831 0.7341453 -2.105035 0.7714441 -2.081364 0.2922441 -1.351853 0.7714441 -2.081364 0.8079809 -2.056534 0.8079809 -2.056534 0.8437198 -2.030568 0.3196591 -1.332585 0.3196591 -1.332585 0.8437198 -2.030568 0.8786254 -2.003492 0.8786254 -2.003492 0.9126635 -1.975333 0.3458101 -1.311634 0.9126635 -1.975333 0.9458001 -1.946119 0.3583792 -1.300553 0.3583792 -1.300553 0.9458001 -1.946119 0.9780028 -1.915879 0.9780028 -1.915879 1.00924 -1.884642 0.3824424 -1.277234 1.00924 -1.884642 1.03948 -1.852439 0.3939128 -1.265019 1.03948 -1.852439 1.068694 -1.819303 0.404994 -1.25245 0.404994 -1.25245 1.068694 -1.819303 1.096852 -1.785264 1.096852 -1.785264 1.123928 -1.750359 0.4259449 -1.226299 1.123928 -1.750359 1.149894 -1.71462 0.4357939 -1.212743 1.149894 -1.71462 1.174724 -1.678083 0.4452125 -1.198884 0.4452125 -1.198884 1.174724 -1.678083 1.198395 -1.640784 1.198395 -1.640784 1.220882 -1.602761 0.4627205 -1.170314 1.220882 -1.602761 1.242163 -1.56405 0.4707928 -1.15563 0.4707928 -1.15563 1.242163 -1.56405 1.262219 -1.524689 1.262219 -1.524689 1.281028 -1.484718 0.4855345 -1.125539 0.4855345 -1.125539 1.281028 -1.484718 1.298572 -1.444175 1.298572 -1.444175 1.314834 -1.403102 0.4983576 -1.094581 1.314834 -1.403102 1.329798 -1.361538 0.5040337 -1.078815 1.329798 -1.361538 1.343449 -1.319524 0.5092115 -1.062879 1.343449 -1.319524 1.355774 -1.277103 0.5138864 -1.046788 0.5138864 -1.046788 1.355774 -1.277103 1.36676 -1.234315 1.36676 -1.234315 1.376396 -1.191203 0.5217088 -1.014206 1.376396 -1.191203 1.384674 -1.14781 0.5248487 -0.997746 1.384674 -1.14781 1.391585 -1.104178 0.52747 -0.9811961 1.391585 -1.104178 1.397122 -1.06035 0.52957 -0.9645721 0.52957 -0.9645721 1.397122 -1.06035 1.401279 -1.016371 1.401279 -1.016371 1.404052 -0.9722822 0.532199 -0.9311668 1.404052 -0.9722822 1.40544 -0.9281281 0.5327253 -0.9144187 1.815587 0.710754 1.719311 0.7224172 1.718812 0.6779789 1.815089 0.6663158 1.718812 0.6779789 1.718316 0.6335622 1.814592 0.6218993 1.718316 0.6335622 1.717827 0.5892104 1.814104 0.5775475 1.717827 0.5892104 1.717352 0.5449669 1.813629 0.5333037 1.717352 0.5449669 1.716895 0.5008746 1.813171 0.4892114 1.716895 0.5008746 1.716462 0.4569762 1.812738 0.445313 1.716462 0.4569762 1.716057 0.4133149 1.812333 0.4016516 1.716057 0.4133149 1.715686 0.3699327 1.811962 0.3582696 1.715686 0.3699327 1.715354 0.3268722 1.81163 0.3152092 1.715354 0.3268722 1.715066 0.2841753 1.811343 0.2725123 1.715066 0.2841753 1.714827 0.2418835 1.811104 0.2302203 1.714827 0.2418835 1.714643 0.2000379 1.810919 0.1883748 1.714643 0.2000379 1.714517 0.1586794 1.810793 0.1470161 1.714517 0.1586794 1.714455 0.117848 1.810731 0.1061848 1.714455 0.117848 1.714461 0.07758367 1.810738 0.06592047 1.714461 0.07758367 1.714542 0.03792524 1.810818 0.02626216 1.714542 0.03792524 1.7147 -0.001088321 1.810977 -0.01275146 1.7147 -0.001088321 1.714941 -0.03941947 1.811217 -0.05108273 1.714941 -0.03941947 1.715269 -0.07703071 1.811545 -0.08869367 1.715269 -0.07703071 1.715689 -0.1138854 1.811966 -0.1255486 1.715689 -0.1138854 1.716205 -0.1499481 1.812481 -0.1616112 1.716205 -0.1499481 1.716821 -0.1851837 1.813097 -0.1968469 1.716821 -0.1851837 1.717541 -0.2195578 1.813817 -0.2312208 1.717541 -0.2195578 1.718369 -0.2530372 1.814646 -0.2647002 1.718369 -0.2530372 1.719311 -0.2855891 1.708026 1.706149 1.611721 1.717576 1.612798 1.685502 1.709102 1.674075 1.612798 1.685502 1.613763 1.652485 1.710068 1.641057 1.613763 1.652485 1.614621 1.618556 1.710925 1.607128 1.614621 1.618556 1.615373 1.583749 1.711678 1.572321 1.615373 1.583749 1.616026 1.548097 1.712331 1.53667 1.616026 1.548097 1.616582 1.511635 1.712887 1.500208 1.616582 1.511635 1.617047 1.474398 1.713351 1.462971 1.617047 1.474398 1.617424 1.436424 1.713728 1.424996 1.617424 1.436424 1.617718 1.397747 1.714022 1.38632 1.617718 1.397747 1.617933 1.358407 1.714237 1.346979 1.617933 1.358407 1.618073 1.318441 1.714378 1.307013 1.618073 1.318441 1.618144 1.277888 1.714449 1.26646 1.618144 1.277888 1.61815 1.236788 1.714455 1.22536 1.61815 1.236788 1.618096 1.195181 1.714401 1.183753 1.618096 1.195181 1.617987 1.153106 1.714291 1.141679 1.617987 1.153106 1.617827 1.110606 1.714131 1.099179 1.617827 1.110606 1.617621 1.067722 1.713926 1.056294 1.617621 1.067722 1.617375 1.024494 1.713679 1.013067 1.617375 1.024494 1.617093 0.9809665 1.713397 0.9695392 1.617093 0.9809665 1.61678 0.9371805 1.713085 0.925753 1.61678 0.9371805 1.616442 0.8931788 1.712747 0.8817512 1.616442 0.8931788 1.616083 0.8490044 1.712388 0.8375769 1.616083 0.8490044 1.615709 0.8047001 1.712014 0.7932726 1.615709 0.8047001 1.615325 0.7603098 1.71163 0.7488823 1.615325 0.7603098 1.614936 0.7158759 1.711241 0.7044484 1.614936 0.7158759 1.614546 0.671442 1.710851 0.6600145 1.614546 0.671442 1.614162 0.6270514 1.710466 0.6156238 1.614162 0.6270514 1.613788 0.5827473 1.710093 0.5713198 1.613788 0.5827473 1.613429 0.5385729 1.709734 0.5271453 1.613429 0.5385729 1.613091 0.494571 1.709396 0.4831436 1.613091 0.494571 1.612778 0.4507849 1.709083 0.4393575 1.612778 0.4507849 1.612496 0.407257 1.708801 0.3958296 1.612496 0.407257 1.61225 0.3640298 1.708555 0.3526024 1.61225 0.3640298 1.612045 0.3211454 1.708349 0.3097179 1.612045 0.3211454 1.611884 0.2786453 1.708189 0.2672179 1.611884 0.2786453 1.611775 0.236571 1.70808 0.2251437 1.611775 0.236571 1.611721 0.1949636 1.708026 0.1835362 1.611721 0.1949636 1.611727 0.1538635 1.708032 0.1424362 1.611727 0.1538635 1.611798 0.1133109 1.708103 0.1018834 1.611798 0.1133109 1.611939 0.07334476 1.708244 0.06191736 1.611939 0.07334476 1.612154 0.03400439 1.708458 0.02257692 1.612154 0.03400439 1.612448 -0.004671931 1.708752 -0.01609945 1.612448 -0.004671931 1.612824 -0.04264706 1.709129 -0.0540744 1.612824 -0.04264706 1.613289 -0.07988357 1.709594 -0.09131097 1.613289 -0.07988357 1.613846 -0.1163455 1.71015 -0.127773 1.613846 -0.1163455 1.614498 -0.1519974 1.710803 -0.1634248 1.614498 -0.1519974 1.615251 -0.1868047 1.711555 -0.1982322 1.615251 -0.1868047 1.616108 -0.2207335 1.712413 -0.2321609 1.616108 -0.2207335 1.617073 -0.253751 1.713378 -0.2651786 1.617073 -0.253751 1.61815 -0.2858248 1.501741 -0.308921 1.40544 -0.297458 1.406563 -0.329049 1.502864 -0.3405121 1.406563 -0.329049 1.407572 -0.361599 1.503872 -0.3730621 1.407572 -0.361599 1.40847 -0.3950765 1.50477 -0.4065398 1.40847 -0.3950765 1.409262 -0.4294492 1.505562 -0.4409123 1.409262 -0.4294492 1.409951 -0.4646832 1.506251 -0.4761463 1.409951 -0.4646832 1.410542 -0.5007447 1.506842 -0.512208 1.410542 -0.5007447 1.411038 -0.5375989 1.507338 -0.5490618 1.411038 -0.5375989 1.411444 -0.5752092 1.507745 -0.5866722 1.411444 -0.5752092 1.411765 -0.6135396 1.508065 -0.6250029 1.411765 -0.6135396 1.412004 -0.6525529 1.508305 -0.6640161 1.412004 -0.6525529 1.412167 -0.6922109 1.508467 -0.703674 1.412167 -0.6922109 1.412257 -0.7324754 1.508558 -0.7439385 1.412257 -0.7324754 1.41228 -0.7733067 1.50858 -0.7847698 1.41228 -0.7733067 1.41224 -0.8146654 1.50854 -0.8261285 1.41224 -0.8146654 1.412142 -0.8565114 1.508443 -0.8679744 1.412142 -0.8565114 1.411991 -0.8988035 1.508292 -0.9102666 1.411991 -0.8988035 1.411792 -0.941501 1.508092 -0.9529641 1.411792 -0.941501 1.41155 -0.984562 1.50785 -0.9960251 1.41155 -0.984562 1.411268 -1.027945 1.507569 -1.039408 1.411268 -1.027945 1.410954 -1.071607 1.507255 -1.08307 1.410954 -1.071607 1.410612 -1.115506 1.506913 -1.126969 1.410612 -1.115506 1.410247 -1.159599 1.506548 -1.171062 1.410247 -1.159599 1.409864 -1.203843 1.506164 -1.215307 1.409864 -1.203843 1.409467 -1.248196 1.505768 -1.259659 1.409467 -1.248196 1.409063 -1.292614 1.505364 -1.304077 1.409063 -1.292614 1.408657 -1.337053 1.504957 -1.348516 1.408657 -1.337053 1.408253 -1.381471 1.504553 -1.392934 1.408253 -1.381471 1.407857 -1.425823 1.504157 -1.437286 1.407857 -1.425823 1.407473 -1.470067 1.503774 -1.481531 1.407473 -1.470067 1.407108 -1.514161 1.503408 -1.525624 1.407108 -1.514161 1.406766 -1.55806 1.503066 -1.569523 1.406766 -1.55806 1.406451 -1.601722 1.502752 -1.613185 1.406451 -1.601722 1.406171 -1.645105 1.502471 -1.656568 1.406171 -1.645105 1.405928 -1.688166 1.502228 -1.699629 1.405928 -1.688166 1.405729 -1.730864 1.502029 -1.742326 1.405729 -1.730864 1.405578 -1.773156 1.501878 -1.784619 1.405578 -1.773156 1.40548 -1.815002 1.501781 -1.826465 1.40548 -1.815002 1.40544 -1.85636 1.501741 -1.867824 1.40544 -1.85636 1.405463 -1.897192 1.501764 -1.908655 1.405463 -1.897192 1.405553 -1.937456 1.501854 -1.948919 1.405553 -1.937456 1.405716 -1.977114 1.502016 -1.988577 1.405716 -1.977114 1.405955 -2.016128 1.502256 -2.02759 1.405955 -2.016128 1.406276 -2.054458 1.502576 -2.065921 1.406276 -2.054458 1.406682 -2.092068 1.502983 -2.103531 1.406682 -2.092068 1.407179 -2.128922 1.503479 -2.140385 1.407179 -2.128922 1.407769 -2.164984 1.50407 -2.176447 1.407769 -2.164984 1.408458 -2.200218 1.504759 -2.211681 1.408458 -2.200218 1.40925 -2.23459 1.505551 -2.246053 1.40925 -2.23459 1.410149 -2.268068 1.506449 -2.279531 1.410149 -2.268068 1.411157 -2.300618 1.81076 -0.3086795 1.714455 -0.2972521 1.715532 -0.3293263 1.811837 -0.3407536 1.715532 -0.3293263 1.716497 -0.3623437 1.812802 -0.3737711 1.716497 -0.3623437 1.717354 -0.3962726 1.813659 -0.4077 1.717354 -0.3962726 1.718107 -0.4310798 1.814412 -0.4425073 1.718107 -0.4310798 1.71876 -0.4667319 1.815064 -0.4781591 1.71876 -0.4667319 1.719316 -0.5031936 1.815621 -0.5146211 1.719316 -0.5031936 1.719781 -0.5404301 1.816085 -0.5518576 1.719781 -0.5404301 1.720158 -0.578405 1.816463 -0.5898326 1.720158 -0.578405 1.720451 -0.6170817 1.816756 -0.6285092 1.720451 -0.6170817 1.720666 -0.656422 1.816971 -0.6678494 1.720666 -0.656422 1.720807 -0.6963881 1.817112 -0.7078154 1.720807 -0.6963881 1.720878 -0.736941 1.817183 -0.7483682 1.720878 -0.736941 1.720884 -0.7780409 1.817189 -0.7894683 1.720884 -0.7780409 1.72083 -0.8196482 1.817135 -0.8310757 1.72083 -0.8196482 1.720721 -0.8617225 1.817025 -0.87315 1.720721 -0.8617225 1.720561 -0.9042226 1.816865 -0.9156501 1.720561 -0.9042226 1.720355 -0.9471071 1.81666 -0.9585346 1.720355 -0.9471071 1.720109 -0.9903344 1.816414 -1.001762 1.720109 -0.9903344 1.719827 -1.033862 1.816132 -1.04529 1.719827 -1.033862 1.719514 -1.077648 1.815819 -1.089076 1.719514 -1.077648 1.719176 -1.12165 1.815481 -1.133077 1.719176 -1.12165 1.718817 -1.165824 1.815122 -1.177252 1.718817 -1.165824 1.718443 -1.210129 1.814748 -1.221556 1.718443 -1.210129 1.718059 -1.254519 1.814364 -1.265947 1.718059 -1.254519 1.71767 -1.298952 1.813974 -1.31038 1.71767 -1.298952 1.71728 -1.343386 1.813585 -1.354814 1.71728 -1.343386 1.716896 -1.387777 1.813201 -1.399204 1.716896 -1.387777 1.716522 -1.432081 1.812826 -1.443509 1.716522 -1.432081 1.716163 -1.476256 1.812468 -1.487683 1.716163 -1.476256 1.715825 -1.520257 1.81213 -1.531685 1.715825 -1.520257 1.715512 -1.564043 1.811817 -1.575471 1.715512 -1.564043 1.71523 -1.607571 1.811535 -1.618999 1.71523 -1.607571 1.714984 -1.650798 1.811289 -1.662226 1.714984 -1.650798 1.714778 -1.693683 1.811083 -1.705111 1.714778 -1.693683 1.714618 -1.736183 1.810923 -1.747611 1.714618 -1.736183 1.714509 -1.778257 1.810814 -1.789685 1.714509 -1.778257 1.714455 -1.819865 1.81076 -1.831292 1.714455 -1.819865 1.714461 -1.860965 1.810766 -1.872392 1.714461 -1.860965 1.714532 -1.901517 1.810837 -1.912945 1.714532 -1.901517 1.714673 -1.941483 1.810978 -1.952911 1.714673 -1.941483 1.714888 -1.980824 1.811193 -1.992252 1.714888 -1.980824 1.715181 -2.0195 1.811486 -2.030928 1.715181 -2.0195 1.715558 -2.057476 1.811863 -2.068903 1.715558 -2.057476 1.716023 -2.094712 1.812328 -2.10614 1.716023 -2.094712 1.716579 -2.131174 1.812884 -2.142601 1.716579 -2.131174 1.717232 -2.166826 1.813537 -2.178253 1.717232 -2.166826 1.717985 -2.201633 1.814289 -2.213061 1.717985 -2.201633 1.718842 -2.235562 1.815147 -2.246989 1.718842 -2.235562 1.719807 -2.268579 1.816112 -2.280007 1.719807 -2.268579 1.720884 -2.300653 1.501741 1.705702 1.40544 1.717165 1.406563 1.685574 1.502864 1.674111 1.406563 1.685574 1.407572 1.653024 1.503872 1.641561 1.407572 1.653024 1.40847 1.619546 1.50477 1.608083 1.40847 1.619546 1.409262 1.585174 1.505562 1.573711 1.409262 1.585174 1.409951 1.549939 1.506251 1.538476 1.409951 1.549939 1.410542 1.513878 1.506842 1.502415 1.410542 1.513878 1.411038 1.477024 1.507338 1.465561 1.411038 1.477024 1.411444 1.439414 1.507745 1.427951 1.411444 1.439414 1.411765 1.401083 1.508065 1.38962 1.411765 1.401083 1.412004 1.36207 1.508305 1.350607 1.412004 1.36207 1.412167 1.322412 1.508467 1.310949 1.412167 1.322412 1.412257 1.282148 1.508558 1.270684 1.412257 1.282148 1.41228 1.241316 1.50858 1.229853 1.41228 1.241316 1.41224 1.199957 1.50854 1.188494 1.41224 1.199957 1.412142 1.158111 1.508443 1.146648 1.412142 1.158111 1.411991 1.115819 1.508291 1.104356 1.411991 1.115819 1.411792 1.073122 1.508092 1.061659 1.411792 1.073122 1.41155 1.030061 1.50785 1.018598 1.41155 1.030061 1.411268 0.9866787 1.507569 0.9752157 1.411268 0.9866787 1.410954 0.9430165 1.507255 0.9315535 1.410954 0.9430165 1.410612 0.8991172 1.506913 0.8876542 1.410612 0.8991172 1.410247 0.855024 1.506547 0.8435609 1.410247 0.855024 1.409864 0.8107796 1.506164 0.7993164 1.409864 0.8107796 1.409467 0.7664268 1.505768 0.7549636 1.409467 0.7664268 1.409063 0.7220093 1.505364 0.7105461 1.409063 0.7220093 1.408657 0.67757 1.504957 0.6661069 1.408657 0.67757 1.408253 0.6331525 1.504553 0.6216895 1.408253 0.6331525 1.407857 0.5888 1.504157 0.577337 1.407857 0.5888 1.407473 0.5445557 1.503774 0.5330922 1.407473 0.5445557 1.407108 0.5004623 1.503408 0.4889991 1.407108 0.5004623 1.406766 0.4565631 1.503066 0.4450998 1.406766 0.4565631 1.406451 0.4129008 1.502752 0.4014378 1.406451 0.4129008 1.40617 0.3695181 1.502471 0.358055 1.40617 0.3695181 1.405928 0.3264571 1.502228 0.3149939 1.405928 0.3264571 1.405729 0.2837597 1.502029 0.2722964 1.405729 0.2837597 1.405578 0.2414673 1.501878 0.2300041 1.405578 0.2414673 1.40548 0.1996214 1.50178 0.1881583 1.40548 0.1996214 1.40544 0.1582627 1.501741 0.1467996 1.40544 0.1582627 1.405463 0.1174313 1.501764 0.1059681 1.405463 0.1174313 1.405554 0.07716697 1.501854 0.06570392 1.405554 0.07716697 1.405716 0.03750884 1.502016 0.02604585 1.405716 0.03750884 1.405955 -0.001504361 1.502256 -0.01296746 1.405955 -0.001504361 1.406276 -0.03983485 1.502576 -0.0512979 1.406276 -0.03983485 1.406682 -0.07744538 1.502983 -0.08890843 1.406682 -0.07744538 1.407179 -0.1142992 1.503479 -0.1257624 1.407179 -0.1142992 1.407769 -0.1503607 1.50407 -0.1618238 1.407769 -0.1503607 1.408458 -0.1855948 1.504759 -0.1970579 1.408458 -0.1855948 1.40925 -0.2199674 1.505551 -0.2314305 1.40925 -0.2199674 1.410149 -0.253445 1.506449 -0.264908 1.410149 -0.253445 1.411157 -0.2859951 1.708025 -0.3086796 1.611721 -0.2972521 1.612798 -0.3293263 1.709102 -0.3407539 1.612798 -0.3293263 1.613763 -0.3623437 1.710068 -0.3737712 1.613763 -0.3623437 1.61462 -0.3962726 1.710924 -0.4077001 1.61462 -0.3962726 1.615373 -0.4310798 1.711678 -0.4425073 1.615373 -0.4310798 1.616026 -0.4667319 1.71233 -0.4781591 1.616026 -0.4667319 1.616582 -0.5031939 1.712887 -0.5146211 1.616582 -0.5031939 1.617047 -0.5404302 1.713351 -0.5518576 1.617047 -0.5404302 1.617424 -0.5784054 1.713728 -0.5898327 1.617424 -0.5784054 1.617717 -0.6170818 1.714022 -0.6285092 1.617717 -0.6170818 1.617932 -0.6564216 1.714237 -0.667849 1.617932 -0.6564216 1.618073 -0.6963875 1.714378 -0.7078149 1.618073 -0.6963875 1.618144 -0.7369404 1.714449 -0.7483678 1.618144 -0.7369404 1.61815 -0.7780404 1.714455 -0.7894678 1.61815 -0.7780404 1.618096 -0.8196479 1.714401 -0.8310753 1.618096 -0.8196479 1.617987 -0.8617219 1.714291 -0.8731494 1.617987 -0.8617219 1.617827 -0.904222 1.714131 -0.9156494 1.617827 -0.904222 1.617621 -0.9471066 1.713926 -0.958534 1.617621 -0.9471066 1.617375 -0.9903338 1.713679 -1.001761 1.617375 -0.9903338 1.617093 -1.033862 1.713397 -1.045289 1.617093 -1.033862 1.61678 -1.077648 1.713085 -1.089075 1.61678 -1.077648 1.616442 -1.12165 1.712746 -1.133077 1.616442 -1.12165 1.616083 -1.165824 1.712388 -1.177251 1.616083 -1.165824 1.615709 -1.210128 1.712014 -1.221555 1.615709 -1.210128 1.615325 -1.254519 1.711629 -1.265946 1.615325 -1.254519 1.614936 -1.298953 1.71124 -1.31038 1.614936 -1.298953 1.614546 -1.343387 1.710851 -1.354814 1.614546 -1.343387 1.614162 -1.387777 1.710466 -1.399205 1.614162 -1.387777 1.613788 -1.432081 1.710092 -1.443509 1.613788 -1.432081 1.613429 -1.476256 1.709733 -1.487683 1.613429 -1.476256 1.613091 -1.520257 1.709396 -1.531685 1.613091 -1.520257 1.612778 -1.564043 1.709083 -1.575471 1.612778 -1.564043 1.612496 -1.607571 1.708801 -1.618999 1.612496 -1.607571 1.61225 -1.650799 1.708554 -1.662226 1.61225 -1.650799 1.612045 -1.693683 1.708349 -1.705111 1.612045 -1.693683 1.611884 -1.736183 1.708189 -1.747611 1.611884 -1.736183 1.611775 -1.778258 1.70808 -1.789685 1.611775 -1.778258 1.611721 -1.819865 1.708026 -1.831292 1.611721 -1.819865 1.611727 -1.860965 1.708032 -1.872392 1.611727 -1.860965 1.611798 -1.901518 1.708103 -1.912945 1.611798 -1.901518 1.611939 -1.941484 1.708244 -1.952911 1.611939 -1.941484 1.612154 -1.980824 1.708458 -1.992252 1.612154 -1.980824 1.612448 -2.019501 1.708752 -2.030928 1.612448 -2.019501 1.612825 -2.057476 1.709129 -2.068903 1.612825 -2.057476 1.613289 -2.094712 1.709594 -2.10614 1.613289 -2.094712 1.613846 -2.131174 1.71015 -2.142601 1.613846 -2.131174 1.614498 -2.166826 1.710803 -2.178253 1.614498 -2.166826 1.615251 -2.201633 1.711555 -2.213061 1.615251 -2.201633 1.616108 -2.235562 1.712413 -2.246989 1.616108 -2.235562 1.617073 -2.268579 1.713378 -2.280007 1.617073 -2.268579 1.61815 -2.300653 1.604881 -0.3089215 1.50858 -0.2974585 1.509703 -0.3290498 1.606004 -0.3405128 1.509703 -0.3290498 1.510712 -0.3615996 1.607012 -0.3730627 1.510712 -0.3615996 1.51161 -0.3950772 1.607911 -0.4065402 1.51161 -0.3950772 1.512402 -0.4294498 1.608702 -0.4409129 1.512402 -0.4294498 1.513091 -0.464684 1.609391 -0.4761469 1.513091 -0.464684 1.513682 -0.5007455 1.609982 -0.5122086 1.513682 -0.5007455 1.514178 -0.5375995 1.610478 -0.5490625 1.514178 -0.5375995 1.514584 -0.5752099 1.610885 -0.5866729 1.514584 -0.5752099 1.514905 -0.6135404 1.611205 -0.6250035 1.514905 -0.6135404 1.515144 -0.6525536 1.611444 -0.6640167 1.515144 -0.6525536 1.515307 -0.6922116 1.611607 -0.7036749 1.515307 -0.6922116 1.515397 -0.732476 1.611698 -0.7439393 1.515397 -0.732476 1.51542 -0.7733075 1.61172 -0.7847707 1.51542 -0.7733075 1.51538 -0.8146662 1.611681 -0.8261293 1.51538 -0.8146662 1.515283 -0.856512 1.611583 -0.8679754 1.515283 -0.856512 1.515131 -0.8988043 1.611432 -0.9102675 1.515131 -0.8988043 1.514932 -0.9415017 1.611233 -0.9529648 1.514932 -0.9415017 1.51469 -0.984563 1.61099 -0.9960259 1.51469 -0.984563 1.514409 -1.027945 1.610709 -1.039409 1.514409 -1.027945 1.514095 -1.071608 1.610395 -1.083071 1.514095 -1.071608 1.513753 -1.115507 1.610053 -1.12697 1.513753 -1.115507 1.513387 -1.1596 1.609688 -1.171063 1.513387 -1.1596 1.513004 -1.203845 1.609304 -1.215308 1.513004 -1.203845 1.512608 -1.248196 1.608908 -1.259659 1.512608 -1.248196 1.512204 -1.292614 1.608504 -1.304077 1.512204 -1.292614 1.511797 -1.337053 1.608098 -1.348516 1.511797 -1.337053 1.511393 -1.38147 1.607694 -1.392933 1.511393 -1.38147 1.510997 -1.425823 1.607298 -1.437286 1.510997 -1.425823 1.510614 -1.470067 1.606914 -1.481531 1.510614 -1.470067 1.510248 -1.514161 1.606549 -1.525624 1.510248 -1.514161 1.509906 -1.55806 1.606206 -1.569523 1.509906 -1.55806 1.509592 -1.601722 1.605892 -1.613185 1.509592 -1.601722 1.509311 -1.645105 1.605611 -1.656568 1.509311 -1.645105 1.509069 -1.688166 1.605369 -1.699629 1.509069 -1.688166 1.508869 -1.730863 1.605169 -1.742326 1.508869 -1.730863 1.508718 -1.773156 1.605019 -1.784619 1.508718 -1.773156 1.50862 -1.815002 1.604921 -1.826465 1.50862 -1.815002 1.50858 -1.85636 1.604881 -1.867823 1.50858 -1.85636 1.508604 -1.897192 1.604904 -1.908655 1.508604 -1.897192 1.508694 -1.937456 1.604994 -1.948919 1.508694 -1.937456 1.508856 -1.977114 1.605157 -1.988577 1.508856 -1.977114 1.509096 -2.016127 1.605396 -2.02759 1.509096 -2.016127 1.509416 -2.054458 1.605716 -2.065921 1.509416 -2.054458 1.509822 -2.092068 1.606123 -2.103531 1.509822 -2.092068 1.510319 -2.128922 1.606619 -2.140385 1.510319 -2.128922 1.51091 -2.164984 1.60721 -2.176447 1.51091 -2.164984 1.511599 -2.200218 1.607899 -2.211681 1.511599 -2.200218 1.51239 -2.234591 1.608691 -2.246054 1.51239 -2.234591 1.513289 -2.268068 1.609589 -2.279531 1.513289 -2.268068 1.514297 -2.300618 1.604885 1.705943 1.508581 1.71737 1.509658 1.685296 1.605962 1.673869 1.509658 1.685296 1.510623 1.652279 1.606928 1.640851 1.510623 1.652279 1.51148 1.61835 1.607785 1.606923 1.51148 1.61835 1.512233 1.583543 1.608538 1.572116 1.512233 1.583543 1.512885 1.547891 1.60919 1.536464 1.512885 1.547891 1.513442 1.511429 1.609747 1.500001 1.513442 1.511429 1.513907 1.474193 1.610211 1.462765 1.513907 1.474193 1.514284 1.436218 1.610588 1.42479 1.514284 1.436218 1.514577 1.397541 1.610882 1.386114 1.514577 1.397541 1.514792 1.358201 1.611096 1.346773 1.514792 1.358201 1.514933 1.318235 1.611237 1.306807 1.514933 1.318235 1.515004 1.277682 1.611309 1.266255 1.515004 1.277682 1.51501 1.236582 1.611315 1.225154 1.51501 1.236582 1.514956 1.194975 1.611261 1.183547 1.514956 1.194975 1.514846 1.1529 1.611151 1.141473 1.514846 1.1529 1.514687 1.1104 1.610991 1.098973 1.514687 1.1104 1.514481 1.067515 1.610786 1.056088 1.514481 1.067515 1.514235 1.024288 1.610539 1.012861 1.514235 1.024288 1.513953 0.9807603 1.610257 0.9693331 1.513953 0.9807603 1.51364 0.9369744 1.609945 0.9255468 1.51364 0.9369744 1.513302 0.8929726 1.609607 0.881545 1.513302 0.8929726 1.512943 0.8487982 1.609248 0.8373706 1.512943 0.8487982 1.512569 0.804494 1.608874 0.7930668 1.512569 0.804494 1.512185 0.7601032 1.608489 0.7486762 1.512185 0.7601032 1.511796 0.7156695 1.6081 0.7042423 1.511796 0.7156695 1.511406 0.6712355 1.60771 0.6598084 1.511406 0.6712355 1.511021 0.6268449 1.607326 0.6154178 1.511021 0.6268449 1.510648 0.5825408 1.606952 0.5711135 1.510648 0.5825408 1.510289 0.5383663 1.606594 0.5269391 1.510289 0.5383663 1.509951 0.4943649 1.606255 0.4829373 1.509951 0.4943649 1.509638 0.4505786 1.605943 0.4391512 1.509638 0.4505786 1.509356 0.4070508 1.605661 0.3956233 1.509356 0.4070508 1.50911 0.3638236 1.605415 0.3523961 1.50911 0.3638236 1.508904 0.3209389 1.605209 0.3095116 1.508904 0.3209389 1.508744 0.2784389 1.605049 0.2670114 1.508744 0.2784389 1.508635 0.2363647 1.60494 0.2249373 1.508635 0.2363647 1.508581 0.1947573 1.604885 0.1833299 1.508581 0.1947573 1.508587 0.1536572 1.604892 0.1422298 1.508587 0.1536572 1.508658 0.1131044 1.604963 0.101677 1.508658 0.1131044 1.508799 0.07313835 1.605103 0.06171101 1.508799 0.07313835 1.509014 0.03379809 1.605318 0.02237069 1.509014 0.03379809 1.509307 -0.004878282 1.605612 -0.01630568 1.509307 -0.004878282 1.509684 -0.04285341 1.605989 -0.05428069 1.509684 -0.04285341 1.510149 -0.08008998 1.606453 -0.09151732 1.510149 -0.08008998 1.510705 -0.1165518 1.60701 -0.1279791 1.510705 -0.1165518 1.511358 -0.1522036 1.607663 -0.163631 1.511358 -0.1522036 1.512111 -0.1870108 1.608416 -0.1984384 1.512111 -0.1870108 1.512968 -0.2209395 1.609273 -0.232367 1.512968 -0.2209395 1.513933 -0.2539572 1.610238 -0.2653846 1.513933 -0.2539572 1.51501 -0.2860314 1.810713 1.717579 1.714455 1.729392 1.715463 1.697797 1.811721 1.685984 1.715463 1.697797 1.716353 1.665244 1.812611 1.65343 1.716353 1.665244 1.717129 1.631763 1.813387 1.61995 1.717129 1.631763 1.717796 1.597388 1.814054 1.585574 1.717796 1.597388 1.718357 1.562152 1.814615 1.550338 1.718357 1.562152 1.718816 1.526088 1.815074 1.514275 1.718816 1.526088 1.719178 1.489233 1.815436 1.477419 1.719178 1.489233 1.719447 1.451621 1.815706 1.439807 1.719447 1.451621 1.719628 1.41329 1.815886 1.401476 1.719628 1.41329 1.719726 1.374277 1.815984 1.362463 1.719726 1.374277 1.719744 1.334618 1.816002 1.322805 1.719744 1.334618 1.719688 1.294354 1.815946 1.282541 1.719688 1.294354 1.719562 1.253523 1.81582 1.241709 1.719562 1.253523 1.719372 1.212165 1.81563 1.200351 1.719372 1.212165 1.719122 1.170319 1.815379 1.158506 1.719122 1.170319 1.718817 1.128028 1.815075 1.116214 1.718817 1.128028 1.718462 1.085331 1.81472 1.073518 1.718462 1.085331 1.718063 1.042272 1.814321 1.030458 1.718063 1.042272 1.717624 0.9988899 1.813882 0.9870765 1.717624 0.9988899 1.717151 0.9552295 1.813409 0.9434158 1.717151 0.9552295 1.716649 0.9113315 1.812907 0.8995183 1.716649 0.9113315 1.716123 0.86724 1.812381 0.8554266 1.716123 0.86724 1.715578 0.8229971 1.811836 0.8111838 1.715578 0.8229971 1.715021 0.7786464 1.811279 0.7668326 1.715021 0.7786464 1.714455 0.7342306 -0.01583361 1.372715 -0.02572661 1.373241 -0.06684255 0.5013875 -0.02572661 1.373241 -0.04244977 1.374293 -0.110931 0.5041615 -0.04244977 1.374293 -0.0591318 1.37587 -0.1549106 0.5083186 -0.1549106 0.5083186 -0.0591318 1.37587 -0.07575595 1.37797 -0.07575595 1.37797 -0.09230601 1.380592 -0.2423699 0.520766 -0.09230601 1.380592 -0.1087654 1.383731 -0.2857632 0.5290436 -0.2857632 0.5290436 -0.1087654 1.383731 -0.1251181 1.387387 -0.3288749 0.5386804 -0.1251181 1.387387 -0.141348 1.391554 -0.141348 1.391554 -0.157439 1.396229 -0.4140844 0.561991 -0.4140844 0.561991 -0.157439 1.396229 -0.1733753 1.401406 -0.1733753 1.401406 -0.1891409 1.407083 -0.497662 0.5906063 -0.497662 0.5906063 -0.1891409 1.407083 -0.2047204 1.413251 -0.2047204 1.413251 -0.2200986 1.419906 -0.579278 0.6244128 -0.579278 0.6244128 -0.2200986 1.419906 -0.2352603 1.42704 -0.2352603 1.42704 -0.2501902 1.434648 -0.6586102 0.6632773 -0.2501902 1.434648 -0.2648739 1.44272 -0.6973217 0.6845591 -0.6973217 0.6845591 -0.2648739 1.44272 -0.2792966 1.45125 -0.7353456 0.7070462 -0.2792966 1.45125 -0.2934445 1.460228 -0.2934445 1.460228 -0.3073033 1.469646 -0.8091811 0.7555472 -0.8091811 0.7555472 -0.3073033 1.469646 -0.3208594 1.479496 -0.3208594 1.479496 -0.3340995 1.489766 -0.8798256 0.8085888 -0.8798256 0.8085888 -0.3340995 1.489766 -0.3470105 1.500446 -0.3470105 1.500446 -0.3595795 1.511528 -0.9470003 0.8659614 -0.9470003 0.8659614 -0.3595795 1.511528 -0.3717944 1.522998 -0.3717944 1.522998 -0.3836429 1.534847 -1.01044 0.9274385 -1.01044 0.9274385 -0.3836429 1.534847 -0.3951134 1.547062 -0.3951134 1.547062 -0.4061944 1.55963 -1.069894 0.9927781 -1.069894 0.9927781 -0.4061944 1.55963 -0.4168753 1.572541 -0.4168753 1.572541 -0.4271454 1.585781 -1.125128 1.061722 -0.4271454 1.585781 -0.4369944 1.599338 -1.151094 1.09746 -0.4369944 1.599338 -0.4464129 1.613197 -1.175925 1.133997 -0.4464129 1.613197 -0.4553914 1.627344 -1.199595 1.171296 -0.4553914 1.627344 -0.463921 1.641767 -1.222082 1.20932 -1.222082 1.20932 -0.463921 1.641767 -0.4719934 1.656451 -1.243364 1.248031 -0.4719934 1.656451 -0.4796006 1.671381 -0.4796006 1.671381 -0.4867351 1.686542 -1.282228 1.327364 -0.4867351 1.686542 -0.4933899 1.701921 -1.299773 1.367906 -1.299773 1.367906 -0.4933899 1.701921 -0.4995582 1.7175 -0.4995582 1.7175 -0.5052343 1.733266 -1.330999 1.450544 -1.330999 1.450544 -0.5052343 1.733266 -0.5104122 1.749202 -0.5104122 1.749202 -0.515087 1.765293 -1.356974 1.534979 -1.356974 1.534979 -0.515087 1.765293 -0.5192541 1.781523 -0.5192541 1.781523 -0.5229094 1.797876 -1.377597 1.620879 -1.377597 1.620879 -0.5229094 1.797876 -0.5260493 1.814335 -0.5260493 1.814335 -0.5286704 1.830885 -1.392786 1.707904 -0.5286704 1.830885 -0.5307705 1.847509 -1.398322 1.751731 -0.5307705 1.847509 -0.5323475 1.864191 -1.402479 1.795711 -1.402479 1.795711 -0.5323475 1.864191 -0.5333996 1.880914 -1.405253 1.839799 -0.5333996 1.880914 -0.533926 1.897662 -0.533926 1.897662 -0.533926 1.914419 -1.406641 1.928129 -0.533926 1.914419 -0.5333996 1.931167 -1.405253 1.972283 -0.5333996 1.931167 -0.5323475 1.94789 -1.402479 2.016372 -0.5323475 1.94789 -0.5307705 1.964572 -1.398322 2.060351 -0.5307705 1.964572 -0.5286703 1.981196 -1.392785 2.104178 -0.5286703 1.981196 -0.5260491 1.997746 -1.385874 2.14781 -1.385874 2.14781 -0.5260491 1.997746 -0.5229093 2.014205 -1.377597 2.191204 -0.5229093 2.014205 -0.519254 2.030559 -0.519254 2.030559 -0.5150869 2.046788 -1.356974 2.277103 -1.356974 2.277103 -0.5150869 2.046788 -0.510412 2.062879 -0.510412 2.062879 -0.505234 2.078815 -1.330998 2.361538 -1.330998 2.361538 -0.505234 2.078815 -0.499558 2.094581 -0.499558 2.094581 -0.4933896 2.110161 -1.299772 2.444176 -0.4933896 2.110161 -0.4867349 2.125539 -1.282228 2.484718 -0.4867349 2.125539 -0.4796004 2.140701 -1.263419 2.52469 -0.4796004 2.140701 -0.4719932 2.155631 -1.243364 2.56405 -0.4719932 2.155631 -0.4639207 2.170314 -1.222082 2.602762 -1.222082 2.602762 -0.4639207 2.170314 -0.4553911 2.184737 -1.199594 2.640786 -0.4553911 2.184737 -0.4464126 2.198884 -1.175924 2.678085 -0.4464126 2.198884 -0.4369942 2.212744 -0.4369942 2.212744 -0.427145 2.2263 -1.125127 2.75036 -1.125127 2.75036 -0.427145 2.2263 -0.416875 2.23954 -0.416875 2.23954 -0.4061941 2.252451 -1.069893 2.819304 -1.069893 2.819304 -0.4061941 2.252451 -0.395113 2.26502 -1.040679 2.852441 -0.395113 2.26502 -0.3836424 2.277235 -0.3836424 2.277235 -0.3717941 2.289083 -0.9792022 2.91588 -0.9792022 2.91588 -0.3717941 2.289083 -0.3595792 2.300553 -0.9469994 2.94612 -0.3595792 2.300553 -0.34701 2.311635 -0.34701 2.311635 -0.3340992 2.322315 -0.8798249 3.003493 -0.3340992 2.322315 -0.3208591 2.332586 -0.8449191 3.030568 -0.3208591 2.332586 -0.307303 2.342435 -0.8091802 3.056534 -0.307303 2.342435 -0.2934441 2.351853 -0.7726433 3.081365 -0.2934441 2.351853 -0.2792962 2.360831 -0.7353444 3.105035 -0.7353444 3.105035 -0.2792962 2.360831 -0.2648736 2.369361 -0.2648736 2.369361 -0.2501898 2.377433 -0.658609 3.148804 -0.658609 3.148804 -0.2501898 2.377433 -0.2352597 2.385041 -0.2352597 2.385041 -0.2200983 2.392176 -0.5792768 3.187669 -0.5792768 3.187669 -0.2200983 2.392176 -0.2047201 2.39883 -0.2047201 2.39883 -0.1891404 2.404999 -0.4976607 3.221475 -0.4976607 3.221475 -0.1891404 2.404999 -0.1733747 2.410675 -0.4560967 3.236439 -0.1733747 2.410675 -0.1574385 2.415853 -0.414083 3.25009 -0.1574385 2.415853 -0.1413475 2.420527 -0.1413475 2.420527 -0.1251177 2.424695 -0.3288735 3.273401 -0.1251177 2.424695 -0.1087649 2.428349 -0.2857617 3.283037 -0.2857617 3.283037 -0.1087649 2.428349 -0.09230542 2.431489 -0.09230542 2.431489 -0.07575535 2.434111 -0.1987366 3.298226 -0.1987366 3.298226 -0.07575535 2.434111 -0.05913126 2.436211 -0.05913126 2.436211 -0.04244941 2.437788 -0.1109299 3.307919 -0.1109299 3.307919 -0.04244941 2.437788 -0.02572625 2.43884 -0.02572625 2.43884 -0.008978128 2.439366 -0.02268749 3.312081 -0.008978128 2.439366 0.007778227 2.439366 0.02148824 3.312081 0.007778227 2.439366 0.02452629 2.43884 0.06564205 3.310693 0.02452629 2.43884 0.04124933 2.437788 0.1097307 3.307919 0.04124933 2.437788 0.05793136 2.436211 0.1537103 3.303762 0.05793136 2.436211 0.07455557 2.434111 0.1975376 3.298225 0.07455557 2.434111 0.09110552 2.431489 0.2411695 3.291315 0.2411695 3.291315 0.09110552 2.431489 0.1075649 2.428349 0.2845629 3.283037 0.1075649 2.428349 0.1239178 2.424694 0.1239178 2.424694 0.1401476 2.420527 0.3704624 3.262414 0.3704624 3.262414 0.1401476 2.420527 0.1562386 2.415852 0.1562386 2.415852 0.1721748 2.410674 0.4548977 3.236439 0.4548977 3.236439 0.1721748 2.410674 0.1879404 2.404998 0.1879404 2.404998 0.2035201 2.39883 0.5375353 3.205212 0.5375353 3.205212 0.2035201 2.39883 0.2188982 2.392175 0.2188982 2.392175 0.2340599 2.385041 0.618049 3.168859 0.618049 3.168859 0.2340599 2.385041 0.2489898 2.377433 0.65741 3.148803 0.2489898 2.377433 0.2636734 2.369361 0.2636734 2.369361 0.2780964 2.360831 0.7341453 3.105034 0.7341453 3.105034 0.2780964 2.360831 0.2922441 2.351853 0.2922441 2.351853 0.3061028 2.342434 0.8079807 3.056534 0.8079807 3.056534 0.3061028 2.342434 0.3196591 2.332585 0.3196591 2.332585 0.3328992 2.322315 0.8786253 3.003492 0.3328992 2.322315 0.3458101 2.311635 0.9126634 2.975334 0.3458101 2.311635 0.3583792 2.300553 0.9458 2.94612 0.3583792 2.300553 0.370594 2.289083 0.9780026 2.915879 0.370594 2.289083 0.3824424 2.277234 1.00924 2.884642 0.3824424 2.277234 0.3939128 2.265019 1.03948 2.852439 1.03948 2.852439 0.3939128 2.265019 0.404994 2.25245 0.404994 2.25245 0.4156748 2.239539 1.096852 2.785265 1.096852 2.785265 0.4156748 2.239539 0.4259451 2.226299 0.4259451 2.226299 0.4357939 2.212743 1.149894 2.71462 1.149894 2.71462 0.4357939 2.212743 0.4452125 2.198884 0.4452125 2.198884 0.4541909 2.184736 1.198395 2.640784 1.198395 2.640784 0.4541909 2.184736 0.4627205 2.170314 0.4627205 2.170314 0.4707929 2.15563 1.242164 2.564049 0.4707929 2.15563 0.4784003 2.1407 1.262219 2.524688 0.4784003 2.1407 0.4855347 2.125538 1.281028 2.484717 1.281028 2.484717 0.4855347 2.125538 0.4921894 2.11016 0.4921894 2.11016 0.4983577 2.09458 1.314834 2.403101 1.314834 2.403101 0.4983577 2.09458 0.5040338 2.078815 0.5040338 2.078815 0.5092117 2.062879 1.343449 2.319523 1.343449 2.319523 0.5092117 2.062879 0.5138866 2.046787 0.5138866 2.046787 0.5180537 2.030558 1.36676 2.234313 1.36676 2.234313 0.5180537 2.030558 0.521709 2.014205 0.521709 2.014205 0.5248488 1.997745 1.384674 2.147808 0.5248488 1.997745 0.52747 1.981196 1.391585 2.104176 1.391585 2.104176 0.52747 1.981196 0.5295701 1.964571 1.397122 2.060349 0.5295701 1.964571 0.531147 1.94789 0.531147 1.94789 0.5321992 1.931166 1.404052 1.972281 1.404052 1.972281 0.5321992 1.931166 0.5327255 1.914418 1.40544 1.928127 0.5327255 1.914418 0.5327255 1.897662 0.5327255 1.897662 0.5321992 1.880914 1.404052 1.839798 0.5321992 1.880914 0.531147 1.864191 1.401279 1.795709 0.531147 1.864191 0.52957 1.847509 1.397121 1.75173 1.397121 1.75173 0.52957 1.847509 0.52747 1.830885 0.52747 1.830885 0.5248487 1.814335 1.384674 1.664271 1.384674 1.664271 0.5248487 1.814335 0.5217088 1.797875 1.376396 1.620877 0.5217088 1.797875 0.5180535 1.781522 0.5180535 1.781522 0.5138864 1.765292 1.355774 1.534978 1.355774 1.534978 0.5138864 1.765292 0.5092115 1.749202 0.5092115 1.749202 0.5040335 1.733265 1.329798 1.450543 1.329798 1.450543 0.5040335 1.733265 0.4983576 1.7175 0.4983576 1.7175 0.4921891 1.70192 1.298572 1.367905 0.4921891 1.70192 0.4855343 1.686542 1.281027 1.327362 1.281027 1.327362 0.4855343 1.686542 0.4783999 1.67138 0.4783999 1.67138 0.4707926 1.65645 1.242163 1.248031 1.242163 1.248031 0.4707926 1.65645 0.4627202 1.641767 1.220881 1.209319 0.4627202 1.641767 0.4541905 1.627344 0.4541905 1.627344 0.4452122 1.613196 1.174723 1.133996 1.174723 1.133996 0.4452122 1.613196 0.4357936 1.599337 0.4357936 1.599337 0.4259445 1.585781 1.123927 1.06172 0.4259445 1.585781 0.4156744 1.572541 1.096851 1.026815 1.096851 1.026815 0.4156744 1.572541 0.4049936 1.55963 0.4049936 1.55963 0.3939125 1.547061 1.039479 0.95964 0.3939125 1.547061 0.3824419 1.534846 1.009238 0.9274374 0.3824419 1.534846 0.3705935 1.522998 0.9780014 0.8962004 0.3705935 1.522998 0.3583785 1.511527 0.9457986 0.8659601 0.3583785 1.511527 0.3458095 1.500446 0.912662 0.8367465 0.3458095 1.500446 0.3328985 1.489765 0.8786239 0.8085878 0.8786239 0.8085878 0.3328985 1.489765 0.3196583 1.479495 0.8437182 0.7815123 0.3196583 1.479495 0.3061023 1.469646 0.3061023 1.469646 0.2922435 1.460228 0.7714424 0.7307161 0.7714424 0.7307161 0.2922435 1.460228 0.2780957 1.451249 0.2780957 1.451249 0.2636728 1.44272 0.6961196 0.684558 0.2636728 1.44272 0.2489892 1.434647 0.6574081 0.6632763 0.6574081 0.6632763 0.2489892 1.434647 0.2340592 1.42704 0.6180472 0.6432211 0.2340592 1.42704 0.2188976 1.419905 0.2188976 1.419905 0.2035194 1.413251 0.5375335 0.6068677 0.5375335 0.6068677 0.2035194 1.413251 0.1879398 1.407083 0.4964599 0.5906056 0.1879398 1.407083 0.1721741 1.401406 0.1721741 1.401406 0.1562379 1.396229 0.4128822 0.5619907 0.4128822 0.5619907 0.1562379 1.396229 0.1401469 1.391553 0.1401469 1.391553 0.1239169 1.387387 0.3276727 0.5386801 0.3276727 0.5386801 0.1239169 1.387387 0.1075645 1.383731 0.2845614 0.5290436 0.1075645 1.383731 0.09110498 1.380592 0.09110498 1.380592 0.07455503 1.37797 0.1975363 0.5138552 0.1975363 0.5138552 0.07455503 1.37797 0.05793082 1.37587 0.05793082 1.37587 0.04124885 1.374293 0.1097294 0.5041615 0.04124885 1.374293 0.02452558 1.373241 0.06564074 0.5013875 0.06564074 0.5013875 0.02452558 1.373241 0.01463222 1.372715 0.01463222 0.5 0.01463222 1.372715 -0.008978664 1.372715 -0.008978664 1.372715 -0.02572673 1.373241 -0.06684279 0.5013875 -0.02572673 1.373241 -0.04244995 1.374293 -0.1109313 0.5041615 -0.04244995 1.374293 -0.05913192 1.37587 -0.154911 0.5083186 -0.05913192 1.37587 -0.07575601 1.37797 -0.1987383 0.5138556 -0.07575601 1.37797 -0.09230607 1.380592 -0.2423701 0.5207663 -0.2423701 0.5207663 -0.09230607 1.380592 -0.1087656 1.383731 -0.1087656 1.383731 -0.1251183 1.387387 -0.3288753 0.5386804 -0.3288753 0.5386804 -0.1251183 1.387387 -0.1413483 1.391554 -0.1413483 1.391554 -0.1574392 1.396229 -0.4140847 0.5619913 -0.4140847 0.5619913 -0.1574392 1.396229 -0.1733753 1.401407 -0.1733753 1.401407 -0.189141 1.407083 -0.4976624 0.5906063 -0.4976624 0.5906063 -0.189141 1.407083 -0.2047206 1.413251 -0.2047206 1.413251 -0.2200988 1.419906 -0.5792784 0.6244128 -0.2200988 1.419906 -0.2352604 1.42704 -0.6192497 0.643222 -0.6192497 0.643222 -0.2352604 1.42704 -0.2501904 1.434648 -0.2501904 1.434648 -0.264874 1.44272 -0.6973221 0.6845591 -0.6973221 0.6845591 -0.264874 1.44272 -0.2792969 1.45125 -0.2792969 1.45125 -0.2934447 1.460228 -0.7726449 0.730717 -0.2934447 1.460228 -0.3073034 1.469646 -0.8091816 0.7555477 -0.8091816 0.7555477 -0.3073034 1.469646 -0.3208596 1.479496 -0.3208596 1.479496 -0.3340997 1.489766 -0.8798262 0.8085891 -0.3340997 1.489766 -0.3470106 1.500447 -0.913864 0.8367478 -0.913864 0.8367478 -0.3470106 1.500447 -0.3595798 1.511528 -0.3595798 1.511528 -0.3717946 1.522998 -0.9792036 0.8962022 -0.3717946 1.522998 -0.383643 1.534847 -1.01044 0.9274392 -0.383643 1.534847 -0.3951134 1.547062 -1.040681 0.9596417 -1.040681 0.9596417 -0.3951134 1.547062 -0.4061946 1.559631 -0.4061946 1.559631 -0.4168755 1.572542 -1.098053 1.026817 -0.4168755 1.572542 -0.4271455 1.585782 -1.125129 1.061722 -0.4271455 1.585782 -0.4369946 1.599338 -1.151094 1.097461 -1.151094 1.097461 -0.4369946 1.599338 -0.446413 1.613197 -0.446413 1.613197 -0.4553915 1.627344 -1.199595 1.171297 -1.199595 1.171297 -0.4553915 1.627344 -0.4639211 1.641767 -0.4639211 1.641767 -0.4719935 1.656451 -1.243364 1.248032 -1.243364 1.248032 -0.4719935 1.656451 -0.4796006 1.671381 -0.4796006 1.671381 -0.4867351 1.686542 -1.282228 1.327364 -1.282228 1.327364 -0.4867351 1.686542 -0.4933899 1.701921 -0.4933899 1.701921 -0.4995582 1.7175 -1.316035 1.40898 -1.316035 1.40898 -0.4995582 1.7175 -0.5052343 1.733266 -1.330999 1.450544 -0.5052343 1.733266 -0.5104122 1.749202 -1.34465 1.492557 -0.5104122 1.749202 -0.515087 1.765293 -0.515087 1.765293 -0.5192542 1.781523 -1.367961 1.577767 -0.5192542 1.781523 -0.5229094 1.797876 -1.377597 1.620879 -1.377597 1.620879 -0.5229094 1.797876 -0.5260493 1.814335 -0.5260493 1.814335 -0.5286704 1.830885 -1.392786 1.707904 -1.392786 1.707904 -0.5286704 1.830885 -0.5307705 1.847509 -1.398322 1.751732 -0.5307705 1.847509 -0.5323476 1.864192 -0.5323476 1.864192 -0.5333996 1.880914 -1.405253 1.8398 -1.405253 1.8398 -0.5333996 1.880914 -0.533926 1.897662 -1.406641 1.883954 -0.533926 1.897662 -0.533926 1.914419 -0.533926 1.914419 -0.5333996 1.931167 -1.405253 1.972283 -1.405253 1.972283 -0.5333996 1.931167 -0.5323475 1.94789 -0.5323475 1.94789 -0.5307705 1.964572 -1.398322 2.060351 -0.5307705 1.964572 -0.5286703 1.981196 -1.392785 2.104178 -0.5286703 1.981196 -0.5260491 1.997746 -1.385874 2.14781 -0.5260491 1.997746 -0.5229093 2.014206 -1.377597 2.191204 -1.377597 2.191204 -0.5229093 2.014206 -0.519254 2.030559 -0.519254 2.030559 -0.5150868 2.046789 -1.356974 2.277103 -1.356974 2.277103 -0.5150868 2.046789 -0.510412 2.06288 -1.344649 2.319525 -0.510412 2.06288 -0.505234 2.078816 -0.505234 2.078816 -0.499558 2.094582 -1.316034 2.403103 -0.499558 2.094582 -0.4933895 2.110161 -1.299772 2.444176 -0.4933895 2.110161 -0.4867348 2.125539 -1.282228 2.484719 -1.282228 2.484719 -0.4867348 2.125539 -0.4796003 2.140701 -0.4796003 2.140701 -0.4719931 2.155631 -1.243363 2.564051 -0.4719931 2.155631 -0.4639206 2.170315 -1.222082 2.602762 -1.222082 2.602762 -0.4639206 2.170315 -0.4553909 2.184737 -0.4553909 2.184737 -0.4464126 2.198885 -1.175923 2.678085 -1.175923 2.678085 -0.4464126 2.198885 -0.436994 2.212744 -0.436994 2.212744 -0.4271449 2.2263 -1.125127 2.750361 -1.125127 2.750361 -0.4271449 2.2263 -0.4168748 2.23954 -0.4168748 2.23954 -0.4061939 2.252451 -1.069893 2.819304 -0.4061939 2.252451 -0.3951128 2.26502 -1.040679 2.852441 -1.040679 2.852441 -0.3951128 2.26502 -0.3836423 2.277235 -0.3836423 2.277235 -0.3717938 2.289083 -0.9792017 2.915881 -0.3717938 2.289083 -0.3595789 2.300554 -0.9469988 2.946121 -0.9469988 2.946121 -0.3595789 2.300554 -0.3470098 2.311635 -0.913862 2.975335 -0.3470098 2.311635 -0.3340988 2.322315 -0.8798239 3.003494 -0.3340988 2.322315 -0.3208588 2.332586 -0.3208588 2.332586 -0.3073027 2.342435 -0.8091794 3.056535 -0.3073027 2.342435 -0.2934439 2.351853 -0.7726425 3.081365 -0.7726425 3.081365 -0.2934439 2.351853 -0.2792961 2.360832 -0.2792961 2.360832 -0.2648731 2.369361 -0.6973198 3.127523 -0.2648731 2.369361 -0.2501895 2.377434 -0.6586083 3.148805 -0.2501895 2.377434 -0.2352595 2.385041 -0.6192473 3.16886 -0.6192473 3.16886 -0.2352595 2.385041 -0.2200979 2.392176 -0.2200979 2.392176 -0.2047197 2.39883 -0.5387335 3.205213 -0.2047197 2.39883 -0.1891401 2.404999 -0.4976599 3.221475 -0.4976599 3.221475 -0.1891401 2.404999 -0.1733744 2.410675 -0.1733744 2.410675 -0.1574382 2.415853 -0.4140822 3.25009 -0.1574382 2.415853 -0.1413472 2.420527 -0.3716605 3.262415 -0.1413472 2.420527 -0.1251173 2.424695 -0.3288727 3.273401 -0.1251173 2.424695 -0.1087646 2.428349 -0.2857608 3.283038 -0.1087646 2.428349 -0.09230506 2.431489 -0.2423676 3.291315 -0.09230506 2.431489 -0.07575505 2.434111 -0.1987357 3.298226 -0.1987357 3.298226 -0.07575505 2.434111 -0.0591309 2.436211 -0.0591309 2.436211 -0.04244899 2.437788 -0.1109287 3.307919 -0.1109287 3.307919 -0.04244899 2.437788 -0.02572572 2.43884 -0.06684011 3.310693 -0.02572572 2.43884 -0.008978128 2.439366 -0.008978128 2.439366 0.007777988 2.439366 0.02148807 3.312081 0.007777988 2.439366 0.02452605 2.43884 0.06564205 3.310693 0.02452605 2.43884 0.04124933 2.437788 0.1097307 3.307919 0.04124933 2.437788 0.05793136 2.436211 0.1537101 3.303762 0.05793136 2.436211 0.07455557 2.434111 0.1975376 3.298225 0.07455557 2.434111 0.09110552 2.431489 0.2411695 3.291315 0.2411695 3.291315 0.09110552 2.431489 0.1075649 2.428349 0.2845627 3.283037 0.1075649 2.428349 0.1239178 2.424694 0.1239178 2.424694 0.1401476 2.420527 0.3704624 3.262414 0.3704624 3.262414 0.1401476 2.420527 0.1562386 2.415852 0.1562386 2.415852 0.1721748 2.410674 0.4548977 3.236439 0.4548977 3.236439 0.1721748 2.410674 0.1879404 2.404998 0.1879404 2.404998 0.2035201 2.39883 0.5375353 3.205213 0.2035201 2.39883 0.2188982 2.392175 0.5780777 3.187668 0.2188982 2.392175 0.2340599 2.385041 0.618049 3.168859 0.2340599 2.385041 0.2489898 2.377433 0.6574099 3.148803 0.6574099 3.148803 0.2489898 2.377433 0.2636734 2.369361 0.6961215 3.127522 0.2636734 2.369361 0.2780964 2.360831 0.2780964 2.360831 0.2922441 2.351853 0.7714441 3.081364 0.7714441 3.081364 0.2922441 2.351853 0.306103 2.342434 0.306103 2.342434 0.3196591 2.332585 0.8437198 3.030568 0.3196591 2.332585 0.3328992 2.322315 0.8786254 3.003492 0.8786254 3.003492 0.3328992 2.322315 0.3458101 2.311635 0.3458101 2.311635 0.3583792 2.300553 0.9458001 2.946119 0.3583792 2.300553 0.370594 2.289083 0.9780028 2.915879 0.370594 2.289083 0.3824424 2.277234 1.00924 2.884642 0.3824424 2.277234 0.393913 2.265019 1.03948 2.852439 0.393913 2.265019 0.404994 2.25245 1.068694 2.819303 0.404994 2.25245 0.4156748 2.239539 1.096853 2.785265 1.096853 2.785265 0.4156748 2.239539 0.4259451 2.226299 1.123928 2.750359 0.4259451 2.226299 0.4357942 2.212743 0.4357942 2.212743 0.4452125 2.198884 1.174724 2.678083 1.174724 2.678083 0.4452125 2.198884 0.454191 2.184736 0.454191 2.184736 0.4627207 2.170313 1.220882 2.60276 0.4627207 2.170313 0.4707929 2.15563 1.242164 2.564049 1.242164 2.564049 0.4707929 2.15563 0.4784003 2.1407 0.4784003 2.1407 0.4855347 2.125538 1.281028 2.484717 0.4855347 2.125538 0.4921894 2.11016 1.298573 2.444174 0.4921894 2.11016 0.4983577 2.09458 1.314835 2.4031 1.314835 2.4031 0.4983577 2.09458 0.5040338 2.078815 0.5040338 2.078815 0.5092117 2.062878 1.343449 2.319523 1.343449 2.319523 0.5092117 2.062878 0.5138866 2.046787 0.5138866 2.046787 0.5180537 2.030558 1.36676 2.234313 1.36676 2.234313 0.5180537 2.030558 0.521709 2.014205 0.521709 2.014205 0.5248488 1.997745 1.384674 2.147808 0.5248488 1.997745 0.52747 1.981196 1.391585 2.104176 1.391585 2.104176 0.52747 1.981196 0.5295701 1.964571 1.397122 2.060349 0.5295701 1.964571 0.531147 1.94789 0.531147 1.94789 0.5321992 1.931166 1.404053 1.972281 0.5321992 1.931166 0.5327255 1.914418 1.40544 1.928127 1.40544 1.928127 0.5327255 1.914418 0.5327255 1.897662 1.40544 1.883951 0.5327255 1.897662 0.5321992 1.880914 0.5321992 1.880914 0.5311469 1.86419 1.401279 1.795709 1.401279 1.795709 0.5311469 1.86419 0.52957 1.847509 0.52957 1.847509 0.5274698 1.830884 1.391585 1.707902 1.391585 1.707902 0.5274698 1.830884 0.5248487 1.814334 1.384674 1.66427 0.5248487 1.814334 0.5217088 1.797875 0.5217088 1.797875 0.5180535 1.781522 1.366759 1.577765 1.366759 1.577765 0.5180535 1.781522 0.5138863 1.765292 0.5138863 1.765292 0.5092113 1.749201 1.343449 1.492555 0.5092113 1.749201 0.5040335 1.733265 1.329798 1.450541 1.329798 1.450541 0.5040335 1.733265 0.4983574 1.717499 1.314833 1.408977 0.4983574 1.717499 0.4921889 1.70192 0.4921889 1.70192 0.4855341 1.686541 1.281027 1.327362 0.4855341 1.686541 0.4783997 1.67138 1.262218 1.28739 1.262218 1.28739 0.4783997 1.67138 0.4707925 1.65645 0.4707925 1.65645 0.46272 1.641766 1.220881 1.209318 1.220881 1.209318 0.46272 1.641766 0.4541904 1.627344 1.198393 1.171294 0.4541904 1.627344 0.445212 1.613196 0.445212 1.613196 0.4357935 1.599337 1.149892 1.097458 0.4357935 1.599337 0.4259444 1.585781 1.123926 1.06172 1.123926 1.06172 0.4259444 1.585781 0.4156742 1.572541 0.4156742 1.572541 0.4049934 1.55963 1.068692 0.992776 0.4049934 1.55963 0.3939121 1.547061 1.039478 0.9596393 1.039478 0.9596393 0.3939121 1.547061 0.3824417 1.534846 0.3824417 1.534846 0.3705931 1.522997 0.9780008 0.8961998 0.9780008 0.8961998 0.3705931 1.522997 0.3583784 1.511527 0.3583784 1.511527 0.3458092 1.500446 0.9126611 0.8367457 0.9126611 0.8367457 0.3458092 1.500446 0.3328983 1.489765 0.3328983 1.489765 0.3196582 1.479495 0.8437175 0.7815116 0.8437175 0.7815116 0.3196582 1.479495 0.306102 1.469646 0.8079785 0.7555456 0.306102 1.469646 0.2922433 1.460228 0.7714416 0.7307154 0.2922433 1.460228 0.2780954 1.451249 0.2780954 1.451249 0.2636724 1.442719 0.6961188 0.6845578 0.6961188 0.6845578 0.2636724 1.442719 0.2489889 1.434647 0.6574073 0.663276 0.2489889 1.434647 0.2340592 1.42704 0.2340592 1.42704 0.2188978 1.419905 0.5780764 0.6244121 0.5780764 0.6244121 0.2188978 1.419905 0.2035196 1.413251 0.2035196 1.413251 0.18794 1.407083 0.4964602 0.5906056 0.4964602 0.5906056 0.18794 1.407083 0.1721742 1.401406 0.4548962 0.5756417 0.1721742 1.401406 0.1562381 1.396229 0.4128826 0.5619907 0.1562381 1.396229 0.1401471 1.391553 0.1401471 1.391553 0.1239171 1.387387 0.327673 0.5386801 0.1239171 1.387387 0.1075645 1.383731 0.2845612 0.5290436 0.2845612 0.5290436 0.1075645 1.383731 0.09110486 1.380592 0.09110486 1.380592 0.07455492 1.37797 0.1975361 0.5138552 0.1975361 0.5138552 0.07455492 1.37797 0.0579307 1.37587 0.1537087 0.5083186 0.0579307 1.37587 0.04124885 1.374293 0.04124885 1.374293 0.02452558 1.373241 0.06564056 0.5013875 0.06564056 0.5013875 0.02452558 1.373241 0.007777512 1.372715 0.02148658 0.5 0.007777512 1.372715 -0.008978724 1.372715 1.916292 -0.271089 1.916771 -0.2885262 2.009154 -0.2590215 1.916771 -0.2885262 1.917247 -0.3059555 2.00963 -0.2764509 1.917247 -0.3059555 1.917715 -0.3233613 2.010098 -0.2938565 1.917715 -0.3233613 1.918172 -0.3407276 2.010554 -0.3112229 1.918172 -0.3407276 1.91861 -0.358039 2.010993 -0.3285343 1.91861 -0.358039 1.919026 -0.3752798 2.011409 -0.345775 1.919026 -0.3752798 1.919414 -0.3924342 2.011798 -0.3629295 1.919414 -0.3924342 1.91977 -0.4094871 2.012153 -0.3799825 1.91977 -0.4094871 1.920089 -0.4264228 2.012472 -0.396918 1.920089 -0.4264228 1.920365 -0.4432264 2.012748 -0.4137216 1.920365 -0.4432264 1.920594 -0.4598822 2.012977 -0.4303776 1.920594 -0.4598822 1.920772 -0.4763759 2.013155 -0.4468712 1.920772 -0.4763759 1.920892 -0.4926922 2.013275 -0.4631876 1.920892 -0.4926922 1.920951 -0.5088168 2.013335 -0.479312 1.920951 -0.5088168 1.920945 -0.5247349 2.013328 -0.49523 1.920945 -0.5247349 1.920868 -0.5404323 2.013252 -0.5109276 1.920868 -0.5404323 1.920716 -0.5558951 2.013099 -0.5263903 1.920716 -0.5558951 1.920485 -0.5711097 2.012868 -0.5416049 1.920485 -0.5711097 1.92017 -0.586062 2.012553 -0.5565572 1.92017 -0.586062 1.919767 -0.6007391 2.012151 -0.5712344 1.919767 -0.6007391 1.919272 -0.6151279 2.011655 -0.5856232 1.919272 -0.6151279 1.918681 -0.6292156 2.011065 -0.5997108 1.918681 -0.6292156 1.91799 -0.6429898 2.010373 -0.613485 1.91799 -0.6429898 1.917195 -0.6564384 2.009578 -0.6269336 1.917195 -0.6564384 1.916292 -0.6695494 2.008675 -0.6400446 1.823368 2.638115 1.822333 2.625183 1.91489 2.654138 1.822333 2.625183 1.821405 2.611907 1.913962 2.640862 1.821405 2.611907 1.820582 2.598299 1.913139 2.627254 1.820582 2.598299 1.819858 2.584371 1.912415 2.613325 1.819858 2.584371 1.819231 2.570134 1.911788 2.599089 1.819231 2.570134 1.818696 2.555603 1.911253 2.584558 1.818696 2.555603 1.81825 2.540789 1.910807 2.569743 1.81825 2.540789 1.817887 2.525705 1.910444 2.55466 1.817887 2.525705 1.817605 2.510366 1.910162 2.539321 1.817605 2.510366 1.817398 2.494785 1.909955 2.523741 1.817398 2.494785 1.817263 2.478977 1.90982 2.507931 1.817263 2.478977 1.817195 2.462954 1.909752 2.491908 1.817195 2.462954 1.817189 2.446732 1.909746 2.475686 1.817189 2.446732 1.817241 2.430324 1.909798 2.459278 1.817241 2.430324 1.817346 2.413746 1.909903 2.442701 1.817346 2.413746 1.8175 2.397014 1.910057 2.425968 1.8175 2.397014 1.817698 2.38014 1.910255 2.409095 1.817698 2.38014 1.817934 2.363142 1.910491 2.392097 1.817934 2.363142 1.818205 2.346035 1.910762 2.374989 1.818205 2.346035 1.818506 2.328834 1.911063 2.357788 1.818506 2.328834 1.818831 2.311553 1.911388 2.340508 1.818831 2.311553 1.819176 2.29421 1.911733 2.323164 1.819176 2.29421 1.819535 2.276819 1.912092 2.305774 1.819535 2.276819 1.819904 2.259397 1.912461 2.288352 1.819904 2.259397 1.820279 2.24196 1.912836 2.270914 1.820279 2.24196 1.820653 2.224522 1.91321 2.253476 1.820653 2.224522 1.821022 2.2071 1.913579 2.236054 1.821022 2.2071 1.821382 2.189709 1.913939 2.218664 1.821382 2.189709 1.821727 2.172366 1.914283 2.201321 1.821727 2.172366 1.822051 2.155086 1.914609 2.18404 1.822051 2.155086 1.822352 2.137885 1.914909 2.166839 1.822352 2.137885 1.822623 2.120777 1.91518 2.149731 1.822623 2.120777 1.82286 2.103779 1.915417 2.132733 1.82286 2.103779 1.823058 2.086906 1.915614 2.11586 1.823058 2.086906 1.823211 2.070173 1.915768 2.099127 1.823211 2.070173 1.823316 2.053595 1.915873 2.08255 1.823316 2.053595 1.823368 2.037188 1.915925 2.066143 1.823368 2.037188 1.823363 2.020966 1.91592 2.049921 1.823363 2.020966 1.823294 2.004942 1.915851 2.033897 1.823294 2.004942 1.823159 1.989134 1.915716 2.018088 1.823159 1.989134 1.822952 1.973553 1.915509 2.002507 1.822952 1.973553 1.82267 1.958214 1.915227 1.987168 1.82267 1.958214 1.822308 1.943131 1.914865 1.972085 1.822308 1.943131 1.821861 1.928317 1.914418 1.957271 1.821861 1.928317 1.821326 1.913785 1.913883 1.94274 1.821326 1.913785 1.820699 1.899549 1.913257 1.928503 1.820699 1.899549 1.819976 1.88562 1.912533 1.914575 1.819976 1.88562 1.819152 1.872012 1.911709 1.900967 1.819152 1.872012 1.818224 1.858736 1.910781 1.887691 1.818224 1.858736 1.817189 1.845804 1.909746 1.874759 1.823761 -0.6470307 1.822682 -0.6597875 1.915213 -0.6307496 1.822682 -0.6597875 1.821712 -0.6728939 1.914244 -0.6438559 1.821712 -0.6728939 1.82085 -0.6863382 1.913381 -0.6573001 1.82085 -0.6863382 1.820089 -0.7001088 1.91262 -0.6710708 1.820089 -0.7001088 1.819427 -0.7141932 1.911957 -0.6851553 1.819427 -0.7141932 1.818859 -0.7285793 1.91139 -0.6995413 1.818859 -0.7285793 1.818382 -0.7432542 1.910913 -0.7142162 1.818382 -0.7432542 1.817992 -0.7582047 1.910523 -0.7291669 1.817992 -0.7582047 1.817684 -0.7734178 1.910214 -0.7443799 1.817684 -0.7734178 1.817454 -0.7888798 1.909985 -0.7598419 1.817454 -0.7888798 1.817298 -0.8045766 1.909828 -0.7755386 1.817298 -0.8045766 1.817211 -0.8204945 1.909741 -0.7914565 1.817211 -0.8204945 1.817189 -0.836619 1.90972 -0.807581 1.817189 -0.836619 1.817227 -0.8529359 1.909758 -0.8238978 1.817227 -0.8529359 1.817321 -0.8694302 1.909852 -0.8403921 1.817321 -0.8694302 1.817466 -0.886087 1.909997 -0.8570491 1.817466 -0.886087 1.817658 -0.9028915 1.910188 -0.8738538 1.817658 -0.9028915 1.817891 -0.9198287 1.910422 -0.8907909 1.817891 -0.9198287 1.818161 -0.9368835 1.910691 -0.9078454 1.818161 -0.9368835 1.818462 -0.9540396 1.910993 -0.9250016 1.818462 -0.9540396 1.818791 -0.971282 1.911322 -0.9422443 1.818791 -0.971282 1.819142 -0.9885954 1.911673 -0.9595573 1.819142 -0.9885954 1.81951 -1.005964 1.912041 -0.976926 1.81951 -1.005964 1.819891 -1.023372 1.912422 -0.9943338 1.819891 -1.023372 1.820279 -1.040803 1.91281 -1.011765 1.820279 -1.040803 1.82067 -1.058243 1.913201 -1.029205 1.82067 -1.058243 1.821058 -1.075674 1.913589 -1.046636 1.821058 -1.075674 1.821439 -1.093082 1.91397 -1.064044 1.821439 -1.093082 1.821807 -1.110451 1.914338 -1.081413 1.821807 -1.110451 1.822158 -1.127764 1.914689 -1.098726 1.822158 -1.127764 1.822487 -1.145007 1.915018 -1.115969 1.822487 -1.145007 1.822789 -1.162163 1.91532 -1.133125 1.822789 -1.162163 1.823059 -1.179217 1.91559 -1.150179 1.823059 -1.179217 1.823292 -1.196154 1.915823 -1.167117 1.823292 -1.196154 1.823483 -1.212959 1.916014 -1.183921 1.823483 -1.212959 1.823628 -1.229616 1.916159 -1.200578 1.823628 -1.229616 1.823722 -1.24611 1.916253 -1.217072 1.823722 -1.24611 1.823761 -1.262427 1.916291 -1.233389 1.823761 -1.262427 1.823739 -1.278552 1.91627 -1.249514 1.823739 -1.278552 1.823652 -1.294469 1.916183 -1.265431 1.823652 -1.294469 1.823495 -1.310167 1.916027 -1.281128 1.823495 -1.310167 1.823265 -1.325628 1.915797 -1.29659 1.823265 -1.325628 1.822957 -1.340841 1.915489 -1.311803 1.822957 -1.340841 1.822567 -1.355792 1.915098 -1.326754 1.822567 -1.355792 1.82209 -1.370467 1.914621 -1.341429 1.82209 -1.370467 1.821523 -1.384853 1.914054 -1.355815 1.821523 -1.384853 1.82086 -1.398937 1.913391 -1.369899 1.82086 -1.398937 1.8201 -1.412708 1.912631 -1.38367 1.8201 -1.412708 1.819237 -1.426152 1.911768 -1.397114 1.819237 -1.426152 1.818267 -1.439259 1.910799 -1.410221 1.922471 -1.51977 1.921435 -1.532702 2.013993 -1.503747 1.921435 -1.532702 1.920508 -1.545978 2.013065 -1.517023 1.920508 -1.545978 1.919684 -1.559586 2.012242 -1.530631 1.919684 -1.559586 1.918961 -1.573514 2.011518 -1.54456 1.918961 -1.573514 1.918334 -1.587751 2.01089 -1.558796 1.918334 -1.587751 1.917799 -1.602282 2.010356 -1.573328 1.917799 -1.602282 1.917352 -1.617096 2.009909 -1.588142 1.917352 -1.617096 1.91699 -1.632179 2.009547 -1.603225 1.91699 -1.632179 1.916707 -1.647518 2.009264 -1.618564 1.916707 -1.647518 1.916501 -1.663099 2.009058 -1.634145 1.916501 -1.663099 1.916366 -1.678908 2.008923 -1.649954 1.916366 -1.678908 1.916298 -1.694931 2.008855 -1.665977 1.916298 -1.694931 1.916291 -1.711154 2.008849 -1.682199 1.916291 -1.711154 1.916343 -1.727561 2.0089 -1.698606 1.916343 -1.727561 1.916449 -1.744139 2.009006 -1.715184 1.916449 -1.744139 1.916603 -1.760872 2.00916 -1.731917 1.916603 -1.760872 1.9168 -1.777745 2.009357 -1.74879 1.9168 -1.777745 1.917037 -1.794743 2.009594 -1.765788 1.917037 -1.794743 1.917308 -1.81185 2.009865 -1.782896 1.917308 -1.81185 1.917608 -1.829051 2.010165 -1.800097 1.917608 -1.829051 1.917933 -1.846332 2.01049 -1.817377 1.917933 -1.846332 1.918278 -1.863675 2.010835 -1.834721 1.918278 -1.863675 1.918637 -1.881066 2.011194 -1.852111 1.918637 -1.881066 1.919007 -1.898488 2.011564 -1.869533 1.919007 -1.898488 1.919381 -1.915925 2.011938 -1.88697 1.919381 -1.915925 1.919755 -1.933363 2.012312 -1.904408 1.919755 -1.933363 1.920125 -1.950785 2.012682 -1.92183 1.920125 -1.950785 1.920484 -1.968176 2.013041 -1.939221 1.920484 -1.968176 1.920829 -1.985519 2.013386 -1.956564 1.920829 -1.985519 1.921154 -2.002799 2.013711 -1.973845 1.921154 -2.002799 1.921454 -2.020001 2.014012 -1.991046 1.921454 -2.020001 1.921726 -2.037108 2.014283 -2.008154 1.921726 -2.037108 1.921962 -2.054106 2.014519 -2.025151 1.921962 -2.054106 1.92216 -2.070979 2.014717 -2.042025 1.92216 -2.070979 1.922313 -2.087712 2.01487 -2.058757 1.922313 -2.087712 1.922419 -2.10429 2.014976 -2.075335 1.922419 -2.10429 1.922471 -2.120697 2.015028 -2.091742 1.922471 -2.120697 1.922465 -2.136919 2.015022 -2.107965 1.922465 -2.136919 1.922397 -2.152942 2.014954 -2.123988 1.922397 -2.152942 1.922261 -2.168751 2.014819 -2.139797 1.922261 -2.168751 1.922055 -2.184332 2.014612 -2.155378 1.922055 -2.184332 1.921772 -2.199671 2.01433 -2.170717 1.921772 -2.199671 1.92141 -2.214754 2.013967 -2.1858 1.92141 -2.214754 1.920964 -2.229568 2.013521 -2.200614 1.920964 -2.229568 1.920429 -2.2441 2.012986 -2.215146 1.920429 -2.2441 1.919802 -2.258336 2.012359 -2.229382 1.919802 -2.258336 1.919078 -2.272265 2.011635 -2.24331 1.919078 -2.272265 1.918254 -2.285873 2.010812 -2.256918 1.918254 -2.285873 1.917327 -2.299149 2.009884 -2.270195 1.917327 -2.299149 1.916291 -2.312081 2.008849 -2.283126 1.823761 0.1742352 1.822682 0.1614784 1.915213 0.1905163 1.822682 0.1614784 1.821713 0.1483722 1.914244 0.1774101 1.821713 0.1483722 1.82085 0.1349278 1.913381 0.1639657 1.82085 0.1349278 1.820089 0.1211573 1.91262 0.1501951 1.820089 0.1211573 1.819427 0.1070726 1.911958 0.1361106 1.819427 0.1070726 1.818859 0.09268665 1.91139 0.1217245 1.818859 0.09268665 1.818382 0.07801169 1.910913 0.1070497 1.818382 0.07801169 1.817992 0.06306111 1.910523 0.09209913 1.817992 0.06306111 1.817684 0.04784804 1.910215 0.07688611 1.817684 0.04784804 1.817454 0.03238612 1.909985 0.06142407 1.817454 0.03238612 1.817298 0.01668936 1.909829 0.04572725 1.817298 0.01668936 1.817211 7.71433e-4 1.909742 0.02980941 1.817211 7.71433e-4 1.817189 -0.01535308 1.90972 0.01368486 1.817189 -0.01535308 1.817227 -0.03166985 1.909758 -0.002631962 1.817227 -0.03166985 1.817321 -0.04816401 1.909852 -0.01912629 1.817321 -0.04816401 1.817466 -0.06482112 1.909997 -0.03578311 1.817466 -0.06482112 1.817658 -0.08162564 1.910189 -0.05258786 1.817658 -0.08162564 1.817891 -0.09856265 1.910422 -0.06952458 1.817891 -0.09856265 1.818161 -0.115617 1.910692 -0.08657908 1.818161 -0.115617 1.818462 -0.1327732 1.910993 -0.1037353 1.818462 -0.1327732 1.818791 -0.1500159 1.911322 -0.120978 1.818791 -0.1500159 1.819142 -0.1673291 1.911673 -0.1382914 1.819142 -0.1673291 1.819511 -0.1846978 1.912041 -0.1556597 1.819511 -0.1846978 1.819892 -0.2021055 1.912423 -0.1730677 1.819892 -0.2021055 1.82028 -0.2195371 1.912811 -0.1904992 1.82028 -0.2195371 1.82067 -0.2369766 1.913201 -0.2079386 1.82067 -0.2369766 1.821059 -0.2544083 1.913589 -0.2253702 1.821059 -0.2544083 1.821439 -0.2718163 1.91397 -0.2427782 1.821439 -0.2718163 1.821808 -0.2891846 1.914338 -0.2601467 1.821808 -0.2891846 1.822159 -0.3064981 1.91469 -0.2774601 1.822159 -0.3064981 1.822487 -0.3237406 1.915018 -0.2947026 1.822487 -0.3237406 1.822789 -0.3408969 1.91532 -0.311859 1.822789 -0.3408969 1.823059 -0.3579512 1.91559 -0.3289133 1.823059 -0.3579512 1.823292 -0.3748883 1.915823 -0.3458504 1.823292 -0.3748883 1.823483 -0.3916931 1.916015 -0.3626551 1.823483 -0.3916931 1.823629 -0.4083499 1.916159 -0.379312 1.823629 -0.4083499 1.823723 -0.4248443 1.916254 -0.3958063 1.823723 -0.4248443 1.823761 -0.441161 1.916292 -0.412123 1.823761 -0.441161 1.823739 -0.4572856 1.91627 -0.4282477 1.823739 -0.4572856 1.823652 -0.4732035 1.916183 -0.4441656 1.823652 -0.4732035 1.823496 -0.4889003 1.916027 -0.4598625 1.823496 -0.4889003 1.823266 -0.5043624 1.915797 -0.4753243 1.823266 -0.5043624 1.822958 -0.5195754 1.915489 -0.4905374 1.822958 -0.5195754 1.822568 -0.534526 1.915098 -0.5054879 1.822568 -0.534526 1.822091 -0.5492008 1.914621 -0.5201628 1.822091 -0.5492008 1.821523 -0.5635868 1.914054 -0.5345489 1.821523 -0.5635868 1.820861 -0.5776714 1.913392 -0.5486336 1.820861 -0.5776714 1.8201 -0.591442 1.912631 -0.562404 1.8201 -0.591442 1.819237 -0.6048862 1.911768 -0.5758484 1.819237 -0.6048862 1.818268 -0.6179925 1.910799 -0.5889548 1.823368 1.81685 1.822333 1.803918 1.91489 1.832872 1.822333 1.803918 1.821405 1.790642 1.913962 1.819596 1.821405 1.790642 1.820582 1.777033 1.913138 1.805988 1.820582 1.777033 1.819858 1.763105 1.912415 1.79206 1.819858 1.763105 1.819231 1.748869 1.911788 1.777823 1.819231 1.748869 1.818696 1.734337 1.911253 1.763292 1.818696 1.734337 1.81825 1.719523 1.910807 1.748477 1.81825 1.719523 1.817887 1.70444 1.910444 1.733394 1.817887 1.70444 1.817605 1.689101 1.910162 1.718055 1.817605 1.689101 1.817398 1.67352 1.909955 1.702475 1.817398 1.67352 1.817263 1.657711 1.90982 1.686666 1.817263 1.657711 1.817195 1.641688 1.909752 1.670643 1.817195 1.641688 1.817189 1.625466 1.909746 1.65442 1.817189 1.625466 1.817241 1.609058 1.909798 1.638013 1.817241 1.609058 1.817346 1.592481 1.909903 1.621435 1.817346 1.592481 1.8175 1.575748 1.910057 1.604702 1.8175 1.575748 1.817698 1.558875 1.910254 1.587829 1.817698 1.558875 1.817934 1.541877 1.910491 1.570831 1.817934 1.541877 1.818205 1.52477 1.910762 1.553724 1.818205 1.52477 1.818506 1.507568 1.911063 1.536522 1.818506 1.507568 1.818831 1.490288 1.911388 1.519242 1.818831 1.490288 1.819175 1.472944 1.911732 1.501899 1.819175 1.472944 1.819535 1.455554 1.912092 1.484508 1.819535 1.455554 1.819904 1.438132 1.912461 1.467086 1.819904 1.438132 1.820279 1.420694 1.912835 1.449648 1.820279 1.420694 1.820653 1.403256 1.91321 1.432211 1.820653 1.403256 1.821022 1.385834 1.913579 1.414788 1.821022 1.385834 1.821382 1.368444 1.913938 1.397398 1.821382 1.368444 1.821727 1.351101 1.914283 1.380055 1.821727 1.351101 1.822051 1.33382 1.914608 1.362775 1.822051 1.33382 1.822352 1.316619 1.914909 1.345573 1.822352 1.316619 1.822623 1.299511 1.91518 1.328466 1.822623 1.299511 1.82286 1.282513 1.915417 1.311468 1.82286 1.282513 1.823057 1.26564 1.915614 1.294595 1.823057 1.26564 1.823211 1.248907 1.915768 1.277862 1.823211 1.248907 1.823316 1.23233 1.915873 1.261284 1.823316 1.23233 1.823368 1.215923 1.915925 1.244877 1.823368 1.215923 1.823362 1.1997 1.915919 1.228654 1.823362 1.1997 1.823294 1.183677 1.915851 1.212631 1.823294 1.183677 1.823159 1.167868 1.915716 1.196823 1.823159 1.167868 1.822952 1.152287 1.915509 1.181241 1.822952 1.152287 1.82267 1.136948 1.915227 1.165903 1.82267 1.136948 1.822308 1.121865 1.914864 1.15082 1.822308 1.121865 1.821861 1.107051 1.914418 1.136005 1.821861 1.107051 1.821326 1.092519 1.913883 1.121474 1.821326 1.092519 1.820699 1.078283 1.913256 1.107237 1.820699 1.078283 1.819975 1.064355 1.912532 1.093309 1.819975 1.064355 1.819152 1.050746 1.911709 1.079701 1.819152 1.050746 1.818224 1.03747 1.910781 1.066425 1.818224 1.03747 1.817189 1.024538 1.909746 1.053493 1.823761 0.9955012 1.822682 0.9827442 1.915213 1.011782 1.822682 0.9827442 1.821713 0.9696378 1.914244 0.9986758 1.821713 0.9696378 1.82085 0.9561936 1.913381 0.9852315 1.82085 0.9561936 1.820089 0.9424231 1.91262 0.9714611 1.820089 0.9424231 1.819427 0.9283387 1.911958 0.9573765 1.819427 0.9283387 1.818859 0.9139524 1.91139 0.9429904 1.818859 0.9139524 1.818382 0.8992776 1.910913 0.9283155 1.818382 0.8992776 1.817992 0.8843271 1.910523 0.9133648 1.817992 0.8843271 1.817684 0.8691138 1.910215 0.8981518 1.817684 0.8691138 1.817454 0.853652 1.909985 0.8826898 1.817454 0.853652 1.817298 0.8379549 1.909829 0.8669928 1.817298 0.8379549 1.817211 0.8220373 1.909742 0.8510749 1.817211 0.8220373 1.817189 0.8059127 1.90972 0.8349506 1.817189 0.8059127 1.817227 0.7895959 1.909758 0.8186338 1.817227 0.7895959 1.817321 0.7731017 1.909852 0.8021398 1.817321 0.7731017 1.817466 0.7564447 1.909997 0.7854827 1.817466 0.7564447 1.817658 0.7396402 1.910188 0.7686781 1.817658 0.7396402 1.817891 0.7227028 1.910422 0.7517408 1.817891 0.7227028 1.818161 0.7056485 1.910692 0.7346865 1.818161 0.7056485 1.818462 0.6884924 1.910993 0.71753 1.818462 0.6884924 1.818791 0.6712496 1.911322 0.7002876 1.818791 0.6712496 1.819142 0.6539362 1.911673 0.6829741 1.819142 0.6539362 1.819511 0.6365677 1.912041 0.6656058 1.819511 0.6365677 1.819891 0.6191602 1.912422 0.6481981 1.819891 0.6191602 1.820279 0.6017288 1.91281 0.6307667 1.820279 0.6017288 1.82067 0.5842893 1.913201 0.6133272 1.82067 0.5842893 1.821058 0.5668579 1.913589 0.5958958 1.821058 0.5668579 1.821439 0.5494499 1.91397 0.5784878 1.821439 0.5494499 1.821807 0.5320814 1.914338 0.5611194 1.821807 0.5320814 1.822158 0.5147681 1.91469 0.543806 1.822158 0.5147681 1.822487 0.4975253 1.915018 0.5265634 1.822487 0.4975253 1.822789 0.4803692 1.91532 0.5094071 1.822789 0.4803692 1.823059 0.4633147 1.91559 0.4923527 1.823059 0.4633147 1.823292 0.4463776 1.915823 0.4754155 1.823292 0.4463776 1.823483 0.4295728 1.916014 0.4586108 1.823483 0.4295728 1.823628 0.412916 1.916159 0.4419539 1.823628 0.412916 1.823722 0.3964216 1.916253 0.4254596 1.823722 0.3964216 1.823761 0.3801048 1.916291 0.4091429 1.823761 0.3801048 1.823739 0.3639802 1.91627 0.3930183 1.823739 0.3639802 1.823652 0.3480624 1.916183 0.3771004 1.823652 0.3480624 1.823495 0.3323656 1.916027 0.3614036 1.823495 0.3323656 1.823265 0.3169037 1.915797 0.3459416 1.823265 0.3169037 1.822957 0.3016906 1.915489 0.3307285 1.822957 0.3016906 1.822567 0.28674 1.915098 0.315778 1.822567 0.28674 1.82209 0.2720651 1.914621 0.3011031 1.82209 0.2720651 1.821523 0.2576791 1.914054 0.2867169 1.821523 0.2576791 1.820861 0.2435945 1.913391 0.2726325 1.820861 0.2435945 1.8201 0.229824 1.912631 0.258862 1.8201 0.229824 1.819237 0.2163797 1.911768 0.2454174 1.819237 0.2163797 1.818268 0.2032733 1.910799 0.2323113 1.922471 -0.6985035 1.921436 -0.7114357 2.013993 -0.6824812 1.921436 -0.7114357 1.920508 -0.7247114 2.013066 -0.695757 1.920508 -0.7247114 1.919685 -0.7383196 2.012242 -0.7093651 1.919685 -0.7383196 1.918961 -0.7522482 2.011518 -0.7232937 1.918961 -0.7522482 1.918334 -0.7664846 2.010891 -0.73753 1.918334 -0.7664846 1.917799 -0.7810161 2.010356 -0.7520616 1.917799 -0.7810161 1.917353 -0.79583 2.00991 -0.7668756 1.917353 -0.79583 1.91699 -0.8109133 2.009548 -0.7819589 1.91699 -0.8109133 1.916708 -0.8262521 2.009265 -0.7972977 1.916708 -0.8262521 1.916501 -0.8418331 2.009058 -0.8128786 1.916501 -0.8418331 1.916366 -0.8576423 2.008923 -0.8286877 1.916366 -0.8576423 1.916298 -0.8736651 2.008855 -0.8447107 1.916298 -0.8736651 1.916292 -0.8898877 2.008849 -0.8609331 1.916292 -0.8898877 1.916344 -0.906295 2.008901 -0.8773406 1.916344 -0.906295 1.916449 -0.9228727 2.009006 -0.893918 1.916449 -0.9228727 1.916603 -0.9396055 2.00916 -0.9106509 1.916603 -0.9396055 1.9168 -0.9564785 2.009357 -0.927524 1.9168 -0.9564785 1.917037 -0.9734763 2.009594 -0.9445219 1.917037 -0.9734763 1.917308 -0.9905839 2.009865 -0.9616294 1.917308 -0.9905839 1.917609 -1.007786 2.010166 -0.9788311 1.917609 -1.007786 1.917934 -1.025066 2.010491 -0.9961115 1.917934 -1.025066 1.918278 -1.042409 2.010835 -1.013454 1.918278 -1.042409 1.918638 -1.059799 2.011195 -1.030845 1.918638 -1.059799 1.919007 -1.077221 2.011564 -1.048267 1.919007 -1.077221 1.919382 -1.094659 2.011939 -1.065705 1.919382 -1.094659 1.919756 -1.112097 2.012313 -1.083143 1.919756 -1.112097 1.920125 -1.129519 2.012682 -1.100565 1.920125 -1.129519 1.920485 -1.14691 2.013042 -1.117955 1.920485 -1.14691 1.920829 -1.164253 2.013386 -1.135298 1.920829 -1.164253 1.921155 -1.181533 2.013712 -1.152579 1.921155 -1.181533 1.921455 -1.198735 2.014012 -1.16978 1.921455 -1.198735 1.921726 -1.215842 2.014283 -1.186888 1.921726 -1.215842 1.921963 -1.23284 2.01452 -1.203886 1.921963 -1.23284 1.92216 -1.249713 2.014717 -1.220759 1.92216 -1.249713 1.922314 -1.266446 2.014871 -1.237492 1.922314 -1.266446 1.922419 -1.283023 2.014976 -1.254069 1.922419 -1.283023 1.922471 -1.299431 2.015028 -1.270477 1.922471 -1.299431 1.922465 -1.315653 2.015022 -1.286699 1.922465 -1.315653 1.922397 -1.331676 2.014954 -1.302722 1.922397 -1.331676 1.922262 -1.347485 2.014819 -1.318531 1.922262 -1.347485 1.922055 -1.363066 2.014612 -1.334112 1.922055 -1.363066 1.921773 -1.378406 2.01433 -1.349451 1.921773 -1.378406 1.921411 -1.393489 2.013967 -1.364534 1.921411 -1.393489 1.920964 -1.408303 2.013521 -1.379348 1.920964 -1.408303 1.920429 -1.422834 2.012986 -1.39388 1.920429 -1.422834 1.919802 -1.43707 2.012359 -1.408116 1.919802 -1.43707 1.919079 -1.450999 2.011636 -1.422044 1.919079 -1.450999 1.918255 -1.464607 2.010812 -1.435653 1.918255 -1.464607 1.917327 -1.477883 2.009884 -1.448929 1.917327 -1.477883 1.916292 -1.490815 2.008849 -1.461861 1.921362 0.1522036 1.920396 0.1394377 2.012666 0.1692926 1.920396 0.1394377 1.919542 0.1263234 2.011813 0.1561782 1.919542 0.1263234 1.918799 0.1128719 2.011069 0.1427267 1.918799 0.1128719 1.918159 0.09909528 2.01043 0.1289501 1.918159 0.09909528 1.917622 0.08500534 2.009892 0.1148603 1.917622 0.08500534 1.917182 0.07061481 2.009452 0.1004697 1.917182 0.07061481 1.916834 0.05593645 2.009105 0.08579117 1.916834 0.05593645 1.916576 0.04098278 2.008847 0.07083761 1.916576 0.04098278 1.916403 0.02576774 2.008673 0.05562245 1.916403 0.02576774 1.916309 0.01030474 2.00858 0.04015952 1.916309 0.01030474 1.916292 -0.005392849 2.008563 0.02446186 1.916292 -0.005392849 1.916346 -0.02131086 2.008616 0.008543848 1.916346 -0.02131086 1.916466 -0.03743511 2.008737 -0.00758022 1.916466 -0.03743511 1.916649 -0.05375093 2.008919 -0.02389603 1.916649 -0.05375093 1.916888 -0.07024353 2.009159 -0.04038882 1.916888 -0.07024353 1.917181 -0.08689874 2.009452 -0.05704379 1.917181 -0.08689874 1.917521 -0.1037009 2.009792 -0.07384604 1.917521 -0.1037009 1.917904 -0.1206353 2.010174 -0.09078043 1.917904 -0.1206353 1.918324 -0.1376867 2.010595 -0.1078319 1.918324 -0.1376867 1.918778 -0.1548396 2.011048 -0.1249848 1.918778 -0.1548396 1.919259 -0.1720787 2.01153 -0.1422237 1.919259 -0.1720787 1.919763 -0.1893882 2.012034 -0.1595333 1.919763 -0.1893882 1.920285 -0.2067528 2.012556 -0.1768979 1.920285 -0.2067528 1.92082 -0.2241567 2.01309 -0.1943018 1.92082 -0.2241567 1.921362 -0.2415841 2.013633 -0.2117292 1.817189 -2.312081 1.91417 -2.312081 1.914169 -1.439259 1.714455 2.602215 1.714455 1.729392 1.811435 1.729392</float_array>
          <technique_common>
            <accessor source="#Plane-mesh-map-0-array" count="9612" stride="2">
              <param name="S" type="float"/>
              <param name="T" type="float"/>
            </accessor>
          </technique_common>
        </source>
        <vertices id="Plane-mesh-vertices">
          <input semantic="POSITION" source="#Plane-mesh-positions"/>
        </vertices>
        <triangles material="Material_001-material" count="3204">
          <input semantic="VERTEX" source="#Plane-mesh-vertices" offset="0"/>
          <input semantic="NORMAL" source="#Plane-mesh-normals" offset="1"/>
          <input semantic="TEXCOORD" source="#Plane-mesh-map-0" offset="2" set="0"/>
          <p>0 0 0 6 1 1 2 2 2 4 3 3 10 4 4 6 1 5 10 4 6 12 5 7 14 6 8 12 5 9 18 7 10 14 6 11 16 8 12 22 9 13 18 7 14 22 9 15 24 10 16 26 11 17 24 10 18 30 12 19 26 11 20 28 13 21 34 14 22 30 12 23 34 14 24 36 15 25 38 16 26 36 15 27 42 17 28 38 16 29 42 17 30 44 18 31 46 19 32 44 18 33 50 20 34 46 19 35 50 20 36 52 21 37 54 22 38 52 21 39 58 23 40 54 22 41 58 23 42 60 24 43 62 25 44 62 25 45 64 26 46 66 27 47 64 26 48 70 28 49 66 27 50 68 29 51 74 30 52 70 28 53 74 30 54 76 31 55 78 32 56 76 31 57 82 33 58 78 32 59 82 33 60 84 34 61 86 35 62 84 34 63 90 36 64 86 35 65 90 36 66 92 37 67 94 38 68 92 37 69 98 39 70 94 38 71 98 39 72 100 40 73 102 41 74 100 40 75 106 42 76 102 41 77 106 42 78 108 43 79 110 44 80 108 43 81 114 45 82 110 44 83 114 45 84 116 46 85 118 47 86 116 46 87 122 48 88 118 47 89 122 48 90 124 49 91 126 50 92 126 50 93 128 51 94 130 52 95 130 52 96 132 53 97 134 54 98 132 53 99 138 55 100 134 54 101 136 56 102 142 57 103 138 55 104 142 57 105 144 58 106 146 59 107 146 59 108 148 60 109 150 61 110 148 60 111 154 62 112 150 61 113 154 62 114 156 63 115 158 64 116 156 63 117 162 65 118 158 64 119 162 65 120 164 66 121 166 67 122 164 66 123 170 68 124 166 67 125 168 69 126 174 70 127 170 68 128 172 71 129 178 72 130 174 70 131 176 73 132 182 74 133 178 72 134 180 75 135 186 76 136 182 74 137 186 76 138 188 77 139 190 78 140 188 77 141 194 79 142 190 78 143 192 80 144 198 81 145 194 79 146 196 82 147 202 83 148 198 81 149 200 84 150 206 85 151 202 83 152 204 86 153 210 87 154 206 85 155 210 87 156 212 88 157 214 89 158 214 89 159 216 90 160 218 91 161 218 91 162 220 92 163 222 93 164 220 92 165 226 94 166 222 93 167 224 95 168 230 96 169 226 94 170 230 96 171 232 97 172 234 98 173 232 97 174 238 99 175 234 98 176 238 99 177 240 100 178 242 101 179 240 100 180 246 102 181 242 101 182 246 102 183 248 103 184 250 104 185 248 103 186 254 105 187 250 104 188 252 106 189 258 107 190 254 105 191 258 107 192 260 108 193 262 109 194 262 109 195 264 110 196 266 111 197 264 110 198 270 112 199 266 111 200 268 113 201 274 114 202 270 112 203 272 115 204 278 116 205 274 114 206 278 116 207 280 117 208 282 118 209 280 117 210 286 119 211 282 118 212 286 119 213 288 120 214 290 121 215 288 120 216 294 122 217 290 121 218 292 123 219 298 124 220 294 122 221 298 124 222 300 125 223 302 126 224 300 125 225 306 127 226 302 126 227 304 128 228 310 129 229 306 127 230 308 130 231 314 131 232 310 129 233 314 131 234 316 132 235 318 133 236 318 133 237 320 134 238 322 135 239 322 135 240 324 136 241 326 137 242 324 136 243 330 138 244 326 137 245 328 139 246 334 140 247 330 138 248 334 140 249 336 141 250 338 142 251 336 141 252 342 143 253 338 142 254 342 143 255 344 144 256 346 145 257 344 144 258 350 146 259 346 145 260 350 146 261 352 147 262 354 148 263 352 147 264 358 149 265 354 148 266 356 150 267 362 151 268 358 149 269 360 152 270 366 153 271 362 151 272 364 154 273 370 155 274 366 153 275 370 155 276 372 156 277 374 157 278 372 156 279 378 158 280 374 157 281 376 159 282 382 160 283 378 158 284 380 161 285 386 162 286 382 160 287 386 162 288 388 163 289 390 164 290 388 163 291 394 165 292 390 164 293 392 166 294 398 167 295 394 165 296 396 168 297 402 169 298 398 167 299 400 170 300 406 171 301 402 169 302 404 172 303 410 173 304 406 171 305 408 174 306 414 175 307 410 173 308 414 175 309 416 176 310 418 177 311 416 176 312 422 178 313 418 177 314 420 179 315 426 180 316 422 178 317 424 181 318 430 182 319 426 180 320 430 182 321 432 183 322 434 184 323 432 183 324 438 185 325 434 184 326 438 185 327 440 186 328 442 187 329 440 186 330 446 188 331 442 187 332 446 188 333 448 189 334 450 190 335 448 189 336 454 191 337 450 190 338 454 191 339 456 192 340 458 193 341 456 192 342 462 194 343 458 193 344 460 195 345 466 196 346 462 194 347 466 196 348 468 197 349 470 198 350 468 197 351 474 199 352 470 198 353 472 200 354 478 201 355 474 199 356 476 202 357 482 203 358 478 201 359 482 203 360 484 204 361 486 205 362 484 204 363 490 206 364 486 205 365 488 207 366 494 208 367 490 206 368 494 208 369 496 209 370 498 210 371 498 210 372 500 211 373 502 212 374 502 212 375 504 213 376 506 214 377 504 213 378 510 215 379 506 214 380 510 215 381 512 216 382 514 217 383 512 216 384 518 218 385 514 217 386 516 219 387 522 220 388 518 218 389 520 221 390 526 222 391 522 220 392 526 222 393 528 223 394 530 224 395 528 223 396 534 225 397 530 224 398 534 225 399 536 226 400 538 227 401 538 227 402 540 228 403 542 229 404 540 228 405 546 230 406 542 229 407 544 231 408 550 232 409 546 230 410 550 232 411 552 233 412 554 234 413 552 233 414 558 235 415 554 234 416 558 235 417 560 236 418 562 237 419 560 236 420 566 238 421 562 237 422 564 239 423 570 240 424 566 238 425 568 241 426 574 242 427 570 240 428 574 242 429 576 243 430 578 244 431 576 243 432 582 245 433 578 244 434 580 246 435 586 247 436 582 245 437 584 248 438 590 249 439 586 247 440 590 249 441 592 250 442 594 251 443 592 250 444 598 252 445 594 251 446 596 253 447 602 254 448 598 252 449 600 255 450 606 256 451 602 254 452 604 257 453 610 258 454 606 256 455 610 258 456 612 259 457 614 260 458 612 259 459 618 261 460 614 260 461 618 261 462 620 262 463 622 263 464 620 262 465 626 264 466 622 263 467 624 265 468 630 266 469 626 264 470 630 266 471 632 267 472 634 268 473 632 267 474 638 269 475 634 268 476 638 269 477 640 270 478 642 271 479 640 270 480 646 272 481 642 271 482 646 272 483 648 273 484 650 274 485 650 274 486 652 275 487 654 276 488 652 275 489 658 277 490 654 276 491 658 277 492 660 278 493 662 279 494 660 278 495 666 280 496 662 279 497 664 281 498 670 282 499 666 280 500 670 282 501 672 283 502 674 284 503 672 283 504 678 285 505 674 284 506 676 286 507 682 287 508 678 285 509 682 287 510 684 288 511 686 289 512 684 288 513 690 290 514 686 289 515 688 291 516 694 292 517 690 290 518 692 293 519 698 294 520 694 292 521 696 295 522 702 296 523 698 294 524 700 297 525 706 298 526 702 296 527 706 298 528 708 299 529 710 300 530 708 299 531 714 301 532 710 300 533 712 302 534 718 303 535 714 301 536 716 304 537 722 305 538 718 303 539 722 305 540 724 306 541 726 307 542 724 306 543 730 308 544 726 307 545 730 308 546 732 309 547 734 310 548 732 309 549 738 311 550 734 310 551 736 312 552 742 313 553 738 311 554 740 314 555 746 315 556 742 313 557 744 316 558 750 317 559 746 315 560 748 318 561 754 319 562 750 317 563 752 320 564 758 321 565 754 319 566 758 321 567 760 322 568 762 323 569 760 322 570 766 324 571 762 323 572 766 324 573 768 325 574 770 326 575 768 325 576 774 327 577 770 326 578 772 328 579 778 329 580 774 327 581 776 330 582 782 331 583 778 329 584 780 332 585 786 333 586 782 331 587 786 333 588 788 334 589 790 335 590 788 334 591 794 336 592 790 335 593 792 337 594 798 338 595 794 336 596 796 339 597 802 340 598 798 338 599 800 341 600 806 342 601 802 340 602 804 343 603 810 344 604 806 342 605 808 345 606 814 346 607 810 344 608 812 347 609 818 348 610 814 346 611 816 349 612 822 350 613 818 348 614 820 351 615 826 352 616 822 350 617 826 352 618 828 353 619 830 354 620 828 353 621 834 355 622 830 354 623 834 355 624 836 356 625 838 357 626 836 356 627 842 358 628 838 357 629 842 358 630 844 359 631 846 360 632 844 359 633 850 361 634 846 360 635 850 361 636 852 362 637 854 363 638 854 363 639 856 364 640 858 365 641 856 364 642 862 366 643 858 365 644 862 366 645 864 367 646 866 368 647 864 367 648 870 369 649 866 368 650 870 369 651 872 370 652 874 371 653 874 371 654 876 372 655 878 373 656 876 372 657 882 374 658 878 373 659 882 374 660 884 375 661 886 376 662 884 375 663 890 377 664 886 376 665 888 378 666 894 379 667 890 377 668 892 380 669 898 381 670 894 379 671 898 381 672 900 382 673 902 383 674 902 383 675 904 384 676 906 385 677 904 384 678 910 386 679 906 385 680 910 386 681 912 387 682 914 388 683 912 387 684 918 389 685 914 388 686 918 389 687 920 390 688 922 391 689 920 390 690 926 392 691 922 391 692 926 392 693 928 393 694 930 394 695 928 393 696 934 395 697 930 394 698 932 396 699 938 397 700 934 395 701 936 398 702 942 399 703 938 397 704 942 399 705 944 400 706 946 401 707 944 400 708 950 402 709 946 401 710 950 402 711 952 403 712 954 404 713 952 403 714 958 405 715 954 404 716 956 406 717 962 407 718 958 405 719 960 408 720 966 409 721 962 407 722 964 410 723 970 411 724 966 409 725 970 411 726 972 412 727 974 413 728 972 412 729 978 414 730 974 413 731 976 415 732 982 416 733 978 414 734 980 417 735 986 418 736 982 416 737 984 419 738 990 420 739 986 418 740 990 420 741 992 421 742 994 422 743 992 421 744 998 423 745 994 422 746 996 424 747 1002 425 748 998 423 749 1000 426 750 1006 427 751 1002 425 752 1004 428 753 1010 429 754 1006 427 755 1008 430 756 1014 431 757 1010 429 758 1014 431 759 1016 432 760 1018 433 761 1016 432 762 1022 434 763 1018 433 764 1022 434 765 1024 435 766 1026 436 767 1024 435 768 1030 437 769 1026 436 770 1030 437 771 1032 438 772 1034 439 773 1032 438 774 1038 440 775 1034 439 776 1036 441 777 1042 442 778 1038 440 779 1040 443 780 1046 444 781 1042 442 782 1046 444 783 1048 445 784 1050 446 785 1050 446 786 1052 447 787 1054 448 788 1052 447 789 1058 449 790 1054 448 791 1058 449 792 1060 450 793 1062 451 794 1062 451 795 1064 452 796 1066 453 797 1064 452 798 1070 454 799 1066 453 800 1068 455 801 1074 456 802 1070 454 803 1072 457 804 1078 458 805 1074 456 806 1078 458 807 1080 459 808 1082 460 809 1080 459 810 1086 461 811 1082 460 812 1084 462 813 1090 463 814 1086 461 815 1088 464 816 1094 465 817 1090 463 818 1092 466 819 1098 467 820 1094 465 821 1098 467 822 1100 468 823 1102 469 824 1102 469 825 1104 470 826 1106 471 827 1104 470 828 1110 472 829 1106 471 830 1108 473 831 1114 474 832 1110 472 833 1112 475 834 1118 476 835 1114 474 836 1118 476 837 1120 477 838 1122 478 839 1122 478 840 1124 479 841 1126 480 842 1124 479 843 1130 481 844 1126 480 845 1130 481 846 1132 482 847 1134 483 848 1134 483 849 1136 484 850 1138 485 851 1138 485 852 1140 486 853 1142 487 854 1140 486 855 1146 488 856 1142 487 857 1146 488 858 1148 489 859 1150 490 860 1150 490 861 1152 491 862 1154 492 863 1152 491 864 1158 493 865 1154 492 866 1158 493 867 1160 494 868 1162 495 869 1160 494 870 1166 496 871 1162 495 872 1164 497 873 1170 498 874 1166 496 875 1168 499 876 1174 500 877 1170 498 878 1174 500 879 1176 501 880 1178 502 881 1176 501 882 1182 503 883 1178 502 884 1180 504 885 1186 505 886 1182 503 887 1186 505 888 1188 506 889 1190 507 890 1188 506 891 1194 508 892 1190 507 893 1192 509 894 1198 510 895 1194 508 896 1196 511 897 1202 512 898 1198 510 899 1200 513 900 1206 514 901 1202 512 902 1204 515 903 1210 516 904 1206 514 905 1210 516 906 1212 517 907 1214 518 908 1214 518 909 1216 519 910 1218 520 911 1218 520 912 1220 521 913 1222 522 914 1220 521 915 1226 523 916 1222 522 917 1224 524 918 1230 525 919 1226 523 920 1230 525 921 1232 526 922 1234 527 923 1232 526 924 1238 528 925 1234 527 926 1238 528 927 1240 529 928 1242 530 929 1240 529 930 1246 531 931 1242 530 932 1246 531 933 1248 532 934 1250 533 935 1250 533 936 1252 534 937 1254 535 938 1254 535 939 1256 536 940 1258 537 941 1256 536 942 1262 538 943 1258 537 944 1260 539 945 1266 540 946 1262 538 947 1264 541 948 1270 542 949 1266 540 950 1270 542 951 1272 543 952 1274 544 953 1272 543 954 1278 545 955 1274 544 956 1276 546 957 1282 547 958 1278 545 959 1282 547 960 1284 548 961 1286 549 962 1284 548 963 1290 550 964 1286 549 965 1288 551 966 1294 552 967 1290 550 968 1292 553 969 1298 554 970 1294 552 971 1296 555 972 1302 556 973 1298 554 974 1300 557 975 1306 558 976 1302 556 977 1304 559 978 1310 560 979 1306 558 980 1310 560 981 1312 561 982 1314 562 983 1312 561 984 1318 563 985 1314 562 986 1316 564 987 1322 565 988 1318 563 989 1322 565 990 1324 566 991 1326 567 992 1324 566 993 1330 568 994 1326 567 995 1330 568 996 1332 569 997 1334 570 998 1334 570 999 1336 571 1000 1338 572 1001 1336 571 1002 1342 573 1003 1338 572 1004 1342 573 1005 1344 574 1006 1346 575 1007 1344 574 1008 1350 576 1009 1346 575 1010 1348 577 1011 1354 578 1012 1350 576 1013 1352 579 1014 1358 580 1015 1354 578 1016 1358 580 1017 1360 581 1018 1362 582 1019 1360 581 1020 1366 583 1021 1362 582 1022 1366 583 1023 1368 584 1024 1370 585 1025 1368 584 1026 1374 586 1027 1370 585 1028 1374 586 1029 1376 587 1030 1378 588 1031 1376 587 1032 1382 589 1033 1378 588 1034 1380 590 1035 1386 591 1036 1382 589 1037 1384 592 1038 1390 593 1039 1386 591 1040 1388 594 1041 1394 595 1042 1390 593 1043 1394 595 1044 1396 596 1045 1398 597 1046 1396 596 1047 1402 598 1048 1398 597 1049 1400 599 1050 1406 600 1051 1402 598 1052 1406 600 1053 1408 601 1054 1410 602 1055 1408 601 1056 1414 603 1057 1410 602 1058 1412 604 1059 1418 605 1060 1414 603 1061 1416 606 1062 1422 607 1063 1418 605 1064 1420 608 1065 1426 609 1066 1422 607 1067 1426 609 1068 1428 610 1069 1430 611 1070 1428 610 1071 1434 612 1072 1430 611 1073 1434 612 1074 1436 613 1075 1438 614 1076 1438 614 1077 1440 615 1078 1442 616 1079 1440 615 1080 1446 617 1081 1442 616 1082 1444 618 1083 1450 619 1084 1446 617 1085 1450 619 1086 1452 620 1087 1454 621 1088 1454 621 1089 1456 622 1090 1458 623 1091 1456 622 1092 1462 624 1093 1458 623 1094 1462 624 1095 1464 625 1096 1466 626 1097 1464 625 1098 1470 627 1099 1466 626 1100 1468 628 1101 1474 629 1102 1470 627 1103 1474 629 1104 1476 630 1105 1478 631 1106 1478 631 1107 1480 632 1108 1482 633 1109 1480 632 1110 1486 634 1111 1482 633 1112 1486 634 1113 1488 635 1114 1490 636 1115 1488 635 1116 1494 637 1117 1490 636 1118 1492 638 1119 1498 639 1120 1494 637 1121 1498 639 1122 1500 640 1123 1502 641 1124 1500 640 1125 1506 642 1126 1502 641 1127 1504 643 1128 1510 644 1129 1506 642 1130 1508 645 1131 1514 646 1132 1510 644 1133 1514 646 1134 1516 647 1135 1518 648 1136 1516 647 1137 1522 649 1138 1518 648 1139 1520 650 1140 1526 651 1141 1522 649 1142 1524 652 1143 1530 653 1144 1526 651 1145 1530 653 1146 1532 654 1147 1534 655 1148 1532 654 1149 1538 656 1150 1534 655 1151 1536 657 1152 1542 658 1153 1538 656 1154 1542 658 1155 1544 659 1156 1546 660 1157 1544 659 1158 1550 661 1159 1546 660 1160 1550 661 1161 1552 662 1162 1554 663 1163 1552 662 1164 1558 664 1165 1554 663 1166 1556 665 1167 1562 666 1168 1558 664 1169 1560 667 1170 1566 668 1171 1562 666 1172 1564 669 1173 1570 670 1174 1566 668 1175 1570 670 1176 1572 671 1177 1574 672 1178 1572 671 1179 1578 673 1180 1574 672 1181 1576 674 1182 1582 675 1183 1578 673 1184 1580 676 1185 1586 677 1186 1582 675 1187 1584 678 1188 1590 679 1189 1586 677 1190 1590 679 1191 1592 680 1192 1594 681 1193 1592 680 1194 1598 682 1195 1594 681 1196 1596 683 1197 1602 684 1198 1598 682 1199 0 0 1200 5 685 1201 4 3 1202 4 3 1203 9 686 1204 8 687 1205 8 687 1206 13 688 1207 12 5 1208 12 5 1209 17 689 1210 16 8 1211 16 8 1212 21 690 1213 20 691 1214 20 691 1215 25 692 1216 24 10 1217 24 10 1218 29 693 1219 28 13 1220 28 13 1221 33 694 1222 32 695 1223 32 695 1224 37 696 1225 36 15 1226 36 15 1227 41 697 1228 40 698 1229 40 698 1230 45 699 1231 44 18 1232 44 18 1233 49 700 1234 48 701 1235 48 701 1236 53 702 1237 52 21 1238 52 21 1239 57 703 1240 56 704 1241 56 704 1242 61 705 1243 60 24 1244 60 24 1245 65 706 1246 64 26 1247 64 26 1248 69 707 1249 68 29 1250 68 29 1251 73 708 1252 72 709 1253 72 709 1254 77 710 1255 76 31 1256 76 31 1257 81 711 1258 80 712 1259 80 712 1260 85 713 1261 84 34 1262 84 34 1263 89 714 1264 88 715 1265 88 715 1266 93 716 1267 92 37 1268 92 37 1269 97 717 1270 96 718 1271 96 718 1272 101 719 1273 100 40 1274 100 40 1275 105 720 1276 104 721 1277 104 721 1278 109 722 1279 108 43 1280 108 43 1281 113 723 1282 112 724 1283 112 724 1284 117 725 1285 116 46 1286 116 46 1287 121 726 1288 120 727 1289 120 727 1290 125 728 1291 124 49 1292 124 49 1293 129 729 1294 128 51 1295 128 51 1296 133 730 1297 132 53 1298 132 53 1299 137 731 1300 136 56 1301 136 56 1302 141 732 1303 140 733 1304 140 733 1305 145 734 1306 144 58 1307 144 58 1308 149 735 1309 148 60 1310 148 60 1311 153 736 1312 152 737 1313 152 737 1314 157 738 1315 156 63 1316 156 63 1317 161 739 1318 160 740 1319 160 740 1320 165 741 1321 164 66 1322 164 66 1323 169 742 1324 168 69 1325 168 69 1326 173 743 1327 172 71 1328 172 71 1329 177 744 1330 176 73 1331 176 73 1332 181 745 1333 180 75 1334 180 75 1335 185 746 1336 184 747 1337 184 747 1338 189 748 1339 188 77 1340 188 77 1341 193 749 1342 192 80 1343 192 80 1344 197 750 1345 196 82 1346 196 82 1347 201 751 1348 200 84 1349 200 84 1350 205 752 1351 204 86 1352 204 86 1353 209 753 1354 208 754 1355 208 754 1356 213 755 1357 212 88 1358 212 88 1359 217 756 1360 216 90 1361 216 90 1362 221 757 1363 220 92 1364 220 92 1365 225 758 1366 224 95 1367 224 95 1368 229 759 1369 228 760 1370 228 760 1371 233 761 1372 232 97 1373 232 97 1374 237 762 1375 236 763 1376 236 763 1377 241 764 1378 240 100 1379 240 100 1380 245 765 1381 244 766 1382 244 766 1383 249 767 1384 248 103 1385 248 103 1386 253 768 1387 252 106 1388 252 106 1389 257 769 1390 256 770 1391 256 770 1392 261 771 1393 260 108 1394 260 108 1395 265 772 1396 264 110 1397 264 110 1398 269 773 1399 268 113 1400 268 113 1401 273 774 1402 272 115 1403 272 115 1404 277 775 1405 276 776 1406 276 776 1407 281 777 1408 280 117 1409 280 117 1410 285 778 1411 284 779 1412 284 779 1413 289 780 1414 288 120 1415 288 120 1416 293 781 1417 292 123 1418 292 123 1419 297 782 1420 296 783 1421 296 783 1422 301 784 1423 300 125 1424 300 125 1425 305 785 1426 304 128 1427 304 128 1428 309 786 1429 308 130 1430 308 130 1431 313 787 1432 312 788 1433 312 788 1434 317 789 1435 316 132 1436 316 132 1437 321 790 1438 320 134 1439 320 134 1440 325 791 1441 324 136 1442 324 136 1443 329 792 1444 328 139 1445 328 139 1446 333 793 1447 332 794 1448 332 794 1449 337 795 1450 336 141 1451 336 141 1452 341 796 1453 340 797 1454 340 797 1455 345 798 1456 344 144 1457 344 144 1458 349 799 1459 348 800 1460 348 800 1461 353 801 1462 352 147 1463 352 147 1464 357 802 1465 356 150 1466 356 150 1467 361 803 1468 360 152 1469 360 152 1470 365 804 1471 364 154 1472 364 154 1473 369 805 1474 368 806 1475 368 806 1476 373 807 1477 372 156 1478 372 156 1479 377 808 1480 376 159 1481 376 159 1482 381 809 1483 380 161 1484 380 161 1485 385 810 1486 384 811 1487 384 811 1488 389 812 1489 388 163 1490 388 163 1491 393 813 1492 392 166 1493 392 166 1494 397 814 1495 396 168 1496 396 168 1497 401 815 1498 400 170 1499 400 170 1500 405 816 1501 404 172 1502 404 172 1503 409 817 1504 408 174 1505 408 174 1506 413 818 1507 412 819 1508 412 819 1509 417 820 1510 416 176 1511 416 176 1512 421 821 1513 420 179 1514 420 179 1515 425 822 1516 424 181 1517 424 181 1518 429 823 1519 428 824 1520 428 824 1521 433 825 1522 432 183 1523 432 183 1524 437 826 1525 436 827 1526 436 827 1527 441 828 1528 440 186 1529 440 186 1530 445 829 1531 444 830 1532 444 830 1533 449 831 1534 448 189 1535 448 189 1536 453 832 1537 452 833 1538 452 833 1539 457 834 1540 456 192 1541 456 192 1542 461 835 1543 460 195 1544 460 195 1545 465 836 1546 464 837 1547 464 837 1548 469 838 1549 468 197 1550 468 197 1551 473 839 1552 472 200 1553 472 200 1554 477 840 1555 476 202 1556 476 202 1557 481 841 1558 480 842 1559 480 842 1560 485 843 1561 484 204 1562 484 204 1563 489 844 1564 488 207 1565 488 207 1566 493 845 1567 492 846 1568 492 846 1569 497 847 1570 496 209 1571 496 209 1572 501 848 1573 500 211 1574 500 211 1575 505 849 1576 504 213 1577 504 213 1578 509 850 1579 508 851 1580 508 851 1581 513 852 1582 512 216 1583 512 216 1584 517 853 1585 516 219 1586 516 219 1587 521 854 1588 520 221 1589 520 221 1590 525 855 1591 524 856 1592 524 856 1593 529 857 1594 528 223 1595 528 223 1596 533 858 1597 532 859 1598 532 859 1599 537 860 1600 536 226 1601 536 226 1602 541 861 1603 540 228 1604 540 228 1605 545 862 1606 544 231 1607 544 231 1608 549 863 1609 548 864 1610 548 864 1611 553 865 1612 552 233 1613 552 233 1614 557 866 1615 556 867 1616 556 867 1617 561 868 1618 560 236 1619 560 236 1620 565 869 1621 564 239 1622 564 239 1623 569 870 1624 568 241 1625 568 241 1626 573 871 1627 572 872 1628 572 872 1629 577 873 1630 576 243 1631 576 243 1632 581 874 1633 580 246 1634 580 246 1635 585 875 1636 584 248 1637 584 248 1638 589 876 1639 588 877 1640 588 877 1641 593 878 1642 592 250 1643 592 250 1644 597 879 1645 596 253 1646 596 253 1647 601 880 1648 600 255 1649 600 255 1650 605 881 1651 604 257 1652 604 257 1653 609 882 1654 608 883 1655 608 883 1656 613 884 1657 612 259 1658 612 259 1659 617 885 1660 616 886 1661 616 886 1662 621 887 1663 620 262 1664 620 262 1665 625 888 1666 624 265 1667 624 265 1668 629 889 1669 628 890 1670 628 890 1671 633 891 1672 632 267 1673 632 267 1674 637 892 1675 636 893 1676 636 893 1677 641 894 1678 640 270 1679 640 270 1680 645 895 1681 644 896 1682 644 896 1683 649 897 1684 648 273 1685 648 273 1686 653 898 1687 652 275 1688 652 275 1689 657 899 1690 656 900 1691 656 900 1692 661 901 1693 660 278 1694 660 278 1695 665 902 1696 664 281 1697 664 281 1698 669 903 1699 668 904 1700 668 904 1701 673 905 1702 672 283 1703 672 283 1704 677 906 1705 676 286 1706 676 286 1707 681 907 1708 680 908 1709 680 908 1710 685 909 1711 684 288 1712 684 288 1713 689 910 1714 688 291 1715 688 291 1716 693 911 1717 692 293 1718 692 293 1719 697 912 1720 696 295 1721 696 295 1722 701 913 1723 700 297 1724 700 297 1725 705 914 1726 704 915 1727 704 915 1728 709 916 1729 708 299 1730 708 299 1731 713 917 1732 712 302 1733 712 302 1734 717 918 1735 716 304 1736 716 304 1737 721 919 1738 720 920 1739 720 920 1740 725 921 1741 724 306 1742 724 306 1743 729 922 1744 728 923 1745 728 923 1746 733 924 1747 732 309 1748 732 309 1749 737 925 1750 736 312 1751 736 312 1752 741 926 1753 740 314 1754 740 314 1755 745 927 1756 744 316 1757 744 316 1758 749 928 1759 748 318 1760 748 318 1761 753 929 1762 752 320 1763 752 320 1764 757 930 1765 756 931 1766 756 931 1767 761 932 1768 760 322 1769 760 322 1770 765 933 1771 764 934 1772 764 934 1773 769 935 1774 768 325 1775 768 325 1776 773 936 1777 772 328 1778 772 328 1779 777 937 1780 776 330 1781 776 330 1782 781 938 1783 780 332 1784 780 332 1785 785 939 1786 784 940 1787 784 940 1788 789 941 1789 788 334 1790 788 334 1791 793 942 1792 792 337 1793 792 337 1794 797 943 1795 796 339 1796 796 339 1797 801 944 1798 800 341 1799 800 341 1800 805 945 1801 804 343 1802 804 343 1803 809 946 1804 808 345 1805 808 345 1806 813 947 1807 812 347 1808 812 347 1809 817 948 1810 816 349 1811 816 349 1812 821 949 1813 820 351 1814 820 351 1815 825 950 1816 824 951 1817 824 951 1818 829 952 1819 828 353 1820 828 353 1821 833 953 1822 832 954 1823 832 954 1824 837 955 1825 836 356 1826 836 356 1827 841 956 1828 840 957 1829 840 957 1830 845 958 1831 844 359 1832 844 359 1833 849 959 1834 848 960 1835 848 960 1836 853 961 1837 852 362 1838 852 362 1839 857 962 1840 856 364 1841 856 364 1842 861 963 1843 860 964 1844 860 964 1845 865 965 1846 864 367 1847 864 367 1848 869 966 1849 868 967 1850 868 967 1851 873 968 1852 872 370 1853 872 370 1854 877 969 1855 876 372 1856 876 372 1857 881 970 1858 880 971 1859 880 971 1860 885 972 1861 884 375 1862 884 375 1863 889 973 1864 888 378 1865 888 378 1866 893 974 1867 892 380 1868 892 380 1869 897 975 1870 896 976 1871 896 976 1872 901 977 1873 900 382 1874 900 382 1875 905 978 1876 904 384 1877 904 384 1878 909 979 1879 908 980 1880 908 980 1881 913 981 1882 912 387 1883 912 387 1884 917 982 1885 916 983 1886 916 983 1887 921 984 1888 920 390 1889 920 390 1890 925 985 1891 924 986 1892 924 986 1893 929 987 1894 928 393 1895 928 393 1896 933 988 1897 932 396 1898 932 396 1899 937 989 1900 936 398 1901 936 398 1902 941 990 1903 940 991 1904 940 991 1905 945 992 1906 944 400 1907 944 400 1908 949 993 1909 948 994 1910 948 994 1911 953 995 1912 952 403 1913 952 403 1914 957 996 1915 956 406 1916 956 406 1917 961 997 1918 960 408 1919 960 408 1920 965 998 1921 964 410 1922 964 410 1923 969 999 1924 968 1000 1925 968 1000 1926 973 1001 1927 972 412 1928 972 412 1929 977 1002 1930 976 415 1931 976 415 1932 981 1003 1933 980 417 1934 980 417 1935 985 1004 1936 984 419 1937 984 419 1938 989 1005 1939 988 1006 1940 988 1006 1941 993 1007 1942 992 421 1943 992 421 1944 997 1008 1945 996 424 1946 996 424 1947 1001 1009 1948 1000 426 1949 1000 426 1950 1005 1010 1951 1004 428 1952 1004 428 1953 1009 1011 1954 1008 430 1955 1008 430 1956 1013 1012 1957 1012 1013 1958 1012 1013 1959 1017 1014 1960 1016 432 1961 1016 432 1962 1021 1015 1963 1020 1016 1964 1020 1016 1965 1025 1017 1966 1024 435 1967 1024 435 1968 1029 1018 1969 1028 1019 1970 1028 1019 1971 1033 1020 1972 1032 438 1973 1032 438 1974 1037 1021 1975 1036 441 1976 1036 441 1977 1041 1022 1978 1040 443 1979 1040 443 1980 1045 1023 1981 1044 1024 1982 1044 1024 1983 1049 1025 1984 1048 445 1985 1048 445 1986 1053 1026 1987 1052 447 1988 1052 447 1989 1057 1027 1990 1056 1028 1991 1056 1028 1992 1061 1029 1993 1060 450 1994 1060 450 1995 1065 1030 1996 1064 452 1997 1064 452 1998 1069 1031 1999 1068 455 2000 1068 455 2001 1073 1032 2002 1072 457 2003 1072 457 2004 1077 1033 2005 1076 1034 2006 1076 1034 2007 1081 1035 2008 1080 459 2009 1080 459 2010 1085 1036 2011 1084 462 2012 1084 462 2013 1089 1037 2014 1088 464 2015 1088 464 2016 1093 1038 2017 1092 466 2018 1092 466 2019 1097 1039 2020 1096 1040 2021 1096 1040 2022 1101 1041 2023 1100 468 2024 1100 468 2025 1105 1042 2026 1104 470 2027 1104 470 2028 1109 1043 2029 1108 473 2030 1108 473 2031 1113 1044 2032 1112 475 2033 1112 475 2034 1117 1045 2035 1116 1046 2036 1116 1046 2037 1121 1047 2038 1120 477 2039 1120 477 2040 1125 1048 2041 1124 479 2042 1124 479 2043 1129 1049 2044 1128 1050 2045 1128 1050 2046 1133 1051 2047 1132 482 2048 1132 482 2049 1137 1052 2050 1136 484 2051 1136 484 2052 1141 1053 2053 1140 486 2054 1140 486 2055 1145 1054 2056 1144 1055 2057 1144 1055 2058 1149 1056 2059 1148 489 2060 1148 489 2061 1153 1057 2062 1152 491 2063 1152 491 2064 1157 1058 2065 1156 1059 2066 1156 1059 2067 1161 1060 2068 1160 494 2069 1160 494 2070 1165 1061 2071 1164 497 2072 1164 497 2073 1169 1062 2074 1168 499 2075 1168 499 2076 1173 1063 2077 1172 1064 2078 1172 1064 2079 1177 1065 2080 1176 501 2081 1176 501 2082 1181 1066 2083 1180 504 2084 1180 504 2085 1185 1067 2086 1184 1068 2087 1184 1068 2088 1189 1069 2089 1188 506 2090 1188 506 2091 1193 1070 2092 1192 509 2093 1192 509 2094 1197 1071 2095 1196 511 2096 1196 511 2097 1201 1072 2098 1200 513 2099 1200 513 2100 1205 1073 2101 1204 515 2102 1204 515 2103 1209 1074 2104 1208 1075 2105 1208 1075 2106 1213 1076 2107 1212 517 2108 1212 517 2109 1217 1077 2110 1216 519 2111 1216 519 2112 1221 1078 2113 1220 521 2114 1220 521 2115 1225 1079 2116 1224 524 2117 1224 524 2118 1229 1080 2119 1228 1081 2120 1228 1081 2121 1233 1082 2122 1232 526 2123 1232 526 2124 1237 1083 2125 1236 1084 2126 1236 1084 2127 1241 1085 2128 1240 529 2129 1240 529 2130 1245 1086 2131 1244 1087 2132 1244 1087 2133 1249 1088 2134 1248 532 2135 1248 532 2136 1253 1089 2137 1252 534 2138 1252 534 2139 1257 1090 2140 1256 536 2141 1256 536 2142 1261 1091 2143 1260 539 2144 1260 539 2145 1265 1092 2146 1264 541 2147 1264 541 2148 1269 1093 2149 1268 1094 2150 1268 1094 2151 1273 1095 2152 1272 543 2153 1272 543 2154 1277 1096 2155 1276 546 2156 1276 546 2157 1281 1097 2158 1280 1098 2159 1280 1098 2160 1285 1099 2161 1284 548 2162 1284 548 2163 1289 1100 2164 1288 551 2165 1288 551 2166 1293 1101 2167 1292 553 2168 1292 553 2169 1297 1102 2170 1296 555 2171 1296 555 2172 1301 1103 2173 1300 557 2174 1300 557 2175 1305 1104 2176 1304 559 2177 1304 559 2178 1309 1105 2179 1308 1106 2180 1308 1106 2181 1313 1107 2182 1312 561 2183 1312 561 2184 1317 1108 2185 1316 564 2186 1316 564 2187 1321 1109 2188 1320 1110 2189 1320 1110 2190 1325 1111 2191 1324 566 2192 1324 566 2193 1329 1112 2194 1328 1113 2195 1328 1113 2196 1333 1114 2197 1332 569 2198 1332 569 2199 1337 1115 2200 1336 571 2201 1336 571 2202 1341 1116 2203 1340 1117 2204 1340 1117 2205 1345 1118 2206 1344 574 2207 1344 574 2208 1349 1119 2209 1348 577 2210 1348 577 2211 1353 1120 2212 1352 579 2213 1352 579 2214 1357 1121 2215 1356 1122 2216 1356 1122 2217 1361 1123 2218 1360 581 2219 1360 581 2220 1365 1124 2221 1364 1125 2222 1364 1125 2223 1369 1126 2224 1368 584 2225 1368 584 2226 1373 1127 2227 1372 1128 2228 1372 1128 2229 1377 1129 2230 1376 587 2231 1376 587 2232 1381 1130 2233 1380 590 2234 1380 590 2235 1385 1131 2236 1384 592 2237 1384 592 2238 1389 1132 2239 1388 594 2240 1388 594 2241 1393 1133 2242 1392 1134 2243 1392 1134 2244 1397 1135 2245 1396 596 2246 1396 596 2247 1401 1136 2248 1400 599 2249 1400 599 2250 1405 1137 2251 1404 1138 2252 1404 1138 2253 1409 1139 2254 1408 601 2255 1408 601 2256 1413 1140 2257 1412 604 2258 1412 604 2259 1417 1141 2260 1416 606 2261 1416 606 2262 1421 1142 2263 1420 608 2264 1420 608 2265 1425 1143 2266 1424 1144 2267 1424 1144 2268 1429 1145 2269 1428 610 2270 1428 610 2271 1433 1146 2272 1432 1147 2273 1432 1147 2274 1437 1148 2275 1436 613 2276 1436 613 2277 1441 1149 2278 1440 615 2279 1440 615 2280 1445 1150 2281 1444 618 2282 1444 618 2283 1449 1151 2284 1448 1152 2285 1448 1152 2286 1453 1153 2287 1452 620 2288 1452 620 2289 1457 1154 2290 1456 622 2291 1456 622 2292 1461 1155 2293 1460 1156 2294 1460 1156 2295 1465 1157 2296 1464 625 2297 1464 625 2298 1469 1158 2299 1468 628 2300 1468 628 2301 1473 1159 2302 1472 1160 2303 1472 1160 2304 1477 1161 2305 1476 630 2306 1476 630 2307 1481 1162 2308 1480 632 2309 1480 632 2310 1485 1163 2311 1484 1164 2312 1484 1164 2313 1489 1165 2314 1488 635 2315 1488 635 2316 1493 1166 2317 1492 638 2318 1492 638 2319 1497 1167 2320 1496 1168 2321 1496 1168 2322 1501 1169 2323 1500 640 2324 1500 640 2325 1505 1170 2326 1504 643 2327 1504 643 2328 1509 1171 2329 1508 645 2330 1508 645 2331 1513 1172 2332 1512 1173 2333 1512 1173 2334 1517 1174 2335 1516 647 2336 1516 647 2337 1521 1175 2338 1520 650 2339 1520 650 2340 1525 1176 2341 1524 652 2342 1524 652 2343 1529 1177 2344 1528 1178 2345 1528 1178 2346 1533 1179 2347 1532 654 2348 1532 654 2349 1537 1180 2350 1536 657 2351 1536 657 2352 1541 1181 2353 1540 1182 2354 1540 1182 2355 1545 1183 2356 1544 659 2357 1544 659 2358 1549 1184 2359 1548 1185 2360 1548 1185 2361 1553 1186 2362 1552 662 2363 1552 662 2364 1557 1187 2365 1556 665 2366 1556 665 2367 1561 1188 2368 1560 667 2369 1560 667 2370 1565 1189 2371 1564 669 2372 1564 669 2373 1569 1190 2374 1568 1191 2375 1568 1191 2376 1573 1192 2377 1572 671 2378 1572 671 2379 1577 1193 2380 1576 674 2381 1576 674 2382 1581 1194 2383 1580 676 2384 1580 676 2385 1585 1195 2386 1584 678 2387 1584 678 2388 1589 1196 2389 1588 1197 2390 1588 1197 2391 1593 1198 2392 1592 680 2393 1592 680 2394 1597 1199 2395 1596 683 2396 1596 683 2397 1601 1200 2398 1600 1201 2399 3 1202 2400 5 685 2401 1 1203 2402 7 1204 2403 9 686 2404 5 685 2405 11 1205 2406 13 688 2407 9 686 2408 13 688 2409 19 1206 2410 17 689 2411 19 1206 2412 21 690 2413 17 689 2414 23 1207 2415 25 692 2416 21 690 2417 25 692 2418 31 1208 2419 29 693 2420 29 693 2421 35 1209 2422 33 694 2423 35 1209 2424 37 696 2425 33 694 2426 37 696 2427 43 1210 2428 41 697 2429 43 1210 2430 45 699 2431 41 697 2432 45 699 2433 51 1211 2434 49 700 2435 51 1211 2436 53 702 2437 49 700 2438 53 702 2439 59 1212 2440 57 703 2441 59 1212 2442 61 705 2443 57 703 2444 63 1213 2445 65 706 2446 61 705 2447 65 706 2448 71 1214 2449 69 707 2450 69 707 2451 75 1215 2452 73 708 2453 75 1215 2454 77 710 2455 73 708 2456 77 710 2457 83 1216 2458 81 711 2459 83 1216 2460 85 713 2461 81 711 2462 85 713 2463 91 1217 2464 89 714 2465 91 1217 2466 93 716 2467 89 714 2468 93 716 2469 99 1218 2470 97 717 2471 99 1218 2472 101 719 2473 97 717 2474 101 719 2475 107 1219 2476 105 720 2477 107 1219 2478 109 722 2479 105 720 2480 109 722 2481 115 1220 2482 113 723 2483 115 1220 2484 117 725 2485 113 723 2486 119 1221 2487 121 726 2488 117 725 2489 123 1222 2490 125 728 2491 121 726 2492 127 1223 2493 129 729 2494 125 728 2495 131 1224 2496 133 730 2497 129 729 2498 133 730 2499 139 1225 2500 137 731 2501 137 731 2502 143 1226 2503 141 732 2504 143 1226 2505 145 734 2506 141 732 2507 147 1227 2508 149 735 2509 145 734 2510 149 735 2511 155 1228 2512 153 736 2513 155 1228 2514 157 738 2515 153 736 2516 157 738 2517 163 1229 2518 161 739 2519 163 1229 2520 165 741 2521 161 739 2522 165 741 2523 171 1230 2524 169 742 2525 171 1230 2526 173 743 2527 169 742 2528 173 743 2529 179 1231 2530 177 744 2531 179 1231 2532 181 745 2533 177 744 2534 183 1232 2535 185 746 2536 181 745 2537 187 1233 2538 189 748 2539 185 746 2540 189 748 2541 195 1234 2542 193 749 2543 193 749 2544 199 1235 2545 197 750 2546 199 1235 2547 201 751 2548 197 750 2549 203 1236 2550 205 752 2551 201 751 2552 207 1237 2553 209 753 2554 205 752 2555 211 1238 2556 213 755 2557 209 753 2558 215 1239 2559 217 756 2560 213 755 2561 219 1240 2562 221 757 2563 217 756 2564 221 757 2565 227 1241 2566 225 758 2567 225 758 2568 231 1242 2569 229 759 2570 231 1242 2571 233 761 2572 229 759 2573 233 761 2574 239 1243 2575 237 762 2576 239 1243 2577 241 764 2578 237 762 2579 241 764 2580 247 1244 2581 245 765 2582 247 1244 2583 249 767 2584 245 765 2585 251 1245 2586 253 768 2587 249 767 2588 255 1246 2589 257 769 2590 253 768 2591 259 1247 2592 261 771 2593 257 769 2594 263 1248 2595 265 772 2596 261 771 2597 265 772 2598 271 1249 2599 269 773 2600 269 773 2601 275 1250 2602 273 774 2603 273 774 2604 279 1251 2605 277 775 2606 279 1251 2607 281 777 2608 277 775 2609 281 777 2610 287 1252 2611 285 778 2612 287 1252 2613 289 780 2614 285 778 2615 289 780 2616 295 1253 2617 293 781 2618 293 781 2619 299 1254 2620 297 782 2621 299 1254 2622 301 784 2623 297 782 2624 301 784 2625 307 1255 2626 305 785 2627 305 785 2628 311 1256 2629 309 786 2630 311 1256 2631 313 787 2632 309 786 2633 315 1257 2634 317 789 2635 313 787 2636 319 1258 2637 321 790 2638 317 789 2639 323 1259 2640 325 791 2641 321 790 2642 327 1260 2643 329 792 2644 325 791 2645 329 792 2646 335 1261 2647 333 793 2648 335 1261 2649 337 795 2650 333 793 2651 337 795 2652 343 1262 2653 341 796 2654 343 1262 2655 345 798 2656 341 796 2657 345 798 2658 351 1263 2659 349 799 2660 351 1263 2661 353 801 2662 349 799 2663 353 801 2664 359 1264 2665 357 802 2666 357 802 2667 363 1265 2668 361 803 2669 361 803 2670 367 1266 2671 365 804 2672 367 1266 2673 369 805 2674 365 804 2675 371 1267 2676 373 807 2677 369 805 2678 373 807 2679 379 1268 2680 377 808 2681 379 1268 2682 381 809 2683 377 808 2684 381 809 2685 387 1269 2686 385 810 2687 387 1269 2688 389 812 2689 385 810 2690 389 812 2691 395 1270 2692 393 813 2693 395 1270 2694 397 814 2695 393 813 2696 399 1271 2697 401 815 2698 397 814 2699 403 1272 2700 405 816 2701 401 815 2702 407 1273 2703 409 817 2704 405 816 2705 411 1274 2706 413 818 2707 409 817 2708 415 1275 2709 417 820 2710 413 818 2711 419 1276 2712 421 821 2713 417 820 2714 421 821 2715 427 1277 2716 425 822 2717 425 822 2718 431 1278 2719 429 823 2720 431 1278 2721 433 825 2722 429 823 2723 433 825 2724 439 1279 2725 437 826 2726 439 1279 2727 441 828 2728 437 826 2729 441 828 2730 447 1280 2731 445 829 2732 447 1280 2733 449 831 2734 445 829 2735 449 831 2736 455 1281 2737 453 832 2738 455 1281 2739 457 834 2740 453 832 2741 457 834 2742 463 1282 2743 461 835 2744 461 835 2745 467 1283 2746 465 836 2747 467 1283 2748 469 838 2749 465 836 2750 469 838 2751 475 1284 2752 473 839 2753 475 1284 2754 477 840 2755 473 839 2756 477 840 2757 483 1285 2758 481 841 2759 483 1285 2760 485 843 2761 481 841 2762 487 1286 2763 489 844 2764 485 843 2765 491 1287 2766 493 845 2767 489 844 2768 495 1288 2769 497 847 2770 493 845 2771 499 1289 2772 501 848 2773 497 847 2774 503 1290 2775 505 849 2776 501 848 2777 505 849 2778 511 1291 2779 509 850 2780 511 1291 2781 513 852 2782 509 850 2783 513 852 2784 519 1292 2785 517 853 2786 519 1292 2787 521 854 2788 517 853 2789 521 854 2790 527 1293 2791 525 855 2792 527 1293 2793 529 857 2794 525 855 2795 529 857 2796 535 1294 2797 533 858 2798 535 1294 2799 537 860 2800 533 858 2801 539 1295 2802 541 861 2803 537 860 2804 543 1296 2805 545 862 2806 541 861 2807 545 862 2808 551 1297 2809 549 863 2810 551 1297 2811 553 865 2812 549 863 2813 553 865 2814 559 1298 2815 557 866 2816 559 1298 2817 561 868 2818 557 866 2819 561 868 2820 567 1299 2821 565 869 2822 567 1299 2823 569 870 2824 565 869 2825 569 870 2826 575 1300 2827 573 871 2828 575 1300 2829 577 873 2830 573 871 2831 579 1301 2832 581 874 2833 577 873 2834 581 874 2835 587 1302 2836 585 875 2837 585 875 2838 591 1303 2839 589 876 2840 591 1303 2841 593 878 2842 589 876 2843 593 878 2844 599 1304 2845 597 879 2846 597 879 2847 603 1305 2848 601 880 2849 603 1305 2850 605 881 2851 601 880 2852 607 1306 2853 609 882 2854 605 881 2855 611 1307 2856 613 884 2857 609 882 2858 613 884 2859 619 1308 2860 617 885 2861 619 1308 2862 621 887 2863 617 885 2864 621 887 2865 627 1309 2866 625 888 2867 625 888 2868 631 1310 2869 629 889 2870 631 1310 2871 633 891 2872 629 889 2873 633 891 2874 639 1311 2875 637 892 2876 639 1311 2877 641 894 2878 637 892 2879 641 894 2880 647 1312 2881 645 895 2882 647 1312 2883 649 897 2884 645 895 2885 651 1313 2886 653 898 2887 649 897 2888 653 898 2889 659 1314 2890 657 899 2891 659 1314 2892 661 901 2893 657 899 2894 661 901 2895 667 1315 2896 665 902 2897 665 902 2898 671 1316 2899 669 903 2900 671 1316 2901 673 905 2902 669 903 2903 673 905 2904 679 1317 2905 677 906 2906 679 1317 2907 681 907 2908 677 906 2909 683 1318 2910 685 909 2911 681 907 2912 685 909 2913 691 1319 2914 689 910 2915 691 1319 2916 693 911 2917 689 910 2918 695 1320 2919 697 912 2920 693 911 2921 699 1321 2922 701 913 2923 697 912 2924 703 1322 2925 705 914 2926 701 913 2927 707 1323 2928 709 916 2929 705 914 2930 711 1324 2931 713 917 2932 709 916 2933 713 917 2934 719 1325 2935 717 918 2936 717 918 2937 723 1326 2938 721 919 2939 723 1326 2940 725 921 2941 721 919 2942 725 921 2943 731 1327 2944 729 922 2945 731 1327 2946 733 924 2947 729 922 2948 735 1328 2949 737 925 2950 733 924 2951 737 925 2952 743 1329 2953 741 926 2954 741 926 2955 747 1330 2956 745 927 2957 747 1330 2958 749 928 2959 745 927 2960 749 928 2961 755 1331 2962 753 929 2963 753 929 2964 759 1332 2965 757 930 2966 759 1332 2967 761 932 2968 757 930 2969 761 932 2970 767 1333 2971 765 933 2972 767 1333 2973 769 935 2974 765 933 2975 769 935 2976 775 1334 2977 773 936 2978 773 936 2979 779 1335 2980 777 937 2981 779 1335 2982 781 938 2983 777 937 2984 781 938 2985 787 1336 2986 785 939 2987 787 1336 2988 789 941 2989 785 939 2990 791 1337 2991 793 942 2992 789 941 2993 793 942 2994 799 1338 2995 797 943 2996 797 943 2997 803 1339 2998 801 944 2999 803 1339 3000 805 945 3001 801 944 3002 807 1340 3003 809 946 3004 805 945 3005 811 1341 3006 813 947 3007 809 946 3008 815 1342 3009 817 948 3010 813 947 3011 819 1343 3012 821 949 3013 817 948 3014 821 949 3015 827 1344 3016 825 950 3017 827 1344 3018 829 952 3019 825 950 3020 829 952 3021 835 1345 3022 833 953 3023 835 1345 3024 837 955 3025 833 953 3026 837 955 3027 843 1346 3028 841 956 3029 843 1346 3030 845 958 3031 841 956 3032 845 958 3033 851 1347 3034 849 959 3035 851 1347 3036 853 961 3037 849 959 3038 855 1348 3039 857 962 3040 853 961 3041 857 962 3042 863 1349 3043 861 963 3044 863 1349 3045 865 965 3046 861 963 3047 865 965 3048 871 1350 3049 869 966 3050 871 1350 3051 873 968 3052 869 966 3053 875 1351 3054 877 969 3055 873 968 3056 877 969 3057 883 1352 3058 881 970 3059 883 1352 3060 885 972 3061 881 970 3062 887 1353 3063 889 973 3064 885 972 3065 889 973 3066 895 1354 3067 893 974 3068 895 1354 3069 897 975 3070 893 974 3071 899 1355 3072 901 977 3073 897 975 3074 903 1356 3075 905 978 3076 901 977 3077 905 978 3078 911 1357 3079 909 979 3080 911 1357 3081 913 981 3082 909 979 3083 915 1358 3084 917 982 3085 913 981 3086 919 1359 3087 921 984 3088 917 982 3089 921 984 3090 927 1360 3091 925 985 3092 927 1360 3093 929 987 3094 925 985 3095 929 987 3096 935 1361 3097 933 988 3098 935 1361 3099 937 989 3100 933 988 3101 937 989 3102 943 1362 3103 941 990 3104 943 1362 3105 945 992 3106 941 990 3107 945 992 3108 951 1363 3109 949 993 3110 951 1363 3111 953 995 3112 949 993 3113 953 995 3114 959 1364 3115 957 996 3116 957 996 3117 963 1365 3118 961 997 3119 961 997 3120 967 1366 3121 965 998 3122 967 1366 3123 969 999 3124 965 998 3125 971 1367 3126 973 1001 3127 969 999 3128 973 1001 3129 979 1368 3130 977 1002 3131 979 1368 3132 981 1003 3133 977 1002 3134 981 1003 3135 987 1369 3136 985 1004 3137 985 1004 3138 991 1370 3139 989 1005 3140 991 1370 3141 993 1007 3142 989 1005 3143 993 1007 3144 999 1371 3145 997 1008 3146 997 1008 3147 1003 1372 3148 1001 1009 3149 1003 1372 3150 1005 1010 3151 1001 1009 3152 1005 1010 3153 1011 1373 3154 1009 1011 3155 1011 1373 3156 1013 1012 3157 1009 1011 3158 1015 1374 3159 1017 1014 3160 1013 1012 3161 1019 1375 3162 1021 1015 3163 1017 1014 3164 1023 1376 3165 1025 1017 3166 1021 1015 3167 1025 1017 3168 1031 1377 3169 1029 1018 3170 1031 1377 3171 1033 1020 3172 1029 1018 3173 1033 1020 3174 1039 1378 3175 1037 1021 3176 1037 1021 3177 1043 1379 3178 1041 1022 3179 1043 1379 3180 1045 1023 3181 1041 1022 3182 1047 1380 3183 1049 1025 3184 1045 1023 3185 1051 1381 3186 1053 1026 3187 1049 1025 3188 1053 1026 3189 1059 1382 3190 1057 1027 3191 1059 1382 3192 1061 1029 3193 1057 1027 3194 1063 1383 3195 1065 1030 3196 1061 1029 3197 1065 1030 3198 1071 1384 3199 1069 1031 3200 1071 1384 3201 1073 1032 3202 1069 1031 3203 1073 1032 3204 1079 1385 3205 1077 1033 3206 1079 1385 3207 1081 1035 3208 1077 1033 3209 1081 1035 3210 1087 1386 3211 1085 1036 3212 1087 1386 3213 1089 1037 3214 1085 1036 3215 1091 1387 3216 1093 1038 3217 1089 1037 3218 1093 1038 3219 1099 1388 3220 1097 1039 3221 1099 1388 3222 1101 1041 3223 1097 1039 3224 1103 1389 3225 1105 1042 3226 1101 1041 3227 1105 1042 3228 1111 1390 3229 1109 1043 3230 1109 1043 3231 1115 1391 3232 1113 1044 3233 1113 1044 3234 1119 1392 3235 1117 1045 3236 1119 1392 3237 1121 1047 3238 1117 1045 3239 1123 1393 3240 1125 1048 3241 1121 1047 3242 1125 1048 3243 1131 1394 3244 1129 1049 3245 1131 1394 3246 1133 1051 3247 1129 1049 3248 1135 1395 3249 1137 1052 3250 1133 1051 3251 1139 1396 3252 1141 1053 3253 1137 1052 3254 1141 1053 3255 1147 1397 3256 1145 1054 3257 1147 1397 3258 1149 1056 3259 1145 1054 3260 1151 1398 3261 1153 1057 3262 1149 1056 3263 1153 1057 3264 1159 1399 3265 1157 1058 3266 1159 1399 3267 1161 1060 3268 1157 1058 3269 1163 1400 3270 1165 1061 3271 1161 1060 3272 1167 1401 3273 1169 1062 3274 1165 1061 3275 1171 1402 3276 1173 1063 3277 1169 1062 3278 1175 1403 3279 1177 1065 3280 1173 1063 3281 1179 1404 3282 1181 1066 3283 1177 1065 3284 1181 1066 3285 1187 1405 3286 1185 1067 3287 1187 1405 3288 1189 1069 3289 1185 1067 3290 1189 1069 3291 1195 1406 3292 1193 1070 3293 1193 1070 3294 1199 1407 3295 1197 1071 3296 1199 1407 3297 1201 1072 3298 1197 1071 3299 1203 1408 3300 1205 1073 3301 1201 1072 3302 1207 1409 3303 1209 1074 3304 1205 1073 3305 1211 1410 3306 1213 1076 3307 1209 1074 3308 1215 1411 3309 1217 1077 3310 1213 1076 3311 1219 1412 3312 1221 1078 3313 1217 1077 3314 1221 1078 3315 1227 1413 3316 1225 1079 3317 1225 1079 3318 1231 1414 3319 1229 1080 3320 1231 1414 3321 1233 1082 3322 1229 1080 3323 1233 1082 3324 1239 1415 3325 1237 1083 3326 1239 1415 3327 1241 1085 3328 1237 1083 3329 1241 1085 3330 1247 1416 3331 1245 1086 3332 1247 1416 3333 1249 1088 3334 1245 1086 3335 1251 1417 3336 1253 1089 3337 1249 1088 3338 1255 1418 3339 1257 1090 3340 1253 1089 3341 1259 1419 3342 1261 1091 3343 1257 1090 3344 1261 1091 3345 1267 1420 3346 1265 1092 3347 1265 1092 3348 1271 1421 3349 1269 1093 3350 1271 1421 3351 1273 1095 3352 1269 1093 3353 1273 1095 3354 1279 1422 3355 1277 1096 3356 1279 1422 3357 1281 1097 3358 1277 1096 3359 1283 1423 3360 1285 1099 3361 1281 1097 3362 1285 1099 3363 1291 1424 3364 1289 1100 3365 1291 1424 3366 1293 1101 3367 1289 1100 3368 1295 1425 3369 1297 1102 3370 1293 1101 3371 1299 1426 3372 1301 1103 3373 1297 1102 3374 1303 1427 3375 1305 1104 3376 1301 1103 3377 1307 1428 3378 1309 1105 3379 1305 1104 3380 1311 1429 3381 1313 1107 3382 1309 1105 3383 1313 1107 3384 1319 1430 3385 1317 1108 3386 1317 1108 3387 1323 1431 3388 1321 1109 3389 1323 1431 3390 1325 1111 3391 1321 1109 3392 1325 1111 3393 1331 1432 3394 1329 1112 3395 1331 1432 3396 1333 1114 3397 1329 1112 3398 1335 1433 3399 1337 1115 3400 1333 1114 3401 1337 1115 3402 1343 1434 3403 1341 1116 3404 1343 1434 3405 1345 1118 3406 1341 1116 3407 1347 1435 3408 1349 1119 3409 1345 1118 3410 1351 1436 3411 1353 1120 3412 1349 1119 3413 1353 1120 3414 1359 1437 3415 1357 1121 3416 1359 1437 3417 1361 1123 3418 1357 1121 3419 1361 1123 3420 1367 1438 3421 1365 1124 3422 1367 1438 3423 1369 1126 3424 1365 1124 3425 1369 1126 3426 1375 1439 3427 1373 1127 3428 1375 1439 3429 1377 1129 3430 1373 1127 3431 1379 1440 3432 1381 1130 3433 1377 1129 3434 1381 1130 3435 1387 1441 3436 1385 1131 3437 1385 1131 3438 1391 1442 3439 1389 1132 3440 1391 1442 3441 1393 1133 3442 1389 1132 3443 1395 1443 3444 1397 1135 3445 1393 1133 3446 1397 1135 3447 1403 1444 3448 1401 1136 3449 1401 1136 3450 1407 1445 3451 1405 1137 3452 1407 1445 3453 1409 1139 3454 1405 1137 3455 1409 1139 3456 1415 1446 3457 1413 1140 3458 1415 1446 3459 1417 1141 3460 1413 1140 3461 1417 1141 3462 1423 1447 3463 1421 1142 3464 1421 1142 3465 1427 1448 3466 1425 1143 3467 1427 1448 3468 1429 1145 3469 1425 1143 3470 1429 1145 3471 1435 1449 3472 1433 1146 3473 1435 1449 3474 1437 1148 3475 1433 1146 3476 1439 1450 3477 1441 1149 3478 1437 1148 3479 1441 1149 3480 1447 1451 3481 1445 1150 3482 1445 1150 3483 1451 1452 3484 1449 1151 3485 1451 1452 3486 1453 1153 3487 1449 1151 3488 1455 1453 3489 1457 1154 3490 1453 1153 3491 1457 1154 3492 1463 1454 3493 1461 1155 3494 1463 1454 3495 1465 1157 3496 1461 1155 3497 1465 1157 3498 1471 1455 3499 1469 1158 3500 1469 1158 3501 1475 1456 3502 1473 1159 3503 1475 1456 3504 1477 1161 3505 1473 1159 3506 1479 1457 3507 1481 1162 3508 1477 1161 3509 1481 1162 3510 1487 1458 3511 1485 1163 3512 1487 1458 3513 1489 1165 3514 1485 1163 3515 1491 1459 3516 1493 1166 3517 1489 1165 3518 1493 1166 3519 1499 1460 3520 1497 1167 3521 1499 1460 3522 1501 1169 3523 1497 1167 3524 1501 1169 3525 1507 1461 3526 1505 1170 3527 1507 1461 3528 1509 1171 3529 1505 1170 3530 1509 1171 3531 1515 1462 3532 1513 1172 3533 1515 1462 3534 1517 1174 3535 1513 1172 3536 1517 1174 3537 1523 1463 3538 1521 1175 3539 1521 1175 3540 1527 1464 3541 1525 1176 3542 1525 1176 3543 1531 1465 3544 1529 1177 3545 1531 1465 3546 1533 1179 3547 1529 1177 3548 1533 1179 3549 1539 1466 3550 1537 1180 3551 1537 1180 3552 1543 1467 3553 1541 1181 3554 1543 1467 3555 1545 1183 3556 1541 1181 3557 1545 1183 3558 1551 1468 3559 1549 1184 3560 1551 1468 3561 1553 1186 3562 1549 1184 3563 1553 1186 3564 1559 1469 3565 1557 1187 3566 1557 1187 3567 1563 1470 3568 1561 1188 3569 1561 1188 3570 1567 1471 3571 1565 1189 3572 1567 1471 3573 1569 1190 3574 1565 1189 3575 1571 1472 3576 1573 1192 3577 1569 1190 3578 1573 1192 3579 1579 1473 3580 1577 1193 3581 1579 1473 3582 1581 1194 3583 1577 1193 3584 1581 1194 3585 1587 1474 3586 1585 1195 3587 1585 1195 3588 1591 1475 3589 1589 1196 3590 1591 1475 3591 1593 1198 3592 1589 1196 3593 1593 1198 3594 1599 1476 3595 1597 1199 3596 1597 1199 3597 1603 1477 3598 1601 1200 3599 2 2 3600 7 1204 3601 3 1202 3602 6 1 3603 11 1205 3604 7 1204 3605 10 4 3606 15 1478 3607 11 1205 3608 14 6 3609 19 1206 3610 15 1478 3611 18 7 3612 23 1207 3613 19 1206 3614 22 9 3615 27 1479 3616 23 1207 3617 26 11 3618 31 1208 3619 27 1479 3620 30 12 3621 35 1209 3622 31 1208 3623 34 14 3624 39 1480 3625 35 1209 3626 38 16 3627 43 1210 3628 39 1480 3629 42 17 3630 47 1481 3631 43 1210 3632 46 19 3633 51 1211 3634 47 1481 3635 50 20 3636 55 1482 3637 51 1211 3638 54 22 3639 59 1212 3640 55 1482 3641 58 23 3642 63 1213 3643 59 1212 3644 62 25 3645 67 1483 3646 63 1213 3647 66 27 3648 71 1214 3649 67 1483 3650 70 28 3651 75 1215 3652 71 1214 3653 74 30 3654 79 1484 3655 75 1215 3656 78 32 3657 83 1216 3658 79 1484 3659 82 33 3660 87 1485 3661 83 1216 3662 86 35 3663 91 1217 3664 87 1485 3665 90 36 3666 95 1486 3667 91 1217 3668 94 38 3669 99 1218 3670 95 1486 3671 98 39 3672 103 1487 3673 99 1218 3674 102 41 3675 107 1219 3676 103 1487 3677 106 42 3678 111 1488 3679 107 1219 3680 110 44 3681 115 1220 3682 111 1488 3683 114 45 3684 119 1221 3685 115 1220 3686 118 47 3687 123 1222 3688 119 1221 3689 122 48 3690 127 1223 3691 123 1222 3692 126 50 3693 131 1224 3694 127 1223 3695 130 52 3696 135 1489 3697 131 1224 3698 134 54 3699 139 1225 3700 135 1489 3701 138 55 3702 143 1226 3703 139 1225 3704 142 57 3705 147 1227 3706 143 1226 3707 146 59 3708 151 1490 3709 147 1227 3710 150 61 3711 155 1228 3712 151 1490 3713 154 62 3714 159 1491 3715 155 1228 3716 158 64 3717 163 1229 3718 159 1491 3719 162 65 3720 167 1492 3721 163 1229 3722 166 67 3723 171 1230 3724 167 1492 3725 170 68 3726 175 1493 3727 171 1230 3728 174 70 3729 179 1231 3730 175 1493 3731 178 72 3732 183 1232 3733 179 1231 3734 182 74 3735 187 1233 3736 183 1232 3737 186 76 3738 191 1494 3739 187 1233 3740 190 78 3741 195 1234 3742 191 1494 3743 194 79 3744 199 1235 3745 195 1234 3746 198 81 3747 203 1236 3748 199 1235 3749 202 83 3750 207 1237 3751 203 1236 3752 206 85 3753 211 1238 3754 207 1237 3755 210 87 3756 215 1239 3757 211 1238 3758 214 89 3759 219 1240 3760 215 1239 3761 218 91 3762 223 1495 3763 219 1240 3764 222 93 3765 227 1241 3766 223 1495 3767 226 94 3768 231 1242 3769 227 1241 3770 230 96 3771 235 1496 3772 231 1242 3773 234 98 3774 239 1243 3775 235 1496 3776 238 99 3777 243 1497 3778 239 1243 3779 242 101 3780 247 1244 3781 243 1497 3782 246 102 3783 251 1245 3784 247 1244 3785 250 104 3786 255 1246 3787 251 1245 3788 254 105 3789 259 1247 3790 255 1246 3791 258 107 3792 263 1248 3793 259 1247 3794 262 109 3795 267 1498 3796 263 1248 3797 266 111 3798 271 1249 3799 267 1498 3800 270 112 3801 275 1250 3802 271 1249 3803 274 114 3804 279 1251 3805 275 1250 3806 278 116 3807 283 1499 3808 279 1251 3809 282 118 3810 287 1252 3811 283 1499 3812 286 119 3813 291 1500 3814 287 1252 3815 290 121 3816 295 1253 3817 291 1500 3818 294 122 3819 299 1254 3820 295 1253 3821 298 124 3822 303 1501 3823 299 1254 3824 302 126 3825 307 1255 3826 303 1501 3827 306 127 3828 311 1256 3829 307 1255 3830 310 129 3831 315 1257 3832 311 1256 3833 314 131 3834 319 1258 3835 315 1257 3836 318 133 3837 323 1259 3838 319 1258 3839 322 135 3840 327 1260 3841 323 1259 3842 326 137 3843 331 1502 3844 327 1260 3845 330 138 3846 335 1261 3847 331 1502 3848 334 140 3849 339 1503 3850 335 1261 3851 338 142 3852 343 1262 3853 339 1503 3854 342 143 3855 347 1504 3856 343 1262 3857 346 145 3858 351 1263 3859 347 1504 3860 350 146 3861 355 1505 3862 351 1263 3863 354 148 3864 359 1264 3865 355 1505 3866 358 149 3867 363 1265 3868 359 1264 3869 362 151 3870 367 1266 3871 363 1265 3872 366 153 3873 371 1267 3874 367 1266 3875 370 155 3876 375 1506 3877 371 1267 3878 374 157 3879 379 1268 3880 375 1506 3881 378 158 3882 383 1507 3883 379 1268 3884 382 160 3885 387 1269 3886 383 1507 3887 386 162 3888 391 1508 3889 387 1269 3890 390 164 3891 395 1270 3892 391 1508 3893 394 165 3894 399 1271 3895 395 1270 3896 398 167 3897 403 1272 3898 399 1271 3899 402 169 3900 407 1273 3901 403 1272 3902 406 171 3903 411 1274 3904 407 1273 3905 410 173 3906 415 1275 3907 411 1274 3908 414 175 3909 419 1276 3910 415 1275 3911 418 177 3912 423 1509 3913 419 1276 3914 422 178 3915 427 1277 3916 423 1509 3917 426 180 3918 431 1278 3919 427 1277 3920 430 182 3921 435 1510 3922 431 1278 3923 434 184 3924 439 1279 3925 435 1510 3926 438 185 3927 443 1511 3928 439 1279 3929 442 187 3930 447 1280 3931 443 1511 3932 446 188 3933 451 1512 3934 447 1280 3935 450 190 3936 455 1281 3937 451 1512 3938 454 191 3939 459 1513 3940 455 1281 3941 458 193 3942 463 1282 3943 459 1513 3944 462 194 3945 467 1283 3946 463 1282 3947 466 196 3948 471 1514 3949 467 1283 3950 470 198 3951 475 1284 3952 471 1514 3953 474 199 3954 479 1515 3955 475 1284 3956 478 201 3957 483 1285 3958 479 1515 3959 482 203 3960 487 1286 3961 483 1285 3962 486 205 3963 491 1287 3964 487 1286 3965 490 206 3966 495 1288 3967 491 1287 3968 494 208 3969 499 1289 3970 495 1288 3971 498 210 3972 503 1290 3973 499 1289 3974 502 212 3975 507 1516 3976 503 1290 3977 506 214 3978 511 1291 3979 507 1516 3980 510 215 3981 515 1517 3982 511 1291 3983 514 217 3984 519 1292 3985 515 1517 3986 518 218 3987 523 1518 3988 519 1292 3989 522 220 3990 527 1293 3991 523 1518 3992 526 222 3993 531 1519 3994 527 1293 3995 530 224 3996 535 1294 3997 531 1519 3998 534 225 3999 539 1295 4000 535 1294 4001 538 227 4002 543 1296 4003 539 1295 4004 542 229 4005 547 1520 4006 543 1296 4007 546 230 4008 551 1297 4009 547 1520 4010 550 232 4011 555 1521 4012 551 1297 4013 554 234 4014 559 1298 4015 555 1521 4016 558 235 4017 563 1522 4018 559 1298 4019 562 237 4020 567 1299 4021 563 1522 4022 566 238 4023 571 1523 4024 567 1299 4025 570 240 4026 575 1300 4027 571 1523 4028 574 242 4029 579 1301 4030 575 1300 4031 578 244 4032 583 1524 4033 579 1301 4034 582 245 4035 587 1302 4036 583 1524 4037 586 247 4038 591 1303 4039 587 1302 4040 590 249 4041 595 1525 4042 591 1303 4043 594 251 4044 599 1304 4045 595 1525 4046 598 252 4047 603 1305 4048 599 1304 4049 602 254 4050 607 1306 4051 603 1305 4052 606 256 4053 611 1307 4054 607 1306 4055 610 258 4056 615 1526 4057 611 1307 4058 614 260 4059 619 1308 4060 615 1526 4061 618 261 4062 623 1527 4063 619 1308 4064 622 263 4065 627 1309 4066 623 1527 4067 626 264 4068 631 1310 4069 627 1309 4070 630 266 4071 635 1528 4072 631 1310 4073 634 268 4074 639 1311 4075 635 1528 4076 638 269 4077 643 1529 4078 639 1311 4079 642 271 4080 647 1312 4081 643 1529 4082 646 272 4083 651 1313 4084 647 1312 4085 650 274 4086 655 1530 4087 651 1313 4088 654 276 4089 659 1314 4090 655 1530 4091 658 277 4092 663 1531 4093 659 1314 4094 662 279 4095 667 1315 4096 663 1531 4097 666 280 4098 671 1316 4099 667 1315 4100 670 282 4101 675 1532 4102 671 1316 4103 674 284 4104 679 1317 4105 675 1532 4106 678 285 4107 683 1318 4108 679 1317 4109 682 287 4110 687 1533 4111 683 1318 4112 686 289 4113 691 1319 4114 687 1533 4115 690 290 4116 695 1320 4117 691 1319 4118 694 292 4119 699 1321 4120 695 1320 4121 698 294 4122 703 1322 4123 699 1321 4124 702 296 4125 707 1323 4126 703 1322 4127 706 298 4128 711 1324 4129 707 1323 4130 710 300 4131 715 1534 4132 711 1324 4133 714 301 4134 719 1325 4135 715 1534 4136 718 303 4137 723 1326 4138 719 1325 4139 722 305 4140 727 1535 4141 723 1326 4142 726 307 4143 731 1327 4144 727 1535 4145 730 308 4146 735 1328 4147 731 1327 4148 734 310 4149 739 1536 4150 735 1328 4151 738 311 4152 743 1329 4153 739 1536 4154 742 313 4155 747 1330 4156 743 1329 4157 746 315 4158 751 1537 4159 747 1330 4160 750 317 4161 755 1331 4162 751 1537 4163 754 319 4164 759 1332 4165 755 1331 4166 758 321 4167 763 1538 4168 759 1332 4169 762 323 4170 767 1333 4171 763 1538 4172 766 324 4173 771 1539 4174 767 1333 4175 770 326 4176 775 1334 4177 771 1539 4178 774 327 4179 779 1335 4180 775 1334 4181 778 329 4182 783 1540 4183 779 1335 4184 782 331 4185 787 1336 4186 783 1540 4187 786 333 4188 791 1337 4189 787 1336 4190 790 335 4191 795 1541 4192 791 1337 4193 794 336 4194 799 1338 4195 795 1541 4196 798 338 4197 803 1339 4198 799 1338 4199 802 340 4200 807 1340 4201 803 1339 4202 806 342 4203 811 1341 4204 807 1340 4205 810 344 4206 815 1342 4207 811 1341 4208 814 346 4209 819 1343 4210 815 1342 4211 818 348 4212 823 1542 4213 819 1343 4214 822 350 4215 827 1344 4216 823 1542 4217 826 352 4218 831 1543 4219 827 1344 4220 830 354 4221 835 1345 4222 831 1543 4223 834 355 4224 839 1544 4225 835 1345 4226 838 357 4227 843 1346 4228 839 1544 4229 842 358 4230 847 1545 4231 843 1346 4232 846 360 4233 851 1347 4234 847 1545 4235 850 361 4236 855 1348 4237 851 1347 4238 854 363 4239 859 1546 4240 855 1348 4241 858 365 4242 863 1349 4243 859 1546 4244 862 366 4245 867 1547 4246 863 1349 4247 866 368 4248 871 1350 4249 867 1547 4250 870 369 4251 875 1351 4252 871 1350 4253 874 371 4254 879 1548 4255 875 1351 4256 878 373 4257 883 1352 4258 879 1548 4259 882 374 4260 887 1353 4261 883 1352 4262 886 376 4263 891 1549 4264 887 1353 4265 890 377 4266 895 1354 4267 891 1549 4268 894 379 4269 899 1355 4270 895 1354 4271 898 381 4272 903 1356 4273 899 1355 4274 902 383 4275 907 1550 4276 903 1356 4277 906 385 4278 911 1357 4279 907 1550 4280 910 386 4281 915 1358 4282 911 1357 4283 914 388 4284 919 1359 4285 915 1358 4286 918 389 4287 923 1551 4288 919 1359 4289 922 391 4290 927 1360 4291 923 1551 4292 926 392 4293 931 1552 4294 927 1360 4295 930 394 4296 935 1361 4297 931 1552 4298 934 395 4299 939 1553 4300 935 1361 4301 938 397 4302 943 1362 4303 939 1553 4304 942 399 4305 947 1554 4306 943 1362 4307 946 401 4308 951 1363 4309 947 1554 4310 950 402 4311 955 1555 4312 951 1363 4313 954 404 4314 959 1364 4315 955 1555 4316 958 405 4317 963 1365 4318 959 1364 4319 962 407 4320 967 1366 4321 963 1365 4322 966 409 4323 971 1367 4324 967 1366 4325 970 411 4326 975 1556 4327 971 1367 4328 974 413 4329 979 1368 4330 975 1556 4331 978 414 4332 983 1557 4333 979 1368 4334 982 416 4335 987 1369 4336 983 1557 4337 986 418 4338 991 1370 4339 987 1369 4340 990 420 4341 995 1558 4342 991 1370 4343 994 422 4344 999 1371 4345 995 1558 4346 998 423 4347 1003 1372 4348 999 1371 4349 1002 425 4350 1007 1559 4351 1003 1372 4352 1006 427 4353 1011 1373 4354 1007 1559 4355 1010 429 4356 1015 1374 4357 1011 1373 4358 1014 431 4359 1019 1375 4360 1015 1374 4361 1018 433 4362 1023 1376 4363 1019 1375 4364 1022 434 4365 1027 1560 4366 1023 1376 4367 1026 436 4368 1031 1377 4369 1027 1560 4370 1030 437 4371 1035 1561 4372 1031 1377 4373 1034 439 4374 1039 1378 4375 1035 1561 4376 1038 440 4377 1043 1379 4378 1039 1378 4379 1042 442 4380 1047 1380 4381 1043 1379 4382 1046 444 4383 1051 1381 4384 1047 1380 4385 1050 446 4386 1055 1562 4387 1051 1381 4388 1054 448 4389 1059 1382 4390 1055 1562 4391 1058 449 4392 1063 1383 4393 1059 1382 4394 1062 451 4395 1067 1563 4396 1063 1383 4397 1066 453 4398 1071 1384 4399 1067 1563 4400 1070 454 4401 1075 1564 4402 1071 1384 4403 1074 456 4404 1079 1385 4405 1075 1564 4406 1078 458 4407 1083 1565 4408 1079 1385 4409 1082 460 4410 1087 1386 4411 1083 1565 4412 1086 461 4413 1091 1387 4414 1087 1386 4415 1090 463 4416 1095 1566 4417 1091 1387 4418 1094 465 4419 1099 1388 4420 1095 1566 4421 1098 467 4422 1103 1389 4423 1099 1388 4424 1102 469 4425 1107 1567 4426 1103 1389 4427 1106 471 4428 1111 1390 4429 1107 1567 4430 1110 472 4431 1115 1391 4432 1111 1390 4433 1114 474 4434 1119 1392 4435 1115 1391 4436 1118 476 4437 1123 1393 4438 1119 1392 4439 1122 478 4440 1127 1568 4441 1123 1393 4442 1126 480 4443 1131 1394 4444 1127 1568 4445 1130 481 4446 1135 1395 4447 1131 1394 4448 1134 483 4449 1139 1396 4450 1135 1395 4451 1138 485 4452 1143 1569 4453 1139 1396 4454 1142 487 4455 1147 1397 4456 1143 1569 4457 1146 488 4458 1151 1398 4459 1147 1397 4460 1150 490 4461 1155 1570 4462 1151 1398 4463 1154 492 4464 1159 1399 4465 1155 1570 4466 1158 493 4467 1163 1400 4468 1159 1399 4469 1162 495 4470 1167 1401 4471 1163 1400 4472 1166 496 4473 1171 1402 4474 1167 1401 4475 1170 498 4476 1175 1403 4477 1171 1402 4478 1174 500 4479 1179 1404 4480 1175 1403 4481 1178 502 4482 1183 1571 4483 1179 1404 4484 1182 503 4485 1187 1405 4486 1183 1571 4487 1186 505 4488 1191 1572 4489 1187 1405 4490 1190 507 4491 1195 1406 4492 1191 1572 4493 1194 508 4494 1199 1407 4495 1195 1406 4496 1198 510 4497 1203 1408 4498 1199 1407 4499 1202 512 4500 1207 1409 4501 1203 1408 4502 1206 514 4503 1211 1410 4504 1207 1409 4505 1210 516 4506 1215 1411 4507 1211 1410 4508 1214 518 4509 1219 1412 4510 1215 1411 4511 1218 520 4512 1223 1573 4513 1219 1412 4514 1222 522 4515 1227 1413 4516 1223 1573 4517 1226 523 4518 1231 1414 4519 1227 1413 4520 1230 525 4521 1235 1574 4522 1231 1414 4523 1234 527 4524 1239 1415 4525 1235 1574 4526 1238 528 4527 1243 1575 4528 1239 1415 4529 1242 530 4530 1247 1416 4531 1243 1575 4532 1246 531 4533 1251 1417 4534 1247 1416 4535 1250 533 4536 1255 1418 4537 1251 1417 4538 1254 535 4539 1259 1419 4540 1255 1418 4541 1258 537 4542 1263 1576 4543 1259 1419 4544 1262 538 4545 1267 1420 4546 1263 1576 4547 1266 540 4548 1271 1421 4549 1267 1420 4550 1270 542 4551 1275 1577 4552 1271 1421 4553 1274 544 4554 1279 1422 4555 1275 1577 4556 1278 545 4557 1283 1423 4558 1279 1422 4559 1282 547 4560 1287 1578 4561 1283 1423 4562 1286 549 4563 1291 1424 4564 1287 1578 4565 1290 550 4566 1295 1425 4567 1291 1424 4568 1294 552 4569 1299 1426 4570 1295 1425 4571 1298 554 4572 1303 1427 4573 1299 1426 4574 1302 556 4575 1307 1428 4576 1303 1427 4577 1306 558 4578 1311 1429 4579 1307 1428 4580 1310 560 4581 1315 1579 4582 1311 1429 4583 1314 562 4584 1319 1430 4585 1315 1579 4586 1318 563 4587 1323 1431 4588 1319 1430 4589 1322 565 4590 1327 1580 4591 1323 1431 4592 1326 567 4593 1331 1432 4594 1327 1580 4595 1330 568 4596 1335 1433 4597 1331 1432 4598 1334 570 4599 1339 1581 4600 1335 1433 4601 1338 572 4602 1343 1434 4603 1339 1581 4604 1342 573 4605 1347 1435 4606 1343 1434 4607 1346 575 4608 1351 1436 4609 1347 1435 4610 1350 576 4611 1355 1582 4612 1351 1436 4613 1354 578 4614 1359 1437 4615 1355 1582 4616 1358 580 4617 1363 1583 4618 1359 1437 4619 1362 582 4620 1367 1438 4621 1363 1583 4622 1366 583 4623 1371 1584 4624 1367 1438 4625 1370 585 4626 1375 1439 4627 1371 1584 4628 1374 586 4629 1379 1440 4630 1375 1439 4631 1378 588 4632 1383 1585 4633 1379 1440 4634 1382 589 4635 1387 1441 4636 1383 1585 4637 1386 591 4638 1391 1442 4639 1387 1441 4640 1390 593 4641 1395 1443 4642 1391 1442 4643 1394 595 4644 1399 1586 4645 1395 1443 4646 1398 597 4647 1403 1444 4648 1399 1586 4649 1402 598 4650 1407 1445 4651 1403 1444 4652 1406 600 4653 1411 1587 4654 1407 1445 4655 1410 602 4656 1415 1446 4657 1411 1587 4658 1414 603 4659 1419 1588 4660 1415 1446 4661 1418 605 4662 1423 1447 4663 1419 1588 4664 1422 607 4665 1427 1448 4666 1423 1447 4667 1426 609 4668 1431 1589 4669 1427 1448 4670 1430 611 4671 1435 1449 4672 1431 1589 4673 1434 612 4674 1439 1450 4675 1435 1449 4676 1438 614 4677 1443 1590 4678 1439 1450 4679 1442 616 4680 1447 1451 4681 1443 1590 4682 1446 617 4683 1451 1452 4684 1447 1451 4685 1450 619 4686 1455 1453 4687 1451 1452 4688 1454 621 4689 1459 1591 4690 1455 1453 4691 1458 623 4692 1463 1454 4693 1459 1591 4694 1462 624 4695 1467 1592 4696 1463 1454 4697 1466 626 4698 1471 1455 4699 1467 1592 4700 1470 627 4701 1475 1456 4702 1471 1455 4703 1474 629 4704 1479 1457 4705 1475 1456 4706 1478 631 4707 1483 1593 4708 1479 1457 4709 1482 633 4710 1487 1458 4711 1483 1593 4712 1486 634 4713 1491 1459 4714 1487 1458 4715 1490 636 4716 1495 1594 4717 1491 1459 4718 1494 637 4719 1499 1460 4720 1495 1594 4721 1498 639 4722 1503 1595 4723 1499 1460 4724 1502 641 4725 1507 1461 4726 1503 1595 4727 1506 642 4728 1511 1596 4729 1507 1461 4730 1510 644 4731 1515 1462 4732 1511 1596 4733 1514 646 4734 1519 1597 4735 1515 1462 4736 1518 648 4737 1523 1463 4738 1519 1597 4739 1522 649 4740 1527 1464 4741 1523 1463 4742 1526 651 4743 1531 1465 4744 1527 1464 4745 1530 653 4746 1535 1598 4747 1531 1465 4748 1534 655 4749 1539 1466 4750 1535 1598 4751 1538 656 4752 1543 1467 4753 1539 1466 4754 1542 658 4755 1547 1599 4756 1543 1467 4757 1546 660 4758 1551 1468 4759 1547 1599 4760 1550 661 4761 1555 1600 4762 1551 1468 4763 1554 663 4764 1559 1469 4765 1555 1600 4766 1558 664 4767 1563 1470 4768 1559 1469 4769 1562 666 4770 1567 1471 4771 1563 1470 4772 1566 668 4773 1571 1472 4774 1567 1471 4775 1570 670 4776 1575 1601 4777 1571 1472 4778 1574 672 4779 1579 1473 4780 1575 1601 4781 1578 673 4782 1583 1602 4783 1579 1473 4784 1582 675 4785 1587 1474 4786 1583 1602 4787 1586 677 4788 1591 1475 4789 1587 1474 4790 1590 679 4791 1595 1603 4792 1591 1475 4793 1594 681 4794 1599 1476 4795 1595 1603 4796 1598 682 4797 1603 1477 4798 1599 1476 4799 1600 1201 4800 1603 1477 4801 1602 684 4802 3 1202 4803 0 0 4804 2 2 4805 0 0 4806 4 3 4807 6 1 4808 4 3 4809 8 687 4810 10 4 4811 10 4 4812 8 687 4813 12 5 4814 12 5 4815 16 8 4816 18 7 4817 16 8 4818 20 691 4819 22 9 4820 22 9 4821 20 691 4822 24 10 4823 24 10 4824 28 13 4825 30 12 4826 28 13 4827 32 695 4828 34 14 4829 34 14 4830 32 695 4831 36 15 4832 36 15 4833 40 698 4834 42 17 4835 42 17 4836 40 698 4837 44 18 4838 44 18 4839 48 701 4840 50 20 4841 50 20 4842 48 701 4843 52 21 4844 52 21 4845 56 704 4846 58 23 4847 58 23 4848 56 704 4849 60 24 4850 62 25 4851 60 24 4852 64 26 4853 64 26 4854 68 29 4855 70 28 4856 68 29 4857 72 709 4858 74 30 4859 74 30 4860 72 709 4861 76 31 4862 76 31 4863 80 712 4864 82 33 4865 82 33 4866 80 712 4867 84 34 4868 84 34 4869 88 715 4870 90 36 4871 90 36 4872 88 715 4873 92 37 4874 92 37 4875 96 718 4876 98 39 4877 98 39 4878 96 718 4879 100 40 4880 100 40 4881 104 721 4882 106 42 4883 106 42 4884 104 721 4885 108 43 4886 108 43 4887 112 724 4888 114 45 4889 114 45 4890 112 724 4891 116 46 4892 116 46 4893 120 727 4894 122 48 4895 122 48 4896 120 727 4897 124 49 4898 126 50 4899 124 49 4900 128 51 4901 130 52 4902 128 51 4903 132 53 4904 132 53 4905 136 56 4906 138 55 4907 136 56 4908 140 733 4909 142 57 4910 142 57 4911 140 733 4912 144 58 4913 146 59 4914 144 58 4915 148 60 4916 148 60 4917 152 737 4918 154 62 4919 154 62 4920 152 737 4921 156 63 4922 156 63 4923 160 740 4924 162 65 4925 162 65 4926 160 740 4927 164 66 4928 164 66 4929 168 69 4930 170 68 4931 168 69 4932 172 71 4933 174 70 4934 172 71 4935 176 73 4936 178 72 4937 176 73 4938 180 75 4939 182 74 4940 180 75 4941 184 747 4942 186 76 4943 186 76 4944 184 747 4945 188 77 4946 188 77 4947 192 80 4948 194 79 4949 192 80 4950 196 82 4951 198 81 4952 196 82 4953 200 84 4954 202 83 4955 200 84 4956 204 86 4957 206 85 4958 204 86 4959 208 754 4960 210 87 4961 210 87 4962 208 754 4963 212 88 4964 214 89 4965 212 88 4966 216 90 4967 218 91 4968 216 90 4969 220 92 4970 220 92 4971 224 95 4972 226 94 4973 224 95 4974 228 760 4975 230 96 4976 230 96 4977 228 760 4978 232 97 4979 232 97 4980 236 763 4981 238 99 4982 238 99 4983 236 763 4984 240 100 4985 240 100 4986 244 766 4987 246 102 4988 246 102 4989 244 766 4990 248 103 4991 248 103 4992 252 106 4993 254 105 4994 252 106 4995 256 770 4996 258 107 4997 258 107 4998 256 770 4999 260 108 5000 262 109 5001 260 108 5002 264 110 5003 264 110 5004 268 113 5005 270 112 5006 268 113 5007 272 115 5008 274 114 5009 272 115 5010 276 776 5011 278 116 5012 278 116 5013 276 776 5014 280 117 5015 280 117 5016 284 779 5017 286 119 5018 286 119 5019 284 779 5020 288 120 5021 288 120 5022 292 123 5023 294 122 5024 292 123 5025 296 783 5026 298 124 5027 298 124 5028 296 783 5029 300 125 5030 300 125 5031 304 128 5032 306 127 5033 304 128 5034 308 130 5035 310 129 5036 308 130 5037 312 788 5038 314 131 5039 314 131 5040 312 788 5041 316 132 5042 318 133 5043 316 132 5044 320 134 5045 322 135 5046 320 134 5047 324 136 5048 324 136 5049 328 139 5050 330 138 5051 328 139 5052 332 794 5053 334 140 5054 334 140 5055 332 794 5056 336 141 5057 336 141 5058 340 797 5059 342 143 5060 342 143 5061 340 797 5062 344 144 5063 344 144 5064 348 800 5065 350 146 5066 350 146 5067 348 800 5068 352 147 5069 352 147 5070 356 150 5071 358 149 5072 356 150 5073 360 152 5074 362 151 5075 360 152 5076 364 154 5077 366 153 5078 364 154 5079 368 806 5080 370 155 5081 370 155 5082 368 806 5083 372 156 5084 372 156 5085 376 159 5086 378 158 5087 376 159 5088 380 161 5089 382 160 5090 380 161 5091 384 811 5092 386 162 5093 386 162 5094 384 811 5095 388 163 5096 388 163 5097 392 166 5098 394 165 5099 392 166 5100 396 168 5101 398 167 5102 396 168 5103 400 170 5104 402 169 5105 400 170 5106 404 172 5107 406 171 5108 404 172 5109 408 174 5110 410 173 5111 408 174 5112 412 819 5113 414 175 5114 414 175 5115 412 819 5116 416 176 5117 416 176 5118 420 179 5119 422 178 5120 420 179 5121 424 181 5122 426 180 5123 424 181 5124 428 824 5125 430 182 5126 430 182 5127 428 824 5128 432 183 5129 432 183 5130 436 827 5131 438 185 5132 438 185 5133 436 827 5134 440 186 5135 440 186 5136 444 830 5137 446 188 5138 446 188 5139 444 830 5140 448 189 5141 448 189 5142 452 833 5143 454 191 5144 454 191 5145 452 833 5146 456 192 5147 456 192 5148 460 195 5149 462 194 5150 460 195 5151 464 837 5152 466 196 5153 466 196 5154 464 837 5155 468 197 5156 468 197 5157 472 200 5158 474 199 5159 472 200 5160 476 202 5161 478 201 5162 476 202 5163 480 842 5164 482 203 5165 482 203 5166 480 842 5167 484 204 5168 484 204 5169 488 207 5170 490 206 5171 488 207 5172 492 846 5173 494 208 5174 494 208 5175 492 846 5176 496 209 5177 498 210 5178 496 209 5179 500 211 5180 502 212 5181 500 211 5182 504 213 5183 504 213 5184 508 851 5185 510 215 5186 510 215 5187 508 851 5188 512 216 5189 512 216 5190 516 219 5191 518 218 5192 516 219 5193 520 221 5194 522 220 5195 520 221 5196 524 856 5197 526 222 5198 526 222 5199 524 856 5200 528 223 5201 528 223 5202 532 859 5203 534 225 5204 534 225 5205 532 859 5206 536 226 5207 538 227 5208 536 226 5209 540 228 5210 540 228 5211 544 231 5212 546 230 5213 544 231 5214 548 864 5215 550 232 5216 550 232 5217 548 864 5218 552 233 5219 552 233 5220 556 867 5221 558 235 5222 558 235 5223 556 867 5224 560 236 5225 560 236 5226 564 239 5227 566 238 5228 564 239 5229 568 241 5230 570 240 5231 568 241 5232 572 872 5233 574 242 5234 574 242 5235 572 872 5236 576 243 5237 576 243 5238 580 246 5239 582 245 5240 580 246 5241 584 248 5242 586 247 5243 584 248 5244 588 877 5245 590 249 5246 590 249 5247 588 877 5248 592 250 5249 592 250 5250 596 253 5251 598 252 5252 596 253 5253 600 255 5254 602 254 5255 600 255 5256 604 257 5257 606 256 5258 604 257 5259 608 883 5260 610 258 5261 610 258 5262 608 883 5263 612 259 5264 612 259 5265 616 886 5266 618 261 5267 618 261 5268 616 886 5269 620 262 5270 620 262 5271 624 265 5272 626 264 5273 624 265 5274 628 890 5275 630 266 5276 630 266 5277 628 890 5278 632 267 5279 632 267 5280 636 893 5281 638 269 5282 638 269 5283 636 893 5284 640 270 5285 640 270 5286 644 896 5287 646 272 5288 646 272 5289 644 896 5290 648 273 5291 650 274 5292 648 273 5293 652 275 5294 652 275 5295 656 900 5296 658 277 5297 658 277 5298 656 900 5299 660 278 5300 660 278 5301 664 281 5302 666 280 5303 664 281 5304 668 904 5305 670 282 5306 670 282 5307 668 904 5308 672 283 5309 672 283 5310 676 286 5311 678 285 5312 676 286 5313 680 908 5314 682 287 5315 682 287 5316 680 908 5317 684 288 5318 684 288 5319 688 291 5320 690 290 5321 688 291 5322 692 293 5323 694 292 5324 692 293 5325 696 295 5326 698 294 5327 696 295 5328 700 297 5329 702 296 5330 700 297 5331 704 915 5332 706 298 5333 706 298 5334 704 915 5335 708 299 5336 708 299 5337 712 302 5338 714 301 5339 712 302 5340 716 304 5341 718 303 5342 716 304 5343 720 920 5344 722 305 5345 722 305 5346 720 920 5347 724 306 5348 724 306 5349 728 923 5350 730 308 5351 730 308 5352 728 923 5353 732 309 5354 732 309 5355 736 312 5356 738 311 5357 736 312 5358 740 314 5359 742 313 5360 740 314 5361 744 316 5362 746 315 5363 744 316 5364 748 318 5365 750 317 5366 748 318 5367 752 320 5368 754 319 5369 752 320 5370 756 931 5371 758 321 5372 758 321 5373 756 931 5374 760 322 5375 760 322 5376 764 934 5377 766 324 5378 766 324 5379 764 934 5380 768 325 5381 768 325 5382 772 328 5383 774 327 5384 772 328 5385 776 330 5386 778 329 5387 776 330 5388 780 332 5389 782 331 5390 780 332 5391 784 940 5392 786 333 5393 786 333 5394 784 940 5395 788 334 5396 788 334 5397 792 337 5398 794 336 5399 792 337 5400 796 339 5401 798 338 5402 796 339 5403 800 341 5404 802 340 5405 800 341 5406 804 343 5407 806 342 5408 804 343 5409 808 345 5410 810 344 5411 808 345 5412 812 347 5413 814 346 5414 812 347 5415 816 349 5416 818 348 5417 816 349 5418 820 351 5419 822 350 5420 820 351 5421 824 951 5422 826 352 5423 826 352 5424 824 951 5425 828 353 5426 828 353 5427 832 954 5428 834 355 5429 834 355 5430 832 954 5431 836 356 5432 836 356 5433 840 957 5434 842 358 5435 842 358 5436 840 957 5437 844 359 5438 844 359 5439 848 960 5440 850 361 5441 850 361 5442 848 960 5443 852 362 5444 854 363 5445 852 362 5446 856 364 5447 856 364 5448 860 964 5449 862 366 5450 862 366 5451 860 964 5452 864 367 5453 864 367 5454 868 967 5455 870 369 5456 870 369 5457 868 967 5458 872 370 5459 874 371 5460 872 370 5461 876 372 5462 876 372 5463 880 971 5464 882 374 5465 882 374 5466 880 971 5467 884 375 5468 884 375 5469 888 378 5470 890 377 5471 888 378 5472 892 380 5473 894 379 5474 892 380 5475 896 976 5476 898 381 5477 898 381 5478 896 976 5479 900 382 5480 902 383 5481 900 382 5482 904 384 5483 904 384 5484 908 980 5485 910 386 5486 910 386 5487 908 980 5488 912 387 5489 912 387 5490 916 983 5491 918 389 5492 918 389 5493 916 983 5494 920 390 5495 920 390 5496 924 986 5497 926 392 5498 926 392 5499 924 986 5500 928 393 5501 928 393 5502 932 396 5503 934 395 5504 932 396 5505 936 398 5506 938 397 5507 936 398 5508 940 991 5509 942 399 5510 942 399 5511 940 991 5512 944 400 5513 944 400 5514 948 994 5515 950 402 5516 950 402 5517 948 994 5518 952 403 5519 952 403 5520 956 406 5521 958 405 5522 956 406 5523 960 408 5524 962 407 5525 960 408 5526 964 410 5527 966 409 5528 964 410 5529 968 1000 5530 970 411 5531 970 411 5532 968 1000 5533 972 412 5534 972 412 5535 976 415 5536 978 414 5537 976 415 5538 980 417 5539 982 416 5540 980 417 5541 984 419 5542 986 418 5543 984 419 5544 988 1006 5545 990 420 5546 990 420 5547 988 1006 5548 992 421 5549 992 421 5550 996 424 5551 998 423 5552 996 424 5553 1000 426 5554 1002 425 5555 1000 426 5556 1004 428 5557 1006 427 5558 1004 428 5559 1008 430 5560 1010 429 5561 1008 430 5562 1012 1013 5563 1014 431 5564 1014 431 5565 1012 1013 5566 1016 432 5567 1016 432 5568 1020 1016 5569 1022 434 5570 1022 434 5571 1020 1016 5572 1024 435 5573 1024 435 5574 1028 1019 5575 1030 437 5576 1030 437 5577 1028 1019 5578 1032 438 5579 1032 438 5580 1036 441 5581 1038 440 5582 1036 441 5583 1040 443 5584 1042 442 5585 1040 443 5586 1044 1024 5587 1046 444 5588 1046 444 5589 1044 1024 5590 1048 445 5591 1050 446 5592 1048 445 5593 1052 447 5594 1052 447 5595 1056 1028 5596 1058 449 5597 1058 449 5598 1056 1028 5599 1060 450 5600 1062 451 5601 1060 450 5602 1064 452 5603 1064 452 5604 1068 455 5605 1070 454 5606 1068 455 5607 1072 457 5608 1074 456 5609 1072 457 5610 1076 1034 5611 1078 458 5612 1078 458 5613 1076 1034 5614 1080 459 5615 1080 459 5616 1084 462 5617 1086 461 5618 1084 462 5619 1088 464 5620 1090 463 5621 1088 464 5622 1092 466 5623 1094 465 5624 1092 466 5625 1096 1040 5626 1098 467 5627 1098 467 5628 1096 1040 5629 1100 468 5630 1102 469 5631 1100 468 5632 1104 470 5633 1104 470 5634 1108 473 5635 1110 472 5636 1108 473 5637 1112 475 5638 1114 474 5639 1112 475 5640 1116 1046 5641 1118 476 5642 1118 476 5643 1116 1046 5644 1120 477 5645 1122 478 5646 1120 477 5647 1124 479 5648 1124 479 5649 1128 1050 5650 1130 481 5651 1130 481 5652 1128 1050 5653 1132 482 5654 1134 483 5655 1132 482 5656 1136 484 5657 1138 485 5658 1136 484 5659 1140 486 5660 1140 486 5661 1144 1055 5662 1146 488 5663 1146 488 5664 1144 1055 5665 1148 489 5666 1150 490 5667 1148 489 5668 1152 491 5669 1152 491 5670 1156 1059 5671 1158 493 5672 1158 493 5673 1156 1059 5674 1160 494 5675 1160 494 5676 1164 497 5677 1166 496 5678 1164 497 5679 1168 499 5680 1170 498 5681 1168 499 5682 1172 1064 5683 1174 500 5684 1174 500 5685 1172 1064 5686 1176 501 5687 1176 501 5688 1180 504 5689 1182 503 5690 1180 504 5691 1184 1068 5692 1186 505 5693 1186 505 5694 1184 1068 5695 1188 506 5696 1188 506 5697 1192 509 5698 1194 508 5699 1192 509 5700 1196 511 5701 1198 510 5702 1196 511 5703 1200 513 5704 1202 512 5705 1200 513 5706 1204 515 5707 1206 514 5708 1204 515 5709 1208 1075 5710 1210 516 5711 1210 516 5712 1208 1075 5713 1212 517 5714 1214 518 5715 1212 517 5716 1216 519 5717 1218 520 5718 1216 519 5719 1220 521 5720 1220 521 5721 1224 524 5722 1226 523 5723 1224 524 5724 1228 1081 5725 1230 525 5726 1230 525 5727 1228 1081 5728 1232 526 5729 1232 526 5730 1236 1084 5731 1238 528 5732 1238 528 5733 1236 1084 5734 1240 529 5735 1240 529 5736 1244 1087 5737 1246 531 5738 1246 531 5739 1244 1087 5740 1248 532 5741 1250 533 5742 1248 532 5743 1252 534 5744 1254 535 5745 1252 534 5746 1256 536 5747 1256 536 5748 1260 539 5749 1262 538 5750 1260 539 5751 1264 541 5752 1266 540 5753 1264 541 5754 1268 1094 5755 1270 542 5756 1270 542 5757 1268 1094 5758 1272 543 5759 1272 543 5760 1276 546 5761 1278 545 5762 1276 546 5763 1280 1098 5764 1282 547 5765 1282 547 5766 1280 1098 5767 1284 548 5768 1284 548 5769 1288 551 5770 1290 550 5771 1288 551 5772 1292 553 5773 1294 552 5774 1292 553 5775 1296 555 5776 1298 554 5777 1296 555 5778 1300 557 5779 1302 556 5780 1300 557 5781 1304 559 5782 1306 558 5783 1304 559 5784 1308 1106 5785 1310 560 5786 1310 560 5787 1308 1106 5788 1312 561 5789 1312 561 5790 1316 564 5791 1318 563 5792 1316 564 5793 1320 1110 5794 1322 565 5795 1322 565 5796 1320 1110 5797 1324 566 5798 1324 566 5799 1328 1113 5800 1330 568 5801 1330 568 5802 1328 1113 5803 1332 569 5804 1334 570 5805 1332 569 5806 1336 571 5807 1336 571 5808 1340 1117 5809 1342 573 5810 1342 573 5811 1340 1117 5812 1344 574 5813 1344 574 5814 1348 577 5815 1350 576 5816 1348 577 5817 1352 579 5818 1354 578 5819 1352 579 5820 1356 1122 5821 1358 580 5822 1358 580 5823 1356 1122 5824 1360 581 5825 1360 581 5826 1364 1125 5827 1366 583 5828 1366 583 5829 1364 1125 5830 1368 584 5831 1368 584 5832 1372 1128 5833 1374 586 5834 1374 586 5835 1372 1128 5836 1376 587 5837 1376 587 5838 1380 590 5839 1382 589 5840 1380 590 5841 1384 592 5842 1386 591 5843 1384 592 5844 1388 594 5845 1390 593 5846 1388 594 5847 1392 1134 5848 1394 595 5849 1394 595 5850 1392 1134 5851 1396 596 5852 1396 596 5853 1400 599 5854 1402 598 5855 1400 599 5856 1404 1138 5857 1406 600 5858 1406 600 5859 1404 1138 5860 1408 601 5861 1408 601 5862 1412 604 5863 1414 603 5864 1412 604 5865 1416 606 5866 1418 605 5867 1416 606 5868 1420 608 5869 1422 607 5870 1420 608 5871 1424 1144 5872 1426 609 5873 1426 609 5874 1424 1144 5875 1428 610 5876 1428 610 5877 1432 1147 5878 1434 612 5879 1434 612 5880 1432 1147 5881 1436 613 5882 1438 614 5883 1436 613 5884 1440 615 5885 1440 615 5886 1444 618 5887 1446 617 5888 1444 618 5889 1448 1152 5890 1450 619 5891 1450 619 5892 1448 1152 5893 1452 620 5894 1454 621 5895 1452 620 5896 1456 622 5897 1456 622 5898 1460 1156 5899 1462 624 5900 1462 624 5901 1460 1156 5902 1464 625 5903 1464 625 5904 1468 628 5905 1470 627 5906 1468 628 5907 1472 1160 5908 1474 629 5909 1474 629 5910 1472 1160 5911 1476 630 5912 1478 631 5913 1476 630 5914 1480 632 5915 1480 632 5916 1484 1164 5917 1486 634 5918 1486 634 5919 1484 1164 5920 1488 635 5921 1488 635 5922 1492 638 5923 1494 637 5924 1492 638 5925 1496 1168 5926 1498 639 5927 1498 639 5928 1496 1168 5929 1500 640 5930 1500 640 5931 1504 643 5932 1506 642 5933 1504 643 5934 1508 645 5935 1510 644 5936 1508 645 5937 1512 1173 5938 1514 646 5939 1514 646 5940 1512 1173 5941 1516 647 5942 1516 647 5943 1520 650 5944 1522 649 5945 1520 650 5946 1524 652 5947 1526 651 5948 1524 652 5949 1528 1178 5950 1530 653 5951 1530 653 5952 1528 1178 5953 1532 654 5954 1532 654 5955 1536 657 5956 1538 656 5957 1536 657 5958 1540 1182 5959 1542 658 5960 1542 658 5961 1540 1182 5962 1544 659 5963 1544 659 5964 1548 1185 5965 1550 661 5966 1550 661 5967 1548 1185 5968 1552 662 5969 1552 662 5970 1556 665 5971 1558 664 5972 1556 665 5973 1560 667 5974 1562 666 5975 1560 667 5976 1564 669 5977 1566 668 5978 1564 669 5979 1568 1191 5980 1570 670 5981 1570 670 5982 1568 1191 5983 1572 671 5984 1572 671 5985 1576 674 5986 1578 673 5987 1576 674 5988 1580 676 5989 1582 675 5990 1580 676 5991 1584 678 5992 1586 677 5993 1584 678 5994 1588 1197 5995 1590 679 5996 1590 679 5997 1588 1197 5998 1592 680 5999 1592 680 6000 1596 683 6001 1598 682 6002 1596 683 6003 1600 1201 6004 1602 684 6005 0 0 6006 1 1203 6007 5 685 6008 4 3 6009 5 685 6010 9 686 6011 8 687 6012 9 686 6013 13 688 6014 12 5 6015 13 688 6016 17 689 6017 16 8 6018 17 689 6019 21 690 6020 20 691 6021 21 690 6022 25 692 6023 24 10 6024 25 692 6025 29 693 6026 28 13 6027 29 693 6028 33 694 6029 32 695 6030 33 694 6031 37 696 6032 36 15 6033 37 696 6034 41 697 6035 40 698 6036 41 697 6037 45 699 6038 44 18 6039 45 699 6040 49 700 6041 48 701 6042 49 700 6043 53 702 6044 52 21 6045 53 702 6046 57 703 6047 56 704 6048 57 703 6049 61 705 6050 60 24 6051 61 705 6052 65 706 6053 64 26 6054 65 706 6055 69 707 6056 68 29 6057 69 707 6058 73 708 6059 72 709 6060 73 708 6061 77 710 6062 76 31 6063 77 710 6064 81 711 6065 80 712 6066 81 711 6067 85 713 6068 84 34 6069 85 713 6070 89 714 6071 88 715 6072 89 714 6073 93 716 6074 92 37 6075 93 716 6076 97 717 6077 96 718 6078 97 717 6079 101 719 6080 100 40 6081 101 719 6082 105 720 6083 104 721 6084 105 720 6085 109 722 6086 108 43 6087 109 722 6088 113 723 6089 112 724 6090 113 723 6091 117 725 6092 116 46 6093 117 725 6094 121 726 6095 120 727 6096 121 726 6097 125 728 6098 124 49 6099 125 728 6100 129 729 6101 128 51 6102 129 729 6103 133 730 6104 132 53 6105 133 730 6106 137 731 6107 136 56 6108 137 731 6109 141 732 6110 140 733 6111 141 732 6112 145 734 6113 144 58 6114 145 734 6115 149 735 6116 148 60 6117 149 735 6118 153 736 6119 152 737 6120 153 736 6121 157 738 6122 156 63 6123 157 738 6124 161 739 6125 160 740 6126 161 739 6127 165 741 6128 164 66 6129 165 741 6130 169 742 6131 168 69 6132 169 742 6133 173 743 6134 172 71 6135 173 743 6136 177 744 6137 176 73 6138 177 744 6139 181 745 6140 180 75 6141 181 745 6142 185 746 6143 184 747 6144 185 746 6145 189 748 6146 188 77 6147 189 748 6148 193 749 6149 192 80 6150 193 749 6151 197 750 6152 196 82 6153 197 750 6154 201 751 6155 200 84 6156 201 751 6157 205 752 6158 204 86 6159 205 752 6160 209 753 6161 208 754 6162 209 753 6163 213 755 6164 212 88 6165 213 755 6166 217 756 6167 216 90 6168 217 756 6169 221 757 6170 220 92 6171 221 757 6172 225 758 6173 224 95 6174 225 758 6175 229 759 6176 228 760 6177 229 759 6178 233 761 6179 232 97 6180 233 761 6181 237 762 6182 236 763 6183 237 762 6184 241 764 6185 240 100 6186 241 764 6187 245 765 6188 244 766 6189 245 765 6190 249 767 6191 248 103 6192 249 767 6193 253 768 6194 252 106 6195 253 768 6196 257 769 6197 256 770 6198 257 769 6199 261 771 6200 260 108 6201 261 771 6202 265 772 6203 264 110 6204 265 772 6205 269 773 6206 268 113 6207 269 773 6208 273 774 6209 272 115 6210 273 774 6211 277 775 6212 276 776 6213 277 775 6214 281 777 6215 280 117 6216 281 777 6217 285 778 6218 284 779 6219 285 778 6220 289 780 6221 288 120 6222 289 780 6223 293 781 6224 292 123 6225 293 781 6226 297 782 6227 296 783 6228 297 782 6229 301 784 6230 300 125 6231 301 784 6232 305 785 6233 304 128 6234 305 785 6235 309 786 6236 308 130 6237 309 786 6238 313 787 6239 312 788 6240 313 787 6241 317 789 6242 316 132 6243 317 789 6244 321 790 6245 320 134 6246 321 790 6247 325 791 6248 324 136 6249 325 791 6250 329 792 6251 328 139 6252 329 792 6253 333 793 6254 332 794 6255 333 793 6256 337 795 6257 336 141 6258 337 795 6259 341 796 6260 340 797 6261 341 796 6262 345 798 6263 344 144 6264 345 798 6265 349 799 6266 348 800 6267 349 799 6268 353 801 6269 352 147 6270 353 801 6271 357 802 6272 356 150 6273 357 802 6274 361 803 6275 360 152 6276 361 803 6277 365 804 6278 364 154 6279 365 804 6280 369 805 6281 368 806 6282 369 805 6283 373 807 6284 372 156 6285 373 807 6286 377 808 6287 376 159 6288 377 808 6289 381 809 6290 380 161 6291 381 809 6292 385 810 6293 384 811 6294 385 810 6295 389 812 6296 388 163 6297 389 812 6298 393 813 6299 392 166 6300 393 813 6301 397 814 6302 396 168 6303 397 814 6304 401 815 6305 400 170 6306 401 815 6307 405 816 6308 404 172 6309 405 816 6310 409 817 6311 408 174 6312 409 817 6313 413 818 6314 412 819 6315 413 818 6316 417 820 6317 416 176 6318 417 820 6319 421 821 6320 420 179 6321 421 821 6322 425 822 6323 424 181 6324 425 822 6325 429 823 6326 428 824 6327 429 823 6328 433 825 6329 432 183 6330 433 825 6331 437 826 6332 436 827 6333 437 826 6334 441 828 6335 440 186 6336 441 828 6337 445 829 6338 444 830 6339 445 829 6340 449 831 6341 448 189 6342 449 831 6343 453 832 6344 452 833 6345 453 832 6346 457 834 6347 456 192 6348 457 834 6349 461 835 6350 460 195 6351 461 835 6352 465 836 6353 464 837 6354 465 836 6355 469 838 6356 468 197 6357 469 838 6358 473 839 6359 472 200 6360 473 839 6361 477 840 6362 476 202 6363 477 840 6364 481 841 6365 480 842 6366 481 841 6367 485 843 6368 484 204 6369 485 843 6370 489 844 6371 488 207 6372 489 844 6373 493 845 6374 492 846 6375 493 845 6376 497 847 6377 496 209 6378 497 847 6379 501 848 6380 500 211 6381 501 848 6382 505 849 6383 504 213 6384 505 849 6385 509 850 6386 508 851 6387 509 850 6388 513 852 6389 512 216 6390 513 852 6391 517 853 6392 516 219 6393 517 853 6394 521 854 6395 520 221 6396 521 854 6397 525 855 6398 524 856 6399 525 855 6400 529 857 6401 528 223 6402 529 857 6403 533 858 6404 532 859 6405 533 858 6406 537 860 6407 536 226 6408 537 860 6409 541 861 6410 540 228 6411 541 861 6412 545 862 6413 544 231 6414 545 862 6415 549 863 6416 548 864 6417 549 863 6418 553 865 6419 552 233 6420 553 865 6421 557 866 6422 556 867 6423 557 866 6424 561 868 6425 560 236 6426 561 868 6427 565 869 6428 564 239 6429 565 869 6430 569 870 6431 568 241 6432 569 870 6433 573 871 6434 572 872 6435 573 871 6436 577 873 6437 576 243 6438 577 873 6439 581 874 6440 580 246 6441 581 874 6442 585 875 6443 584 248 6444 585 875 6445 589 876 6446 588 877 6447 589 876 6448 593 878 6449 592 250 6450 593 878 6451 597 879 6452 596 253 6453 597 879 6454 601 880 6455 600 255 6456 601 880 6457 605 881 6458 604 257 6459 605 881 6460 609 882 6461 608 883 6462 609 882 6463 613 884 6464 612 259 6465 613 884 6466 617 885 6467 616 886 6468 617 885 6469 621 887 6470 620 262 6471 621 887 6472 625 888 6473 624 265 6474 625 888 6475 629 889 6476 628 890 6477 629 889 6478 633 891 6479 632 267 6480 633 891 6481 637 892 6482 636 893 6483 637 892 6484 641 894 6485 640 270 6486 641 894 6487 645 895 6488 644 896 6489 645 895 6490 649 897 6491 648 273 6492 649 897 6493 653 898 6494 652 275 6495 653 898 6496 657 899 6497 656 900 6498 657 899 6499 661 901 6500 660 278 6501 661 901 6502 665 902 6503 664 281 6504 665 902 6505 669 903 6506 668 904 6507 669 903 6508 673 905 6509 672 283 6510 673 905 6511 677 906 6512 676 286 6513 677 906 6514 681 907 6515 680 908 6516 681 907 6517 685 909 6518 684 288 6519 685 909 6520 689 910 6521 688 291 6522 689 910 6523 693 911 6524 692 293 6525 693 911 6526 697 912 6527 696 295 6528 697 912 6529 701 913 6530 700 297 6531 701 913 6532 705 914 6533 704 915 6534 705 914 6535 709 916 6536 708 299 6537 709 916 6538 713 917 6539 712 302 6540 713 917 6541 717 918 6542 716 304 6543 717 918 6544 721 919 6545 720 920 6546 721 919 6547 725 921 6548 724 306 6549 725 921 6550 729 922 6551 728 923 6552 729 922 6553 733 924 6554 732 309 6555 733 924 6556 737 925 6557 736 312 6558 737 925 6559 741 926 6560 740 314 6561 741 926 6562 745 927 6563 744 316 6564 745 927 6565 749 928 6566 748 318 6567 749 928 6568 753 929 6569 752 320 6570 753 929 6571 757 930 6572 756 931 6573 757 930 6574 761 932 6575 760 322 6576 761 932 6577 765 933 6578 764 934 6579 765 933 6580 769 935 6581 768 325 6582 769 935 6583 773 936 6584 772 328 6585 773 936 6586 777 937 6587 776 330 6588 777 937 6589 781 938 6590 780 332 6591 781 938 6592 785 939 6593 784 940 6594 785 939 6595 789 941 6596 788 334 6597 789 941 6598 793 942 6599 792 337 6600 793 942 6601 797 943 6602 796 339 6603 797 943 6604 801 944 6605 800 341 6606 801 944 6607 805 945 6608 804 343 6609 805 945 6610 809 946 6611 808 345 6612 809 946 6613 813 947 6614 812 347 6615 813 947 6616 817 948 6617 816 349 6618 817 948 6619 821 949 6620 820 351 6621 821 949 6622 825 950 6623 824 951 6624 825 950 6625 829 952 6626 828 353 6627 829 952 6628 833 953 6629 832 954 6630 833 953 6631 837 955 6632 836 356 6633 837 955 6634 841 956 6635 840 957 6636 841 956 6637 845 958 6638 844 359 6639 845 958 6640 849 959 6641 848 960 6642 849 959 6643 853 961 6644 852 362 6645 853 961 6646 857 962 6647 856 364 6648 857 962 6649 861 963 6650 860 964 6651 861 963 6652 865 965 6653 864 367 6654 865 965 6655 869 966 6656 868 967 6657 869 966 6658 873 968 6659 872 370 6660 873 968 6661 877 969 6662 876 372 6663 877 969 6664 881 970 6665 880 971 6666 881 970 6667 885 972 6668 884 375 6669 885 972 6670 889 973 6671 888 378 6672 889 973 6673 893 974 6674 892 380 6675 893 974 6676 897 975 6677 896 976 6678 897 975 6679 901 977 6680 900 382 6681 901 977 6682 905 978 6683 904 384 6684 905 978 6685 909 979 6686 908 980 6687 909 979 6688 913 981 6689 912 387 6690 913 981 6691 917 982 6692 916 983 6693 917 982 6694 921 984 6695 920 390 6696 921 984 6697 925 985 6698 924 986 6699 925 985 6700 929 987 6701 928 393 6702 929 987 6703 933 988 6704 932 396 6705 933 988 6706 937 989 6707 936 398 6708 937 989 6709 941 990 6710 940 991 6711 941 990 6712 945 992 6713 944 400 6714 945 992 6715 949 993 6716 948 994 6717 949 993 6718 953 995 6719 952 403 6720 953 995 6721 957 996 6722 956 406 6723 957 996 6724 961 997 6725 960 408 6726 961 997 6727 965 998 6728 964 410 6729 965 998 6730 969 999 6731 968 1000 6732 969 999 6733 973 1001 6734 972 412 6735 973 1001 6736 977 1002 6737 976 415 6738 977 1002 6739 981 1003 6740 980 417 6741 981 1003 6742 985 1004 6743 984 419 6744 985 1004 6745 989 1005 6746 988 1006 6747 989 1005 6748 993 1007 6749 992 421 6750 993 1007 6751 997 1008 6752 996 424 6753 997 1008 6754 1001 1009 6755 1000 426 6756 1001 1009 6757 1005 1010 6758 1004 428 6759 1005 1010 6760 1009 1011 6761 1008 430 6762 1009 1011 6763 1013 1012 6764 1012 1013 6765 1013 1012 6766 1017 1014 6767 1016 432 6768 1017 1014 6769 1021 1015 6770 1020 1016 6771 1021 1015 6772 1025 1017 6773 1024 435 6774 1025 1017 6775 1029 1018 6776 1028 1019 6777 1029 1018 6778 1033 1020 6779 1032 438 6780 1033 1020 6781 1037 1021 6782 1036 441 6783 1037 1021 6784 1041 1022 6785 1040 443 6786 1041 1022 6787 1045 1023 6788 1044 1024 6789 1045 1023 6790 1049 1025 6791 1048 445 6792 1049 1025 6793 1053 1026 6794 1052 447 6795 1053 1026 6796 1057 1027 6797 1056 1028 6798 1057 1027 6799 1061 1029 6800 1060 450 6801 1061 1029 6802 1065 1030 6803 1064 452 6804 1065 1030 6805 1069 1031 6806 1068 455 6807 1069 1031 6808 1073 1032 6809 1072 457 6810 1073 1032 6811 1077 1033 6812 1076 1034 6813 1077 1033 6814 1081 1035 6815 1080 459 6816 1081 1035 6817 1085 1036 6818 1084 462 6819 1085 1036 6820 1089 1037 6821 1088 464 6822 1089 1037 6823 1093 1038 6824 1092 466 6825 1093 1038 6826 1097 1039 6827 1096 1040 6828 1097 1039 6829 1101 1041 6830 1100 468 6831 1101 1041 6832 1105 1042 6833 1104 470 6834 1105 1042 6835 1109 1043 6836 1108 473 6837 1109 1043 6838 1113 1044 6839 1112 475 6840 1113 1044 6841 1117 1045 6842 1116 1046 6843 1117 1045 6844 1121 1047 6845 1120 477 6846 1121 1047 6847 1125 1048 6848 1124 479 6849 1125 1048 6850 1129 1049 6851 1128 1050 6852 1129 1049 6853 1133 1051 6854 1132 482 6855 1133 1051 6856 1137 1052 6857 1136 484 6858 1137 1052 6859 1141 1053 6860 1140 486 6861 1141 1053 6862 1145 1054 6863 1144 1055 6864 1145 1054 6865 1149 1056 6866 1148 489 6867 1149 1056 6868 1153 1057 6869 1152 491 6870 1153 1057 6871 1157 1058 6872 1156 1059 6873 1157 1058 6874 1161 1060 6875 1160 494 6876 1161 1060 6877 1165 1061 6878 1164 497 6879 1165 1061 6880 1169 1062 6881 1168 499 6882 1169 1062 6883 1173 1063 6884 1172 1064 6885 1173 1063 6886 1177 1065 6887 1176 501 6888 1177 1065 6889 1181 1066 6890 1180 504 6891 1181 1066 6892 1185 1067 6893 1184 1068 6894 1185 1067 6895 1189 1069 6896 1188 506 6897 1189 1069 6898 1193 1070 6899 1192 509 6900 1193 1070 6901 1197 1071 6902 1196 511 6903 1197 1071 6904 1201 1072 6905 1200 513 6906 1201 1072 6907 1205 1073 6908 1204 515 6909 1205 1073 6910 1209 1074 6911 1208 1075 6912 1209 1074 6913 1213 1076 6914 1212 517 6915 1213 1076 6916 1217 1077 6917 1216 519 6918 1217 1077 6919 1221 1078 6920 1220 521 6921 1221 1078 6922 1225 1079 6923 1224 524 6924 1225 1079 6925 1229 1080 6926 1228 1081 6927 1229 1080 6928 1233 1082 6929 1232 526 6930 1233 1082 6931 1237 1083 6932 1236 1084 6933 1237 1083 6934 1241 1085 6935 1240 529 6936 1241 1085 6937 1245 1086 6938 1244 1087 6939 1245 1086 6940 1249 1088 6941 1248 532 6942 1249 1088 6943 1253 1089 6944 1252 534 6945 1253 1089 6946 1257 1090 6947 1256 536 6948 1257 1090 6949 1261 1091 6950 1260 539 6951 1261 1091 6952 1265 1092 6953 1264 541 6954 1265 1092 6955 1269 1093 6956 1268 1094 6957 1269 1093 6958 1273 1095 6959 1272 543 6960 1273 1095 6961 1277 1096 6962 1276 546 6963 1277 1096 6964 1281 1097 6965 1280 1098 6966 1281 1097 6967 1285 1099 6968 1284 548 6969 1285 1099 6970 1289 1100 6971 1288 551 6972 1289 1100 6973 1293 1101 6974 1292 553 6975 1293 1101 6976 1297 1102 6977 1296 555 6978 1297 1102 6979 1301 1103 6980 1300 557 6981 1301 1103 6982 1305 1104 6983 1304 559 6984 1305 1104 6985 1309 1105 6986 1308 1106 6987 1309 1105 6988 1313 1107 6989 1312 561 6990 1313 1107 6991 1317 1108 6992 1316 564 6993 1317 1108 6994 1321 1109 6995 1320 1110 6996 1321 1109 6997 1325 1111 6998 1324 566 6999 1325 1111 7000 1329 1112 7001 1328 1113 7002 1329 1112 7003 1333 1114 7004 1332 569 7005 1333 1114 7006 1337 1115 7007 1336 571 7008 1337 1115 7009 1341 1116 7010 1340 1117 7011 1341 1116 7012 1345 1118 7013 1344 574 7014 1345 1118 7015 1349 1119 7016 1348 577 7017 1349 1119 7018 1353 1120 7019 1352 579 7020 1353 1120 7021 1357 1121 7022 1356 1122 7023 1357 1121 7024 1361 1123 7025 1360 581 7026 1361 1123 7027 1365 1124 7028 1364 1125 7029 1365 1124 7030 1369 1126 7031 1368 584 7032 1369 1126 7033 1373 1127 7034 1372 1128 7035 1373 1127 7036 1377 1129 7037 1376 587 7038 1377 1129 7039 1381 1130 7040 1380 590 7041 1381 1130 7042 1385 1131 7043 1384 592 7044 1385 1131 7045 1389 1132 7046 1388 594 7047 1389 1132 7048 1393 1133 7049 1392 1134 7050 1393 1133 7051 1397 1135 7052 1396 596 7053 1397 1135 7054 1401 1136 7055 1400 599 7056 1401 1136 7057 1405 1137 7058 1404 1138 7059 1405 1137 7060 1409 1139 7061 1408 601 7062 1409 1139 7063 1413 1140 7064 1412 604 7065 1413 1140 7066 1417 1141 7067 1416 606 7068 1417 1141 7069 1421 1142 7070 1420 608 7071 1421 1142 7072 1425 1143 7073 1424 1144 7074 1425 1143 7075 1429 1145 7076 1428 610 7077 1429 1145 7078 1433 1146 7079 1432 1147 7080 1433 1146 7081 1437 1148 7082 1436 613 7083 1437 1148 7084 1441 1149 7085 1440 615 7086 1441 1149 7087 1445 1150 7088 1444 618 7089 1445 1150 7090 1449 1151 7091 1448 1152 7092 1449 1151 7093 1453 1153 7094 1452 620 7095 1453 1153 7096 1457 1154 7097 1456 622 7098 1457 1154 7099 1461 1155 7100 1460 1156 7101 1461 1155 7102 1465 1157 7103 1464 625 7104 1465 1157 7105 1469 1158 7106 1468 628 7107 1469 1158 7108 1473 1159 7109 1472 1160 7110 1473 1159 7111 1477 1161 7112 1476 630 7113 1477 1161 7114 1481 1162 7115 1480 632 7116 1481 1162 7117 1485 1163 7118 1484 1164 7119 1485 1163 7120 1489 1165 7121 1488 635 7122 1489 1165 7123 1493 1166 7124 1492 638 7125 1493 1166 7126 1497 1167 7127 1496 1168 7128 1497 1167 7129 1501 1169 7130 1500 640 7131 1501 1169 7132 1505 1170 7133 1504 643 7134 1505 1170 7135 1509 1171 7136 1508 645 7137 1509 1171 7138 1513 1172 7139 1512 1173 7140 1513 1172 7141 1517 1174 7142 1516 647 7143 1517 1174 7144 1521 1175 7145 1520 650 7146 1521 1175 7147 1525 1176 7148 1524 652 7149 1525 1176 7150 1529 1177 7151 1528 1178 7152 1529 1177 7153 1533 1179 7154 1532 654 7155 1533 1179 7156 1537 1180 7157 1536 657 7158 1537 1180 7159 1541 1181 7160 1540 1182 7161 1541 1181 7162 1545 1183 7163 1544 659 7164 1545 1183 7165 1549 1184 7166 1548 1185 7167 1549 1184 7168 1553 1186 7169 1552 662 7170 1553 1186 7171 1557 1187 7172 1556 665 7173 1557 1187 7174 1561 1188 7175 1560 667 7176 1561 1188 7177 1565 1189 7178 1564 669 7179 1565 1189 7180 1569 1190 7181 1568 1191 7182 1569 1190 7183 1573 1192 7184 1572 671 7185 1573 1192 7186 1577 1193 7187 1576 674 7188 1577 1193 7189 1581 1194 7190 1580 676 7191 1581 1194 7192 1585 1195 7193 1584 678 7194 1585 1195 7195 1589 1196 7196 1588 1197 7197 1589 1196 7198 1593 1198 7199 1592 680 7200 1593 1198 7201 1597 1199 7202 1596 683 7203 1597 1199 7204 1601 1200 7205 3 1202 7206 7 1204 7207 5 685 7208 7 1204 7209 11 1205 7210 9 686 7211 11 1205 7212 15 1478 7213 13 688 7214 13 688 7215 15 1478 7216 19 1206 7217 19 1206 7218 23 1207 7219 21 690 7220 23 1207 7221 27 1479 7222 25 692 7223 25 692 7224 27 1479 7225 31 1208 7226 29 693 7227 31 1208 7228 35 1209 7229 35 1209 7230 39 1480 7231 37 696 7232 37 696 7233 39 1480 7234 43 1210 7235 43 1210 7236 47 1481 7237 45 699 7238 45 699 7239 47 1481 7240 51 1211 7241 51 1211 7242 55 1482 7243 53 702 7244 53 702 7245 55 1482 7246 59 1212 7247 59 1212 7248 63 1213 7249 61 705 7250 63 1213 7251 67 1483 7252 65 706 7253 65 706 7254 67 1483 7255 71 1214 7256 69 707 7257 71 1214 7258 75 1215 7259 75 1215 7260 79 1484 7261 77 710 7262 77 710 7263 79 1484 7264 83 1216 7265 83 1216 7266 87 1485 7267 85 713 7268 85 713 7269 87 1485 7270 91 1217 7271 91 1217 7272 95 1486 7273 93 716 7274 93 716 7275 95 1486 7276 99 1218 7277 99 1218 7278 103 1487 7279 101 719 7280 101 719 7281 103 1487 7282 107 1219 7283 107 1219 7284 111 1488 7285 109 722 7286 109 722 7287 111 1488 7288 115 1220 7289 115 1220 7290 119 1221 7291 117 725 7292 119 1221 7293 123 1222 7294 121 726 7295 123 1222 7296 127 1223 7297 125 728 7298 127 1223 7299 131 1224 7300 129 729 7301 131 1224 7302 135 1489 7303 133 730 7304 133 730 7305 135 1489 7306 139 1225 7307 137 731 7308 139 1225 7309 143 1226 7310 143 1226 7311 147 1227 7312 145 734 7313 147 1227 7314 151 1490 7315 149 735 7316 149 735 7317 151 1490 7318 155 1228 7319 155 1228 7320 159 1491 7321 157 738 7322 157 738 7323 159 1491 7324 163 1229 7325 163 1229 7326 167 1492 7327 165 741 7328 165 741 7329 167 1492 7330 171 1230 7331 171 1230 7332 175 1493 7333 173 743 7334 173 743 7335 175 1493 7336 179 1231 7337 179 1231 7338 183 1232 7339 181 745 7340 183 1232 7341 187 1233 7342 185 746 7343 187 1233 7344 191 1494 7345 189 748 7346 189 748 7347 191 1494 7348 195 1234 7349 193 749 7350 195 1234 7351 199 1235 7352 199 1235 7353 203 1236 7354 201 751 7355 203 1236 7356 207 1237 7357 205 752 7358 207 1237 7359 211 1238 7360 209 753 7361 211 1238 7362 215 1239 7363 213 755 7364 215 1239 7365 219 1240 7366 217 756 7367 219 1240 7368 223 1495 7369 221 757 7370 221 757 7371 223 1495 7372 227 1241 7373 225 758 7374 227 1241 7375 231 1242 7376 231 1242 7377 235 1496 7378 233 761 7379 233 761 7380 235 1496 7381 239 1243 7382 239 1243 7383 243 1497 7384 241 764 7385 241 764 7386 243 1497 7387 247 1244 7388 247 1244 7389 251 1245 7390 249 767 7391 251 1245 7392 255 1246 7393 253 768 7394 255 1246 7395 259 1247 7396 257 769 7397 259 1247 7398 263 1248 7399 261 771 7400 263 1248 7401 267 1498 7402 265 772 7403 265 772 7404 267 1498 7405 271 1249 7406 269 773 7407 271 1249 7408 275 1250 7409 273 774 7410 275 1250 7411 279 1251 7412 279 1251 7413 283 1499 7414 281 777 7415 281 777 7416 283 1499 7417 287 1252 7418 287 1252 7419 291 1500 7420 289 780 7421 289 780 7422 291 1500 7423 295 1253 7424 293 781 7425 295 1253 7426 299 1254 7427 299 1254 7428 303 1501 7429 301 784 7430 301 784 7431 303 1501 7432 307 1255 7433 305 785 7434 307 1255 7435 311 1256 7436 311 1256 7437 315 1257 7438 313 787 7439 315 1257 7440 319 1258 7441 317 789 7442 319 1258 7443 323 1259 7444 321 790 7445 323 1259 7446 327 1260 7447 325 791 7448 327 1260 7449 331 1502 7450 329 792 7451 329 792 7452 331 1502 7453 335 1261 7454 335 1261 7455 339 1503 7456 337 795 7457 337 795 7458 339 1503 7459 343 1262 7460 343 1262 7461 347 1504 7462 345 798 7463 345 798 7464 347 1504 7465 351 1263 7466 351 1263 7467 355 1505 7468 353 801 7469 353 801 7470 355 1505 7471 359 1264 7472 357 802 7473 359 1264 7474 363 1265 7475 361 803 7476 363 1265 7477 367 1266 7478 367 1266 7479 371 1267 7480 369 805 7481 371 1267 7482 375 1506 7483 373 807 7484 373 807 7485 375 1506 7486 379 1268 7487 379 1268 7488 383 1507 7489 381 809 7490 381 809 7491 383 1507 7492 387 1269 7493 387 1269 7494 391 1508 7495 389 812 7496 389 812 7497 391 1508 7498 395 1270 7499 395 1270 7500 399 1271 7501 397 814 7502 399 1271 7503 403 1272 7504 401 815 7505 403 1272 7506 407 1273 7507 405 816 7508 407 1273 7509 411 1274 7510 409 817 7511 411 1274 7512 415 1275 7513 413 818 7514 415 1275 7515 419 1276 7516 417 820 7517 419 1276 7518 423 1509 7519 421 821 7520 421 821 7521 423 1509 7522 427 1277 7523 425 822 7524 427 1277 7525 431 1278 7526 431 1278 7527 435 1510 7528 433 825 7529 433 825 7530 435 1510 7531 439 1279 7532 439 1279 7533 443 1511 7534 441 828 7535 441 828 7536 443 1511 7537 447 1280 7538 447 1280 7539 451 1512 7540 449 831 7541 449 831 7542 451 1512 7543 455 1281 7544 455 1281 7545 459 1513 7546 457 834 7547 457 834 7548 459 1513 7549 463 1282 7550 461 835 7551 463 1282 7552 467 1283 7553 467 1283 7554 471 1514 7555 469 838 7556 469 838 7557 471 1514 7558 475 1284 7559 475 1284 7560 479 1515 7561 477 840 7562 477 840 7563 479 1515 7564 483 1285 7565 483 1285 7566 487 1286 7567 485 843 7568 487 1286 7569 491 1287 7570 489 844 7571 491 1287 7572 495 1288 7573 493 845 7574 495 1288 7575 499 1289 7576 497 847 7577 499 1289 7578 503 1290 7579 501 848 7580 503 1290 7581 507 1516 7582 505 849 7583 505 849 7584 507 1516 7585 511 1291 7586 511 1291 7587 515 1517 7588 513 852 7589 513 852 7590 515 1517 7591 519 1292 7592 519 1292 7593 523 1518 7594 521 854 7595 521 854 7596 523 1518 7597 527 1293 7598 527 1293 7599 531 1519 7600 529 857 7601 529 857 7602 531 1519 7603 535 1294 7604 535 1294 7605 539 1295 7606 537 860 7607 539 1295 7608 543 1296 7609 541 861 7610 543 1296 7611 547 1520 7612 545 862 7613 545 862 7614 547 1520 7615 551 1297 7616 551 1297 7617 555 1521 7618 553 865 7619 553 865 7620 555 1521 7621 559 1298 7622 559 1298 7623 563 1522 7624 561 868 7625 561 868 7626 563 1522 7627 567 1299 7628 567 1299 7629 571 1523 7630 569 870 7631 569 870 7632 571 1523 7633 575 1300 7634 575 1300 7635 579 1301 7636 577 873 7637 579 1301 7638 583 1524 7639 581 874 7640 581 874 7641 583 1524 7642 587 1302 7643 585 875 7644 587 1302 7645 591 1303 7646 591 1303 7647 595 1525 7648 593 878 7649 593 878 7650 595 1525 7651 599 1304 7652 597 879 7653 599 1304 7654 603 1305 7655 603 1305 7656 607 1306 7657 605 881 7658 607 1306 7659 611 1307 7660 609 882 7661 611 1307 7662 615 1526 7663 613 884 7664 613 884 7665 615 1526 7666 619 1308 7667 619 1308 7668 623 1527 7669 621 887 7670 621 887 7671 623 1527 7672 627 1309 7673 625 888 7674 627 1309 7675 631 1310 7676 631 1310 7677 635 1528 7678 633 891 7679 633 891 7680 635 1528 7681 639 1311 7682 639 1311 7683 643 1529 7684 641 894 7685 641 894 7686 643 1529 7687 647 1312 7688 647 1312 7689 651 1313 7690 649 897 7691 651 1313 7692 655 1530 7693 653 898 7694 653 898 7695 655 1530 7696 659 1314 7697 659 1314 7698 663 1531 7699 661 901 7700 661 901 7701 663 1531 7702 667 1315 7703 665 902 7704 667 1315 7705 671 1316 7706 671 1316 7707 675 1532 7708 673 905 7709 673 905 7710 675 1532 7711 679 1317 7712 679 1317 7713 683 1318 7714 681 907 7715 683 1318 7716 687 1533 7717 685 909 7718 685 909 7719 687 1533 7720 691 1319 7721 691 1319 7722 695 1320 7723 693 911 7724 695 1320 7725 699 1321 7726 697 912 7727 699 1321 7728 703 1322 7729 701 913 7730 703 1322 7731 707 1323 7732 705 914 7733 707 1323 7734 711 1324 7735 709 916 7736 711 1324 7737 715 1534 7738 713 917 7739 713 917 7740 715 1534 7741 719 1325 7742 717 918 7743 719 1325 7744 723 1326 7745 723 1326 7746 727 1535 7747 725 921 7748 725 921 7749 727 1535 7750 731 1327 7751 731 1327 7752 735 1328 7753 733 924 7754 735 1328 7755 739 1536 7756 737 925 7757 737 925 7758 739 1536 7759 743 1329 7760 741 926 7761 743 1329 7762 747 1330 7763 747 1330 7764 751 1537 7765 749 928 7766 749 928 7767 751 1537 7768 755 1331 7769 753 929 7770 755 1331 7771 759 1332 7772 759 1332 7773 763 1538 7774 761 932 7775 761 932 7776 763 1538 7777 767 1333 7778 767 1333 7779 771 1539 7780 769 935 7781 769 935 7782 771 1539 7783 775 1334 7784 773 936 7785 775 1334 7786 779 1335 7787 779 1335 7788 783 1540 7789 781 938 7790 781 938 7791 783 1540 7792 787 1336 7793 787 1336 7794 791 1337 7795 789 941 7796 791 1337 7797 795 1541 7798 793 942 7799 793 942 7800 795 1541 7801 799 1338 7802 797 943 7803 799 1338 7804 803 1339 7805 803 1339 7806 807 1340 7807 805 945 7808 807 1340 7809 811 1341 7810 809 946 7811 811 1341 7812 815 1342 7813 813 947 7814 815 1342 7815 819 1343 7816 817 948 7817 819 1343 7818 823 1542 7819 821 949 7820 821 949 7821 823 1542 7822 827 1344 7823 827 1344 7824 831 1543 7825 829 952 7826 829 952 7827 831 1543 7828 835 1345 7829 835 1345 7830 839 1544 7831 837 955 7832 837 955 7833 839 1544 7834 843 1346 7835 843 1346 7836 847 1545 7837 845 958 7838 845 958 7839 847 1545 7840 851 1347 7841 851 1347 7842 855 1348 7843 853 961 7844 855 1348 7845 859 1546 7846 857 962 7847 857 962 7848 859 1546 7849 863 1349 7850 863 1349 7851 867 1547 7852 865 965 7853 865 965 7854 867 1547 7855 871 1350 7856 871 1350 7857 875 1351 7858 873 968 7859 875 1351 7860 879 1548 7861 877 969 7862 877 969 7863 879 1548 7864 883 1352 7865 883 1352 7866 887 1353 7867 885 972 7868 887 1353 7869 891 1549 7870 889 973 7871 889 973 7872 891 1549 7873 895 1354 7874 895 1354 7875 899 1355 7876 897 975 7877 899 1355 7878 903 1356 7879 901 977 7880 903 1356 7881 907 1550 7882 905 978 7883 905 978 7884 907 1550 7885 911 1357 7886 911 1357 7887 915 1358 7888 913 981 7889 915 1358 7890 919 1359 7891 917 982 7892 919 1359 7893 923 1551 7894 921 984 7895 921 984 7896 923 1551 7897 927 1360 7898 927 1360 7899 931 1552 7900 929 987 7901 929 987 7902 931 1552 7903 935 1361 7904 935 1361 7905 939 1553 7906 937 989 7907 937 989 7908 939 1553 7909 943 1362 7910 943 1362 7911 947 1554 7912 945 992 7913 945 992 7914 947 1554 7915 951 1363 7916 951 1363 7917 955 1555 7918 953 995 7919 953 995 7920 955 1555 7921 959 1364 7922 957 996 7923 959 1364 7924 963 1365 7925 961 997 7926 963 1365 7927 967 1366 7928 967 1366 7929 971 1367 7930 969 999 7931 971 1367 7932 975 1556 7933 973 1001 7934 973 1001 7935 975 1556 7936 979 1368 7937 979 1368 7938 983 1557 7939 981 1003 7940 981 1003 7941 983 1557 7942 987 1369 7943 985 1004 7944 987 1369 7945 991 1370 7946 991 1370 7947 995 1558 7948 993 1007 7949 993 1007 7950 995 1558 7951 999 1371 7952 997 1008 7953 999 1371 7954 1003 1372 7955 1003 1372 7956 1007 1559 7957 1005 1010 7958 1005 1010 7959 1007 1559 7960 1011 1373 7961 1011 1373 7962 1015 1374 7963 1013 1012 7964 1015 1374 7965 1019 1375 7966 1017 1014 7967 1019 1375 7968 1023 1376 7969 1021 1015 7970 1023 1376 7971 1027 1560 7972 1025 1017 7973 1025 1017 7974 1027 1560 7975 1031 1377 7976 1031 1377 7977 1035 1561 7978 1033 1020 7979 1033 1020 7980 1035 1561 7981 1039 1378 7982 1037 1021 7983 1039 1378 7984 1043 1379 7985 1043 1379 7986 1047 1380 7987 1045 1023 7988 1047 1380 7989 1051 1381 7990 1049 1025 7991 1051 1381 7992 1055 1562 7993 1053 1026 7994 1053 1026 7995 1055 1562 7996 1059 1382 7997 1059 1382 7998 1063 1383 7999 1061 1029 8000 1063 1383 8001 1067 1563 8002 1065 1030 8003 1065 1030 8004 1067 1563 8005 1071 1384 8006 1071 1384 8007 1075 1564 8008 1073 1032 8009 1073 1032 8010 1075 1564 8011 1079 1385 8012 1079 1385 8013 1083 1565 8014 1081 1035 8015 1081 1035 8016 1083 1565 8017 1087 1386 8018 1087 1386 8019 1091 1387 8020 1089 1037 8021 1091 1387 8022 1095 1566 8023 1093 1038 8024 1093 1038 8025 1095 1566 8026 1099 1388 8027 1099 1388 8028 1103 1389 8029 1101 1041 8030 1103 1389 8031 1107 1567 8032 1105 1042 8033 1105 1042 8034 1107 1567 8035 1111 1390 8036 1109 1043 8037 1111 1390 8038 1115 1391 8039 1113 1044 8040 1115 1391 8041 1119 1392 8042 1119 1392 8043 1123 1393 8044 1121 1047 8045 1123 1393 8046 1127 1568 8047 1125 1048 8048 1125 1048 8049 1127 1568 8050 1131 1394 8051 1131 1394 8052 1135 1395 8053 1133 1051 8054 1135 1395 8055 1139 1396 8056 1137 1052 8057 1139 1396 8058 1143 1569 8059 1141 1053 8060 1141 1053 8061 1143 1569 8062 1147 1397 8063 1147 1397 8064 1151 1398 8065 1149 1056 8066 1151 1398 8067 1155 1570 8068 1153 1057 8069 1153 1057 8070 1155 1570 8071 1159 1399 8072 1159 1399 8073 1163 1400 8074 1161 1060 8075 1163 1400 8076 1167 1401 8077 1165 1061 8078 1167 1401 8079 1171 1402 8080 1169 1062 8081 1171 1402 8082 1175 1403 8083 1173 1063 8084 1175 1403 8085 1179 1404 8086 1177 1065 8087 1179 1404 8088 1183 1571 8089 1181 1066 8090 1181 1066 8091 1183 1571 8092 1187 1405 8093 1187 1405 8094 1191 1572 8095 1189 1069 8096 1189 1069 8097 1191 1572 8098 1195 1406 8099 1193 1070 8100 1195 1406 8101 1199 1407 8102 1199 1407 8103 1203 1408 8104 1201 1072 8105 1203 1408 8106 1207 1409 8107 1205 1073 8108 1207 1409 8109 1211 1410 8110 1209 1074 8111 1211 1410 8112 1215 1411 8113 1213 1076 8114 1215 1411 8115 1219 1412 8116 1217 1077 8117 1219 1412 8118 1223 1573 8119 1221 1078 8120 1221 1078 8121 1223 1573 8122 1227 1413 8123 1225 1079 8124 1227 1413 8125 1231 1414 8126 1231 1414 8127 1235 1574 8128 1233 1082 8129 1233 1082 8130 1235 1574 8131 1239 1415 8132 1239 1415 8133 1243 1575 8134 1241 1085 8135 1241 1085 8136 1243 1575 8137 1247 1416 8138 1247 1416 8139 1251 1417 8140 1249 1088 8141 1251 1417 8142 1255 1418 8143 1253 1089 8144 1255 1418 8145 1259 1419 8146 1257 1090 8147 1259 1419 8148 1263 1576 8149 1261 1091 8150 1261 1091 8151 1263 1576 8152 1267 1420 8153 1265 1092 8154 1267 1420 8155 1271 1421 8156 1271 1421 8157 1275 1577 8158 1273 1095 8159 1273 1095 8160 1275 1577 8161 1279 1422 8162 1279 1422 8163 1283 1423 8164 1281 1097 8165 1283 1423 8166 1287 1578 8167 1285 1099 8168 1285 1099 8169 1287 1578 8170 1291 1424 8171 1291 1424 8172 1295 1425 8173 1293 1101 8174 1295 1425 8175 1299 1426 8176 1297 1102 8177 1299 1426 8178 1303 1427 8179 1301 1103 8180 1303 1427 8181 1307 1428 8182 1305 1104 8183 1307 1428 8184 1311 1429 8185 1309 1105 8186 1311 1429 8187 1315 1579 8188 1313 1107 8189 1313 1107 8190 1315 1579 8191 1319 1430 8192 1317 1108 8193 1319 1430 8194 1323 1431 8195 1323 1431 8196 1327 1580 8197 1325 1111 8198 1325 1111 8199 1327 1580 8200 1331 1432 8201 1331 1432 8202 1335 1433 8203 1333 1114 8204 1335 1433 8205 1339 1581 8206 1337 1115 8207 1337 1115 8208 1339 1581 8209 1343 1434 8210 1343 1434 8211 1347 1435 8212 1345 1118 8213 1347 1435 8214 1351 1436 8215 1349 1119 8216 1351 1436 8217 1355 1582 8218 1353 1120 8219 1353 1120 8220 1355 1582 8221 1359 1437 8222 1359 1437 8223 1363 1583 8224 1361 1123 8225 1361 1123 8226 1363 1583 8227 1367 1438 8228 1367 1438 8229 1371 1584 8230 1369 1126 8231 1369 1126 8232 1371 1584 8233 1375 1439 8234 1375 1439 8235 1379 1440 8236 1377 1129 8237 1379 1440 8238 1383 1585 8239 1381 1130 8240 1381 1130 8241 1383 1585 8242 1387 1441 8243 1385 1131 8244 1387 1441 8245 1391 1442 8246 1391 1442 8247 1395 1443 8248 1393 1133 8249 1395 1443 8250 1399 1586 8251 1397 1135 8252 1397 1135 8253 1399 1586 8254 1403 1444 8255 1401 1136 8256 1403 1444 8257 1407 1445 8258 1407 1445 8259 1411 1587 8260 1409 1139 8261 1409 1139 8262 1411 1587 8263 1415 1446 8264 1415 1446 8265 1419 1588 8266 1417 1141 8267 1417 1141 8268 1419 1588 8269 1423 1447 8270 1421 1142 8271 1423 1447 8272 1427 1448 8273 1427 1448 8274 1431 1589 8275 1429 1145 8276 1429 1145 8277 1431 1589 8278 1435 1449 8279 1435 1449 8280 1439 1450 8281 1437 1148 8282 1439 1450 8283 1443 1590 8284 1441 1149 8285 1441 1149 8286 1443 1590 8287 1447 1451 8288 1445 1150 8289 1447 1451 8290 1451 1452 8291 1451 1452 8292 1455 1453 8293 1453 1153 8294 1455 1453 8295 1459 1591 8296 1457 1154 8297 1457 1154 8298 1459 1591 8299 1463 1454 8300 1463 1454 8301 1467 1592 8302 1465 1157 8303 1465 1157 8304 1467 1592 8305 1471 1455 8306 1469 1158 8307 1471 1455 8308 1475 1456 8309 1475 1456 8310 1479 1457 8311 1477 1161 8312 1479 1457 8313 1483 1593 8314 1481 1162 8315 1481 1162 8316 1483 1593 8317 1487 1458 8318 1487 1458 8319 1491 1459 8320 1489 1165 8321 1491 1459 8322 1495 1594 8323 1493 1166 8324 1493 1166 8325 1495 1594 8326 1499 1460 8327 1499 1460 8328 1503 1595 8329 1501 1169 8330 1501 1169 8331 1503 1595 8332 1507 1461 8333 1507 1461 8334 1511 1596 8335 1509 1171 8336 1509 1171 8337 1511 1596 8338 1515 1462 8339 1515 1462 8340 1519 1597 8341 1517 1174 8342 1517 1174 8343 1519 1597 8344 1523 1463 8345 1521 1175 8346 1523 1463 8347 1527 1464 8348 1525 1176 8349 1527 1464 8350 1531 1465 8351 1531 1465 8352 1535 1598 8353 1533 1179 8354 1533 1179 8355 1535 1598 8356 1539 1466 8357 1537 1180 8358 1539 1466 8359 1543 1467 8360 1543 1467 8361 1547 1599 8362 1545 1183 8363 1545 1183 8364 1547 1599 8365 1551 1468 8366 1551 1468 8367 1555 1600 8368 1553 1186 8369 1553 1186 8370 1555 1600 8371 1559 1469 8372 1557 1187 8373 1559 1469 8374 1563 1470 8375 1561 1188 8376 1563 1470 8377 1567 1471 8378 1567 1471 8379 1571 1472 8380 1569 1190 8381 1571 1472 8382 1575 1601 8383 1573 1192 8384 1573 1192 8385 1575 1601 8386 1579 1473 8387 1579 1473 8388 1583 1602 8389 1581 1194 8390 1581 1194 8391 1583 1602 8392 1587 1474 8393 1585 1195 8394 1587 1474 8395 1591 1475 8396 1591 1475 8397 1595 1603 8398 1593 1198 8399 1593 1198 8400 1595 1603 8401 1599 1476 8402 1597 1199 8403 1599 1476 8404 1603 1477 8405 2 2 8406 6 1 8407 7 1204 8408 6 1 8409 10 4 8410 11 1205 8411 10 4 8412 14 6 8413 15 1478 8414 14 6 8415 18 7 8416 19 1206 8417 18 7 8418 22 9 8419 23 1207 8420 22 9 8421 26 11 8422 27 1479 8423 26 11 8424 30 12 8425 31 1208 8426 30 12 8427 34 14 8428 35 1209 8429 34 14 8430 38 16 8431 39 1480 8432 38 16 8433 42 17 8434 43 1210 8435 42 17 8436 46 19 8437 47 1481 8438 46 19 8439 50 20 8440 51 1211 8441 50 20 8442 54 22 8443 55 1482 8444 54 22 8445 58 23 8446 59 1212 8447 58 23 8448 62 25 8449 63 1213 8450 62 25 8451 66 27 8452 67 1483 8453 66 27 8454 70 28 8455 71 1214 8456 70 28 8457 74 30 8458 75 1215 8459 74 30 8460 78 32 8461 79 1484 8462 78 32 8463 82 33 8464 83 1216 8465 82 33 8466 86 35 8467 87 1485 8468 86 35 8469 90 36 8470 91 1217 8471 90 36 8472 94 38 8473 95 1486 8474 94 38 8475 98 39 8476 99 1218 8477 98 39 8478 102 41 8479 103 1487 8480 102 41 8481 106 42 8482 107 1219 8483 106 42 8484 110 44 8485 111 1488 8486 110 44 8487 114 45 8488 115 1220 8489 114 45 8490 118 47 8491 119 1221 8492 118 47 8493 122 48 8494 123 1222 8495 122 48 8496 126 50 8497 127 1223 8498 126 50 8499 130 52 8500 131 1224 8501 130 52 8502 134 54 8503 135 1489 8504 134 54 8505 138 55 8506 139 1225 8507 138 55 8508 142 57 8509 143 1226 8510 142 57 8511 146 59 8512 147 1227 8513 146 59 8514 150 61 8515 151 1490 8516 150 61 8517 154 62 8518 155 1228 8519 154 62 8520 158 64 8521 159 1491 8522 158 64 8523 162 65 8524 163 1229 8525 162 65 8526 166 67 8527 167 1492 8528 166 67 8529 170 68 8530 171 1230 8531 170 68 8532 174 70 8533 175 1493 8534 174 70 8535 178 72 8536 179 1231 8537 178 72 8538 182 74 8539 183 1232 8540 182 74 8541 186 76 8542 187 1233 8543 186 76 8544 190 78 8545 191 1494 8546 190 78 8547 194 79 8548 195 1234 8549 194 79 8550 198 81 8551 199 1235 8552 198 81 8553 202 83 8554 203 1236 8555 202 83 8556 206 85 8557 207 1237 8558 206 85 8559 210 87 8560 211 1238 8561 210 87 8562 214 89 8563 215 1239 8564 214 89 8565 218 91 8566 219 1240 8567 218 91 8568 222 93 8569 223 1495 8570 222 93 8571 226 94 8572 227 1241 8573 226 94 8574 230 96 8575 231 1242 8576 230 96 8577 234 98 8578 235 1496 8579 234 98 8580 238 99 8581 239 1243 8582 238 99 8583 242 101 8584 243 1497 8585 242 101 8586 246 102 8587 247 1244 8588 246 102 8589 250 104 8590 251 1245 8591 250 104 8592 254 105 8593 255 1246 8594 254 105 8595 258 107 8596 259 1247 8597 258 107 8598 262 109 8599 263 1248 8600 262 109 8601 266 111 8602 267 1498 8603 266 111 8604 270 112 8605 271 1249 8606 270 112 8607 274 114 8608 275 1250 8609 274 114 8610 278 116 8611 279 1251 8612 278 116 8613 282 118 8614 283 1499 8615 282 118 8616 286 119 8617 287 1252 8618 286 119 8619 290 121 8620 291 1500 8621 290 121 8622 294 122 8623 295 1253 8624 294 122 8625 298 124 8626 299 1254 8627 298 124 8628 302 126 8629 303 1501 8630 302 126 8631 306 127 8632 307 1255 8633 306 127 8634 310 129 8635 311 1256 8636 310 129 8637 314 131 8638 315 1257 8639 314 131 8640 318 133 8641 319 1258 8642 318 133 8643 322 135 8644 323 1259 8645 322 135 8646 326 137 8647 327 1260 8648 326 137 8649 330 138 8650 331 1502 8651 330 138 8652 334 140 8653 335 1261 8654 334 140 8655 338 142 8656 339 1503 8657 338 142 8658 342 143 8659 343 1262 8660 342 143 8661 346 145 8662 347 1504 8663 346 145 8664 350 146 8665 351 1263 8666 350 146 8667 354 148 8668 355 1505 8669 354 148 8670 358 149 8671 359 1264 8672 358 149 8673 362 151 8674 363 1265 8675 362 151 8676 366 153 8677 367 1266 8678 366 153 8679 370 155 8680 371 1267 8681 370 155 8682 374 157 8683 375 1506 8684 374 157 8685 378 158 8686 379 1268 8687 378 158 8688 382 160 8689 383 1507 8690 382 160 8691 386 162 8692 387 1269 8693 386 162 8694 390 164 8695 391 1508 8696 390 164 8697 394 165 8698 395 1270 8699 394 165 8700 398 167 8701 399 1271 8702 398 167 8703 402 169 8704 403 1272 8705 402 169 8706 406 171 8707 407 1273 8708 406 171 8709 410 173 8710 411 1274 8711 410 173 8712 414 175 8713 415 1275 8714 414 175 8715 418 177 8716 419 1276 8717 418 177 8718 422 178 8719 423 1509 8720 422 178 8721 426 180 8722 427 1277 8723 426 180 8724 430 182 8725 431 1278 8726 430 182 8727 434 184 8728 435 1510 8729 434 184 8730 438 185 8731 439 1279 8732 438 185 8733 442 187 8734 443 1511 8735 442 187 8736 446 188 8737 447 1280 8738 446 188 8739 450 190 8740 451 1512 8741 450 190 8742 454 191 8743 455 1281 8744 454 191 8745 458 193 8746 459 1513 8747 458 193 8748 462 194 8749 463 1282 8750 462 194 8751 466 196 8752 467 1283 8753 466 196 8754 470 198 8755 471 1514 8756 470 198 8757 474 199 8758 475 1284 8759 474 199 8760 478 201 8761 479 1515 8762 478 201 8763 482 203 8764 483 1285 8765 482 203 8766 486 205 8767 487 1286 8768 486 205 8769 490 206 8770 491 1287 8771 490 206 8772 494 208 8773 495 1288 8774 494 208 8775 498 210 8776 499 1289 8777 498 210 8778 502 212 8779 503 1290 8780 502 212 8781 506 214 8782 507 1516 8783 506 214 8784 510 215 8785 511 1291 8786 510 215 8787 514 217 8788 515 1517 8789 514 217 8790 518 218 8791 519 1292 8792 518 218 8793 522 220 8794 523 1518 8795 522 220 8796 526 222 8797 527 1293 8798 526 222 8799 530 224 8800 531 1519 8801 530 224 8802 534 225 8803 535 1294 8804 534 225 8805 538 227 8806 539 1295 8807 538 227 8808 542 229 8809 543 1296 8810 542 229 8811 546 230 8812 547 1520 8813 546 230 8814 550 232 8815 551 1297 8816 550 232 8817 554 234 8818 555 1521 8819 554 234 8820 558 235 8821 559 1298 8822 558 235 8823 562 237 8824 563 1522 8825 562 237 8826 566 238 8827 567 1299 8828 566 238 8829 570 240 8830 571 1523 8831 570 240 8832 574 242 8833 575 1300 8834 574 242 8835 578 244 8836 579 1301 8837 578 244 8838 582 245 8839 583 1524 8840 582 245 8841 586 247 8842 587 1302 8843 586 247 8844 590 249 8845 591 1303 8846 590 249 8847 594 251 8848 595 1525 8849 594 251 8850 598 252 8851 599 1304 8852 598 252 8853 602 254 8854 603 1305 8855 602 254 8856 606 256 8857 607 1306 8858 606 256 8859 610 258 8860 611 1307 8861 610 258 8862 614 260 8863 615 1526 8864 614 260 8865 618 261 8866 619 1308 8867 618 261 8868 622 263 8869 623 1527 8870 622 263 8871 626 264 8872 627 1309 8873 626 264 8874 630 266 8875 631 1310 8876 630 266 8877 634 268 8878 635 1528 8879 634 268 8880 638 269 8881 639 1311 8882 638 269 8883 642 271 8884 643 1529 8885 642 271 8886 646 272 8887 647 1312 8888 646 272 8889 650 274 8890 651 1313 8891 650 274 8892 654 276 8893 655 1530 8894 654 276 8895 658 277 8896 659 1314 8897 658 277 8898 662 279 8899 663 1531 8900 662 279 8901 666 280 8902 667 1315 8903 666 280 8904 670 282 8905 671 1316 8906 670 282 8907 674 284 8908 675 1532 8909 674 284 8910 678 285 8911 679 1317 8912 678 285 8913 682 287 8914 683 1318 8915 682 287 8916 686 289 8917 687 1533 8918 686 289 8919 690 290 8920 691 1319 8921 690 290 8922 694 292 8923 695 1320 8924 694 292 8925 698 294 8926 699 1321 8927 698 294 8928 702 296 8929 703 1322 8930 702 296 8931 706 298 8932 707 1323 8933 706 298 8934 710 300 8935 711 1324 8936 710 300 8937 714 301 8938 715 1534 8939 714 301 8940 718 303 8941 719 1325 8942 718 303 8943 722 305 8944 723 1326 8945 722 305 8946 726 307 8947 727 1535 8948 726 307 8949 730 308 8950 731 1327 8951 730 308 8952 734 310 8953 735 1328 8954 734 310 8955 738 311 8956 739 1536 8957 738 311 8958 742 313 8959 743 1329 8960 742 313 8961 746 315 8962 747 1330 8963 746 315 8964 750 317 8965 751 1537 8966 750 317 8967 754 319 8968 755 1331 8969 754 319 8970 758 321 8971 759 1332 8972 758 321 8973 762 323 8974 763 1538 8975 762 323 8976 766 324 8977 767 1333 8978 766 324 8979 770 326 8980 771 1539 8981 770 326 8982 774 327 8983 775 1334 8984 774 327 8985 778 329 8986 779 1335 8987 778 329 8988 782 331 8989 783 1540 8990 782 331 8991 786 333 8992 787 1336 8993 786 333 8994 790 335 8995 791 1337 8996 790 335 8997 794 336 8998 795 1541 8999 794 336 9000 798 338 9001 799 1338 9002 798 338 9003 802 340 9004 803 1339 9005 802 340 9006 806 342 9007 807 1340 9008 806 342 9009 810 344 9010 811 1341 9011 810 344 9012 814 346 9013 815 1342 9014 814 346 9015 818 348 9016 819 1343 9017 818 348 9018 822 350 9019 823 1542 9020 822 350 9021 826 352 9022 827 1344 9023 826 352 9024 830 354 9025 831 1543 9026 830 354 9027 834 355 9028 835 1345 9029 834 355 9030 838 357 9031 839 1544 9032 838 357 9033 842 358 9034 843 1346 9035 842 358 9036 846 360 9037 847 1545 9038 846 360 9039 850 361 9040 851 1347 9041 850 361 9042 854 363 9043 855 1348 9044 854 363 9045 858 365 9046 859 1546 9047 858 365 9048 862 366 9049 863 1349 9050 862 366 9051 866 368 9052 867 1547 9053 866 368 9054 870 369 9055 871 1350 9056 870 369 9057 874 371 9058 875 1351 9059 874 371 9060 878 373 9061 879 1548 9062 878 373 9063 882 374 9064 883 1352 9065 882 374 9066 886 376 9067 887 1353 9068 886 376 9069 890 377 9070 891 1549 9071 890 377 9072 894 379 9073 895 1354 9074 894 379 9075 898 381 9076 899 1355 9077 898 381 9078 902 383 9079 903 1356 9080 902 383 9081 906 385 9082 907 1550 9083 906 385 9084 910 386 9085 911 1357 9086 910 386 9087 914 388 9088 915 1358 9089 914 388 9090 918 389 9091 919 1359 9092 918 389 9093 922 391 9094 923 1551 9095 922 391 9096 926 392 9097 927 1360 9098 926 392 9099 930 394 9100 931 1552 9101 930 394 9102 934 395 9103 935 1361 9104 934 395 9105 938 397 9106 939 1553 9107 938 397 9108 942 399 9109 943 1362 9110 942 399 9111 946 401 9112 947 1554 9113 946 401 9114 950 402 9115 951 1363 9116 950 402 9117 954 404 9118 955 1555 9119 954 404 9120 958 405 9121 959 1364 9122 958 405 9123 962 407 9124 963 1365 9125 962 407 9126 966 409 9127 967 1366 9128 966 409 9129 970 411 9130 971 1367 9131 970 411 9132 974 413 9133 975 1556 9134 974 413 9135 978 414 9136 979 1368 9137 978 414 9138 982 416 9139 983 1557 9140 982 416 9141 986 418 9142 987 1369 9143 986 418 9144 990 420 9145 991 1370 9146 990 420 9147 994 422 9148 995 1558 9149 994 422 9150 998 423 9151 999 1371 9152 998 423 9153 1002 425 9154 1003 1372 9155 1002 425 9156 1006 427 9157 1007 1559 9158 1006 427 9159 1010 429 9160 1011 1373 9161 1010 429 9162 1014 431 9163 1015 1374 9164 1014 431 9165 1018 433 9166 1019 1375 9167 1018 433 9168 1022 434 9169 1023 1376 9170 1022 434 9171 1026 436 9172 1027 1560 9173 1026 436 9174 1030 437 9175 1031 1377 9176 1030 437 9177 1034 439 9178 1035 1561 9179 1034 439 9180 1038 440 9181 1039 1378 9182 1038 440 9183 1042 442 9184 1043 1379 9185 1042 442 9186 1046 444 9187 1047 1380 9188 1046 444 9189 1050 446 9190 1051 1381 9191 1050 446 9192 1054 448 9193 1055 1562 9194 1054 448 9195 1058 449 9196 1059 1382 9197 1058 449 9198 1062 451 9199 1063 1383 9200 1062 451 9201 1066 453 9202 1067 1563 9203 1066 453 9204 1070 454 9205 1071 1384 9206 1070 454 9207 1074 456 9208 1075 1564 9209 1074 456 9210 1078 458 9211 1079 1385 9212 1078 458 9213 1082 460 9214 1083 1565 9215 1082 460 9216 1086 461 9217 1087 1386 9218 1086 461 9219 1090 463 9220 1091 1387 9221 1090 463 9222 1094 465 9223 1095 1566 9224 1094 465 9225 1098 467 9226 1099 1388 9227 1098 467 9228 1102 469 9229 1103 1389 9230 1102 469 9231 1106 471 9232 1107 1567 9233 1106 471 9234 1110 472 9235 1111 1390 9236 1110 472 9237 1114 474 9238 1115 1391 9239 1114 474 9240 1118 476 9241 1119 1392 9242 1118 476 9243 1122 478 9244 1123 1393 9245 1122 478 9246 1126 480 9247 1127 1568 9248 1126 480 9249 1130 481 9250 1131 1394 9251 1130 481 9252 1134 483 9253 1135 1395 9254 1134 483 9255 1138 485 9256 1139 1396 9257 1138 485 9258 1142 487 9259 1143 1569 9260 1142 487 9261 1146 488 9262 1147 1397 9263 1146 488 9264 1150 490 9265 1151 1398 9266 1150 490 9267 1154 492 9268 1155 1570 9269 1154 492 9270 1158 493 9271 1159 1399 9272 1158 493 9273 1162 495 9274 1163 1400 9275 1162 495 9276 1166 496 9277 1167 1401 9278 1166 496 9279 1170 498 9280 1171 1402 9281 1170 498 9282 1174 500 9283 1175 1403 9284 1174 500 9285 1178 502 9286 1179 1404 9287 1178 502 9288 1182 503 9289 1183 1571 9290 1182 503 9291 1186 505 9292 1187 1405 9293 1186 505 9294 1190 507 9295 1191 1572 9296 1190 507 9297 1194 508 9298 1195 1406 9299 1194 508 9300 1198 510 9301 1199 1407 9302 1198 510 9303 1202 512 9304 1203 1408 9305 1202 512 9306 1206 514 9307 1207 1409 9308 1206 514 9309 1210 516 9310 1211 1410 9311 1210 516 9312 1214 518 9313 1215 1411 9314 1214 518 9315 1218 520 9316 1219 1412 9317 1218 520 9318 1222 522 9319 1223 1573 9320 1222 522 9321 1226 523 9322 1227 1413 9323 1226 523 9324 1230 525 9325 1231 1414 9326 1230 525 9327 1234 527 9328 1235 1574 9329 1234 527 9330 1238 528 9331 1239 1415 9332 1238 528 9333 1242 530 9334 1243 1575 9335 1242 530 9336 1246 531 9337 1247 1416 9338 1246 531 9339 1250 533 9340 1251 1417 9341 1250 533 9342 1254 535 9343 1255 1418 9344 1254 535 9345 1258 537 9346 1259 1419 9347 1258 537 9348 1262 538 9349 1263 1576 9350 1262 538 9351 1266 540 9352 1267 1420 9353 1266 540 9354 1270 542 9355 1271 1421 9356 1270 542 9357 1274 544 9358 1275 1577 9359 1274 544 9360 1278 545 9361 1279 1422 9362 1278 545 9363 1282 547 9364 1283 1423 9365 1282 547 9366 1286 549 9367 1287 1578 9368 1286 549 9369 1290 550 9370 1291 1424 9371 1290 550 9372 1294 552 9373 1295 1425 9374 1294 552 9375 1298 554 9376 1299 1426 9377 1298 554 9378 1302 556 9379 1303 1427 9380 1302 556 9381 1306 558 9382 1307 1428 9383 1306 558 9384 1310 560 9385 1311 1429 9386 1310 560 9387 1314 562 9388 1315 1579 9389 1314 562 9390 1318 563 9391 1319 1430 9392 1318 563 9393 1322 565 9394 1323 1431 9395 1322 565 9396 1326 567 9397 1327 1580 9398 1326 567 9399 1330 568 9400 1331 1432 9401 1330 568 9402 1334 570 9403 1335 1433 9404 1334 570 9405 1338 572 9406 1339 1581 9407 1338 572 9408 1342 573 9409 1343 1434 9410 1342 573 9411 1346 575 9412 1347 1435 9413 1346 575 9414 1350 576 9415 1351 1436 9416 1350 576 9417 1354 578 9418 1355 1582 9419 1354 578 9420 1358 580 9421 1359 1437 9422 1358 580 9423 1362 582 9424 1363 1583 9425 1362 582 9426 1366 583 9427 1367 1438 9428 1366 583 9429 1370 585 9430 1371 1584 9431 1370 585 9432 1374 586 9433 1375 1439 9434 1374 586 9435 1378 588 9436 1379 1440 9437 1378 588 9438 1382 589 9439 1383 1585 9440 1382 589 9441 1386 591 9442 1387 1441 9443 1386 591 9444 1390 593 9445 1391 1442 9446 1390 593 9447 1394 595 9448 1395 1443 9449 1394 595 9450 1398 597 9451 1399 1586 9452 1398 597 9453 1402 598 9454 1403 1444 9455 1402 598 9456 1406 600 9457 1407 1445 9458 1406 600 9459 1410 602 9460 1411 1587 9461 1410 602 9462 1414 603 9463 1415 1446 9464 1414 603 9465 1418 605 9466 1419 1588 9467 1418 605 9468 1422 607 9469 1423 1447 9470 1422 607 9471 1426 609 9472 1427 1448 9473 1426 609 9474 1430 611 9475 1431 1589 9476 1430 611 9477 1434 612 9478 1435 1449 9479 1434 612 9480 1438 614 9481 1439 1450 9482 1438 614 9483 1442 616 9484 1443 1590 9485 1442 616 9486 1446 617 9487 1447 1451 9488 1446 617 9489 1450 619 9490 1451 1452 9491 1450 619 9492 1454 621 9493 1455 1453 9494 1454 621 9495 1458 623 9496 1459 1591 9497 1458 623 9498 1462 624 9499 1463 1454 9500 1462 624 9501 1466 626 9502 1467 1592 9503 1466 626 9504 1470 627 9505 1471 1455 9506 1470 627 9507 1474 629 9508 1475 1456 9509 1474 629 9510 1478 631 9511 1479 1457 9512 1478 631 9513 1482 633 9514 1483 1593 9515 1482 633 9516 1486 634 9517 1487 1458 9518 1486 634 9519 1490 636 9520 1491 1459 9521 1490 636 9522 1494 637 9523 1495 1594 9524 1494 637 9525 1498 639 9526 1499 1460 9527 1498 639 9528 1502 641 9529 1503 1595 9530 1502 641 9531 1506 642 9532 1507 1461 9533 1506 642 9534 1510 644 9535 1511 1596 9536 1510 644 9537 1514 646 9538 1515 1462 9539 1514 646 9540 1518 648 9541 1519 1597 9542 1518 648 9543 1522 649 9544 1523 1463 9545 1522 649 9546 1526 651 9547 1527 1464 9548 1526 651 9549 1530 653 9550 1531 1465 9551 1530 653 9552 1534 655 9553 1535 1598 9554 1534 655 9555 1538 656 9556 1539 1466 9557 1538 656 9558 1542 658 9559 1543 1467 9560 1542 658 9561 1546 660 9562 1547 1599 9563 1546 660 9564 1550 661 9565 1551 1468 9566 1550 661 9567 1554 663 9568 1555 1600 9569 1554 663 9570 1558 664 9571 1559 1469 9572 1558 664 9573 1562 666 9574 1563 1470 9575 1562 666 9576 1566 668 9577 1567 1471 9578 1566 668 9579 1570 670 9580 1571 1472 9581 1570 670 9582 1574 672 9583 1575 1601 9584 1574 672 9585 1578 673 9586 1579 1473 9587 1578 673 9588 1582 675 9589 1583 1602 9590 1582 675 9591 1586 677 9592 1587 1474 9593 1586 677 9594 1590 679 9595 1591 1475 9596 1590 679 9597 1594 681 9598 1595 1603 9599 1594 681 9600 1598 682 9601 1599 1476 9602 1598 682 9603 1602 684 9604 1603 1477 9605 1600 1201 9606 1601 1200 9607 1603 1477 9608 3 1202 9609 1 1203 9610 0 0 9611</p>
        </triangles>
      </mesh>
    </geometry>
  </library_geometries>
  <library_visual_scenes>
    <visual_scene id="Scene" name="Scene">
      <node id="Plane" name="Plane" type="NODE">
        <matrix sid="transform">1 0 0 0 0 1 0 0 0 0 1 0 0 0 0 1</matrix>
        <instance_geometry url="#Plane-mesh" name="Plane">
          <bind_material>
            <technique_common>
              <instance_material symbol="Material_001-material" target="#Material_001-material">
                <bind_vertex_input semantic="UVMap" input_semantic="TEXCOORD" input_set="0"/>
              </instance_material>
            </technique_common>
          </bind_material>
        </instance_geometry>
      </node>
    </visual_scene>
  </library_visual_scenes>
  <scene>
    <instance_visual_scene url="#Scene"/>
  </scene>
</COLLADA>