<?xml version="1.0" encoding="utf-8"?>
<COLLADA xmlns="http://www.collada.org/2005/11/COLLADASchema" version="1.4.1" xmlns:xsi="http://www.w3.org/2001/XMLSchema-instance">
  <asset>
    <contributor>
      <author>Blender User</author>
      <authoring_tool>Blender 4.4.3 commit date:2025-04-29, commit time:14:09, hash:802179c51ccc</authoring_tool>
    </contributor>
    <created>2025-08-27T11:28:02</created>
    <modified>2025-08-27T11:28:02</modified>
    <unit name="meter" meter="1"/>
    <up_axis>Z_UP</up_axis>
  </asset>
  <library_effects>
    <effect id="industrial_wall_lamp-effect">
      <profile_COMMON>
        <newparam sid="industrial_wall_lamp_diff_png-surface">
          <surface type="2D">
            <init_from>industrial_wall_lamp_diff_png</init_from>
          </surface>
        </newparam>
        <newparam sid="industrial_wall_lamp_diff_png-sampler">
          <sampler2D>
            <source>industrial_wall_lamp_diff_png-surface</source>
          </sampler2D>
        </newparam>
        <technique sid="common">
          <lambert>
            <emission>
              <color sid="emission">1 1 1 1</color>
            </emission>
            <diffuse>
              <texture texture="industrial_wall_lamp_diff_png-sampler" texcoord="UVMap"/>
            </diffuse>
            <index_of_refraction>
              <float sid="ior">1.5</float>
            </index_of_refraction>
          </lambert>
        </technique>
      </profile_COMMON>
    </effect>
    <effect id="industrial_wall_lamp_glass-effect">
      <profile_COMMON>
        <newparam sid="industrial_wall_lamp_glass_diff_png-surface">
          <surface type="2D">
            <init_from>industrial_wall_lamp_glass_diff_png</init_from>
          </surface>
        </newparam>
        <newparam sid="industrial_wall_lamp_glass_diff_png-sampler">
          <sampler2D>
            <source>industrial_wall_lamp_glass_diff_png-surface</source>
          </sampler2D>
        </newparam>
        <technique sid="common">
          <lambert>
            <emission>
              <color sid="emission">0 0 0 1</color>
            </emission>
            <diffuse>
              <texture texture="industrial_wall_lamp_glass_diff_png-sampler" texcoord="UVMap"/>
            </diffuse>
            <index_of_refraction>
              <float sid="ior">1.5</float>
            </index_of_refraction>
          </lambert>
        </technique>
      </profile_COMMON>
    </effect>
  </library_effects>
  <library_images>
    <image id="industrial_wall_lamp_diff_png" name="industrial_wall_lamp_diff_png">
      <init_from>industrial_wall_lamp_diff.jpg</init_from>
    </image>
    <image id="industrial_wall_lamp_glass_diff_png" name="industrial_wall_lamp_glass_diff_png">
      <init_from>industrial_wall_lamp_glass_diff.png</init_from>
    </image>
  </library_images>
  <library_materials>
    <material id="industrial_wall_lamp-material" name="industrial_wall_lamp">
      <instance_effect url="#industrial_wall_lamp-effect"/>
    </material>
    <material id="industrial_wall_lamp_glass-material" name="industrial_wall_lamp_glass">
      <instance_effect url="#industrial_wall_lamp_glass-effect"/>
    </material>
  </library_materials>
  <library_geometries>
    <geometry id="Sphere_004-mesh" name="Sphere.004">
      <mesh>
        <source id="Sphere_004-mesh-positions">
          <float_array id="Sphere_004-mesh-positions-array" count="6723">-0.03015273 -0.05803036 0.04548394 -0.009296059 -0.0870828 0.04548394 -0.01768219 -0.08280986 0.04548394 -0.02433741 -0.07615458 0.04548394 -0.0286104 -0.06776851 0.04548394 -0.03576952 -0.05847239 0.1170231 -0.03401887 -0.06952583 0.1170231 -0.02893817 -0.07949721 0.1170231 -0.02102482 -0.08741062 0.1170231 -0.01105338 -0.09249126 0.1170231 0 -0.08855515 0.04548394 0 -0.09424197 0.1170231 -0.1064012 -0.02870267 -0.07885253 -0.1043738 -0.02870267 -0.09890288 -0.09831804 -0.02870267 -0.1188663 -0.08848387 -0.02870267 -0.1372647 -0.07524937 -0.02870267 -0.153391 -0.05912303 -0.02870267 -0.1666256 -0.04072469 -0.02870267 -0.1764597 -0.02076125 -0.02870267 -0.1825155 -0.1064012 0 -0.07885253 -0.1043738 0 -0.09890288 -0.09831804 0 -0.1188663 -0.08848387 0 -0.1372647 -0.07524937 0 -0.153391 -0.05912303 0 -0.1666256 -0.04072469 0 -0.1764597 -0.02076125 0 -0.1825155 0 -0.02870267 -0.2149533 0 0 -0.2149533 -0.02076125 -0.02870267 -0.1941921 -0.007945001 -0.02870267 -0.213373 -0.01468044 -0.02870267 -0.2088724 -0.01918089 -0.02870267 -0.202137 -0.02076125 0 -0.1941921 -0.007945001 0 -0.213373 -0.01468044 0 -0.2088724 -0.01918095 0 -0.202137 0 -0.02870267 -0.1830508 0 0 -0.1830508 -0.00426644 0 -0.1838995 -0.00426644 -0.02870267 -0.1838995 -0.00788331 0 -0.1863161 -0.00788331 -0.02870267 -0.1863161 -0.01030009 0 -0.1899331 -0.01030009 -0.02870267 -0.1899331 -0.01114875 0 -0.1941995 -0.01114875 -0.02870267 -0.1941995 -0.01030009 0 -0.198466 -0.01030009 -0.02870267 -0.198466 -0.00788331 -0.02870267 -0.2020829 -0.00788331 0 -0.2020829 -0.00426644 0 -0.2044996 -0.00426644 -0.02870267 -0.2044996 0 -0.02870267 -0.2053483 0 0 -0.2053483 -0.09831804 -0.02369683 -0.1188663 -0.09831804 -0.005005836 -0.1188663 -0.1043738 -0.02369683 -0.09890288 -0.1043738 -0.005005836 -0.09890288 -0.007945001 -0.02369683 -0.213373 -0.007945001 -0.005005836 -0.213373 -0.01918089 -0.02369683 -0.202137 -0.01918095 -0.005005836 -0.202137 -0.01468044 -0.02369683 -0.2088724 -0.01468044 -0.005005836 -0.2088724 -0.1064012 -0.02369683 -0.07885253 -0.1064012 -0.005005836 -0.07885253 -0.05912303 -0.02369683 -0.1666256 -0.05912303 -0.005005836 -0.1666256 -0.02076125 -0.02369683 -0.1941921 -0.02076125 -0.005005836 -0.1941921 0 -0.005005836 -0.2149533 0 -0.02369683 -0.2149533 -0.08848387 -0.005005836 -0.1372647 -0.08848387 -0.02369683 -0.1372647 -0.04072469 -0.005005836 -0.1764597 -0.04072469 -0.02369683 -0.1764597 -0.07524937 -0.005005836 -0.153391 -0.07524937 -0.02369683 -0.153391 -0.02076125 -0.005005836 -0.1825155 -0.02076125 -0.02369683 -0.1825155 -0.09359377 -0.02369683 -0.1169095 -0.09359377 -0.005005836 -0.1169095 -0.09935992 -0.02369683 -0.09789878 -0.09935992 -0.005005836 -0.09789878 -0.00598818 -0.02369683 -0.2086487 -0.00598818 -0.005005836 -0.2086487 -0.01445668 -0.02369683 -0.2001802 -0.01445668 -0.005005836 -0.2001802 -0.0110647 -0.02369683 -0.2052567 -0.0110647 -0.005005836 -0.2052567 -0.1012942 -0.02369683 -0.07859498 -0.1012942 -0.005005836 -0.07859498 -0.05628216 -0.02369683 -0.1623739 -0.05628216 -0.005005836 -0.1623739 -0.01567244 -0.02369683 -0.1936908 -0.01567244 -0.005005836 -0.1936908 0 -0.005005836 -0.2098398 0 -0.02369683 -0.2098398 -0.08423221 -0.005005836 -0.1344238 -0.08423221 -0.02369683 -0.1344238 -0.03876781 -0.005005836 -0.1717355 -0.03876781 -0.02369683 -0.1717355 -0.07163357 -0.005005836 -0.1497752 -0.07163357 -0.02369683 -0.1497752 -0.01665407 -0.005005836 -0.1794695 -0.01665407 -0.02369683 -0.1794695 -0.1064012 -0.02870267 0.07885253 -0.1043738 -0.02870267 0.09890294 -0.09831798 -0.02870267 0.1188663 -0.08848387 -0.02870267 0.1372647 -0.07524937 -0.02870267 0.153391 -0.05912303 -0.02870267 0.1666256 -0.04072469 -0.02870267 0.1764597 -0.02076125 -0.02870267 0.1825156 -0.1064012 0 0.07885253 -0.1043738 0 0.09890294 -0.09831804 0 0.1188663 -0.08848387 0 0.1372647 -0.07524937 0 0.153391 -0.05912303 0 0.1666256 -0.04072469 0 0.1764597 -0.02076125 0 0.1825156 0 -0.02870267 0.2149533 0 0 0.2149533 -0.02076125 -0.02870267 0.1941921 -0.007945001 -0.02870267 0.213373 -0.01468044 -0.02870267 0.2088724 -0.01918089 -0.02870267 0.202137 -0.02076125 0 0.1941921 -0.007945001 0 0.213373 -0.01468044 0 0.2088724 -0.01918089 0 0.202137 0 -0.02870267 0.1830508 0 0 0.1830508 -0.00426644 0 0.1838995 -0.004266381 -0.02870267 0.1838995 -0.00788331 0 0.1863161 -0.00788331 -0.02870267 0.1863161 -0.01030009 0 0.1899331 -0.01030004 -0.02870267 0.1899331 -0.01114869 0 0.1941995 -0.01114869 -0.02870267 0.1941995 -0.01030009 0 0.198466 -0.01030004 -0.02870267 0.198466 -0.00788331 -0.02870267 0.2020829 -0.00788331 0 0.2020829 -0.00426644 0 0.2044996 -0.004266381 -0.02870267 0.2044996 0 -0.02870267 0.2053483 0 0 0.2053483 -0.09831798 -0.02369683 0.1188663 -0.09831804 -0.005005836 0.1188663 -0.1043738 -0.02369683 0.09890288 -0.1043738 -0.005005836 0.09890288 -0.007945001 -0.02369683 0.213373 -0.007945001 -0.005005836 0.213373 -0.01918089 -0.02369683 0.202137 -0.01918089 -0.005005836 0.202137 -0.01468044 -0.02369683 0.2088724 -0.01468044 -0.005005836 0.2088724 -0.1064012 -0.02369683 0.07885253 -0.1064012 -0.005005836 0.07885253 -0.05912303 -0.02369683 0.1666256 -0.05912303 -0.005005836 0.1666256 -0.02076125 -0.02369683 0.1941921 -0.02076125 -0.005005836 0.1941921 0 -0.005005836 0.2149533 0 -0.02369683 0.2149533 -0.08848387 -0.005005836 0.1372647 -0.08848387 -0.02369683 0.1372647 -0.04072469 -0.005005836 0.1764597 -0.04072469 -0.02369683 0.1764597 -0.07524937 -0.005005836 0.153391 -0.07524937 -0.02369683 0.153391 -0.02076125 -0.005005836 0.1825155 -0.02076125 -0.02369683 0.1825155 -0.09359377 -0.02369683 0.1169095 -0.09359377 -0.005005836 0.1169095 -0.09935986 -0.02369683 0.09789884 -0.09935986 -0.005005836 0.09789884 -0.00598818 -0.02369683 0.2086487 -0.00598818 -0.005005836 0.2086487 -0.01445668 -0.02369683 0.2001802 -0.01445668 -0.005005836 0.2001802 -0.01106464 -0.02369683 0.2052567 -0.01106464 -0.005005836 0.2052567 -0.1012942 -0.02369683 0.07859498 -0.1012942 -0.005005836 0.07859498 -0.05628216 -0.02369683 0.1623739 -0.05628216 -0.005005836 0.1623739 -0.01567244 -0.02369683 0.1936908 -0.01567244 -0.005005836 0.1936908 0 -0.005005836 0.2098398 0 -0.02369683 0.2098398 -0.08423221 -0.005005836 0.1344238 -0.08423221 -0.02369683 0.1344238 -0.03876781 -0.005005836 0.1717355 -0.03876781 -0.02369683 0.1717355 -0.07163357 -0.005005836 0.1497753 -0.07163357 -0.02369683 0.1497753 -0.01665407 -0.005005836 0.1794695 -0.01665407 -0.02369683 0.1794695 -0.1064012 0 -0.01747453 -0.1064012 0 0.01747453 -0.1064012 -0.005005836 0.01747453 -0.1064012 -0.005005836 -0.01747453 -0.1367242 0 -0.01747453 -0.1367242 0 0.01747453 -0.1367242 -0.005005836 0.01747453 -0.1367242 -0.005005836 -0.01747453 -0.1367242 0 -0.005824804 -0.1367242 0 0.005824804 -0.1367242 -0.005005836 0.005824804 -0.1367242 -0.005005836 -0.005824804 -0.126536 0 -0.005824804 -0.126536 0 0.005824804 -0.126536 -0.005005836 0.005824804 -0.126536 -0.005005836 -0.005824804 -0.128623 0 -0.002912402 -0.1291977 0 0 -0.128623 0 0.002912402 -0.128623 -0.005005836 0.002912402 -0.1291977 -0.005005836 0 -0.128623 -0.005005836 -0.002912402 -0.03015273 -0.02870267 0.04548394 -0.03576952 -0.02870267 0.1170231 0 -0.05847239 0.1170231 0.03015279 -0.05803036 0.04548394 0.009296119 -0.0870828 0.04548394 0.01768225 -0.08280986 0.04548394 0.02433747 -0.07615458 0.04548394 0.02861046 -0.06776851 0.04548394 0.03576964 -0.05847239 0.1170231 0.03401893 -0.06952583 0.1170231 0.02893823 -0.07949721 0.1170231 0.02102488 -0.08741062 0.1170231 0.01105344 -0.09249126 0.1170231 0.1064012 -0.02870267 -0.07885253 0.1043738 -0.02870267 -0.09890288 0.09831804 -0.02870267 -0.1188663 0.08848392 -0.02870267 -0.1372647 0.07524937 -0.02870267 -0.153391 0.05912309 -0.02870267 -0.1666256 0.04072469 -0.02870267 -0.1764597 0.02076131 -0.02870267 -0.1825155 0.1064012 0 -0.07885253 0.1043738 0 -0.09890288 0.09831804 0 -0.1188663 0.08848392 0 -0.1372647 0.07524937 0 -0.153391 0.05912309 0 -0.1666256 0.04072469 0 -0.1764597 0.02076131 0 -0.1825155 0.02076131 -0.02870267 -0.1941921 0.00794506 -0.02870267 -0.213373 0.01468044 -0.02870267 -0.2088724 0.01918095 -0.02870267 -0.202137 0.02076131 0 -0.1941921 0.00794506 0 -0.213373 0.0146805 0 -0.2088724 0.01918095 0 -0.202137 0.00426644 0 -0.1838995 0.00426644 -0.02870267 -0.1838995 0.007883369 0 -0.1863161 0.007883369 -0.02870267 -0.1863161 0.01030009 0 -0.1899331 0.01030009 -0.02870267 -0.1899331 0.01114875 0 -0.1941995 0.01114875 -0.02870267 -0.1941995 0.01030009 0 -0.198466 0.01030009 -0.02870267 -0.198466 0.007883369 -0.02870267 -0.2020829 0.007883369 0 -0.2020829 0.00426644 0 -0.2044996 0.00426644 -0.02870267 -0.2044996 0.09831804 -0.02369683 -0.1188663 0.09831804 -0.005005836 -0.1188663 0.1043738 -0.02369683 -0.09890288 0.1043738 -0.005005836 -0.09890288 0.00794506 -0.02369683 -0.213373 0.00794506 -0.005005836 -0.213373 0.01918095 -0.02369683 -0.202137 0.01918095 -0.005005836 -0.202137 0.01468044 -0.02369683 -0.2088724 0.0146805 -0.005005836 -0.2088724 0.1064012 -0.02369683 -0.07885253 0.1064012 -0.005005836 -0.07885253 0.05912309 -0.02369683 -0.1666256 0.05912309 -0.005005836 -0.1666256 0.02076131 -0.02369683 -0.1941921 0.02076131 -0.005005836 -0.1941921 0.08848392 -0.005005836 -0.1372647 0.08848392 -0.02369683 -0.1372647 0.04072469 -0.005005836 -0.1764597 0.04072469 -0.02369683 -0.1764597 0.07524937 -0.005005836 -0.153391 0.07524937 -0.02369683 -0.153391 0.02076131 -0.005005836 -0.1825155 0.02076131 -0.02369683 -0.1825155 0.09359377 -0.02369683 -0.1169095 0.09359383 -0.005005836 -0.1169095 0.09935992 -0.02369683 -0.09789884 0.09935992 -0.005005836 -0.09789884 0.00598818 -0.02369683 -0.2086487 0.00598818 -0.005005836 -0.2086487 0.01445674 -0.02369683 -0.2001802 0.01445674 -0.005005836 -0.2001802 0.0110647 -0.02369683 -0.2052567 0.0110647 -0.005005836 -0.2052567 0.1012942 -0.02369683 -0.07859498 0.1012942 -0.005005836 -0.07859498 0.05628222 -0.02369683 -0.1623739 0.05628222 -0.005005836 -0.1623739 0.01567244 -0.02369683 -0.1936908 0.01567244 -0.005005836 -0.1936908 0.08423221 -0.005005836 -0.1344238 0.08423221 -0.02369683 -0.1344238 0.03876787 -0.005005836 -0.1717355 0.03876787 -0.02369683 -0.1717355 0.07163363 -0.005005836 -0.1497752 0.07163363 -0.02369683 -0.1497752 0.01665413 -0.005005836 -0.1794695 0.01665413 -0.02369683 -0.1794695 0.1064012 -0.02870267 0.07885253 0.1043739 -0.02870267 0.09890288 0.09831804 -0.02870267 0.1188663 0.08848392 -0.02870267 0.1372647 0.07524943 -0.02870267 0.153391 0.05912309 -0.02870267 0.1666256 0.04072475 -0.02870267 0.1764597 0.02076137 -0.02870267 0.1825156 0.1064012 0 0.07885253 0.1043739 0 0.09890288 0.09831809 0 0.1188663 0.08848392 0 0.1372647 0.07524943 0 0.153391 0.05912309 0 0.1666256 0.04072475 0 0.1764597 0.02076137 0 0.1825156 0.02076137 -0.02870267 0.1941921 0.00794506 -0.02870267 0.213373 0.0146805 -0.02870267 0.2088724 0.01918101 -0.02870267 0.202137 0.02076137 0 0.1941921 0.00794512 0 0.213373 0.0146805 0 0.2088724 0.01918101 0 0.202137 0.0042665 0 0.1838995 0.0042665 -0.02870267 0.1838995 0.007883429 0 0.1863161 0.007883429 -0.02870267 0.1863161 0.01030015 0 0.1899331 0.01030015 -0.02870267 0.1899331 0.01114881 0 0.1941995 0.01114881 -0.02870267 0.1941995 0.01030015 0 0.198466 0.01030015 -0.02870267 0.198466 0.007883429 -0.02870267 0.2020829 0.007883429 0 0.2020829 0.0042665 0 0.2044996 0.0042665 -0.02870267 0.2044996 0.09831804 -0.02369683 0.1188663 0.09831809 -0.005005836 0.1188663 0.1043739 -0.02369683 0.09890288 0.1043739 -0.005005836 0.09890288 0.00794506 -0.02369683 0.213373 0.00794506 -0.005005836 0.213373 0.01918101 -0.02369683 0.202137 0.01918101 -0.005005836 0.202137 0.0146805 -0.02369683 0.2088724 0.0146805 -0.005005836 0.2088724 0.1064012 -0.02369683 0.07885253 0.1064012 -0.005005836 0.07885253 0.05912309 -0.02369683 0.1666256 0.05912309 -0.005005836 0.1666256 0.02076137 -0.02369683 0.1941921 0.02076137 -0.005005836 0.1941921 0.08848392 -0.005005836 0.1372647 0.08848392 -0.02369683 0.1372647 0.04072475 -0.005005836 0.1764597 0.04072475 -0.02369683 0.1764597 0.07524943 -0.005005836 0.153391 0.07524943 -0.02369683 0.153391 0.02076137 -0.005005836 0.1825155 0.02076137 -0.02369683 0.1825155 0.09359383 -0.02369683 0.1169095 0.09359383 -0.005005836 0.1169095 0.09935998 -0.02369683 0.09789878 0.09935998 -0.005005836 0.09789878 0.00598824 -0.02369683 0.2086487 0.00598824 -0.005005836 0.2086487 0.01445674 -0.02369683 0.2001802 0.01445674 -0.005005836 0.2001802 0.01106476 -0.02369683 0.2052567 0.01106476 -0.005005836 0.2052567 0.1012942 -0.02369683 0.07859498 0.1012942 -0.005005836 0.07859498 0.05628222 -0.02369683 0.1623739 0.05628222 -0.005005836 0.1623739 0.0156725 -0.02369683 0.1936908 0.0156725 -0.005005836 0.1936908 -0.02102482 -0.08741062 0.04548394 -0.01105338 -0.09249126 0.04548394 -0.02893817 -0.07949721 0.04548394 -0.03401887 -0.06952583 0.04548394 -0.03576952 -0.05847239 0.04548394 0 -0.09424197 0.04548394 -0.03576952 -0.02870267 0.04548394 0 -0.08855515 0.05050617 0.08423227 -0.005005836 0.1344238 0.08423227 -0.02369683 0.1344238 0.03876793 -0.005005836 0.1717355 0.03876793 -0.02369683 0.1717355 0 -0.05847239 0.05050617 -0.03015273 -0.05803036 0.05050617 -0.0286104 -0.06776851 0.05050617 -0.02433741 -0.07615458 0.05050617 -0.01768219 -0.08280986 0.05050617 -0.009296059 -0.0870828 0.05050617 0.07163369 -0.005005836 0.1497753 0.07163369 -0.02369683 0.1497753 0.01665419 -0.005005836 0.1794695 0.01665419 -0.02369683 0.1794695 0.1064012 0 -0.01747453 -0.03015273 -0.02870267 0.05050617 0.1064012 0 0.01747453 0.1064012 -0.005005836 0.01747453 0.1064012 -0.005005836 -0.01747453 0.1367242 0 -0.01747453 0.1367242 0 0.01747453 0.1367242 -0.005005836 0.01747453 0.1367242 -0.005005836 -0.01747453 0.1367242 0 -0.005824804 0.1367242 0 0.005824804 0.1367242 -0.005005836 0.005824804 0.1367242 -0.005005836 -0.005824863 0.126536 0 -0.005824804 0.126536 0 0.005824804 0.126536 -0.005005836 0.005824804 0.126536 -0.005005836 -0.005824863 0 -0.02870267 -0.07885253 0 -0.02870267 0.1170231 0 -0.02870267 0.04548394 0 -0.02870267 0.05050617 0.128623 0 -0.002912402 0.1291977 0 0 0.128623 0 0.002912402 0.128623 -0.005005836 0.002912402 0.1291977 -0.005005836 0 0.128623 -0.005005836 -0.002912402 0.03015279 -0.02870267 0.04548394 0.03576964 -0.02870267 0.1170231 0.02102488 -0.08741062 0.04548394 0.01105344 -0.09249126 0.04548394 0.02893823 -0.07949721 0.04548394 0.03401893 -0.06952583 0.04548394 0.03576958 -0.05847239 0.04548394 0.03576958 -0.02870267 0.04548394 0.03015279 -0.05803036 0.05050617 0.02861046 -0.06776851 0.05050617 0.02433747 -0.07615458 0.05050617 0.01768225 -0.08280986 0.05050617 0.009296119 -0.0870828 0.05050617 0.03015279 -0.02870267 0.05050617 -0.05627852 -0.1223958 0 -0.05367827 -0.1213188 0 -0.05107808 -0.1223958 0 -0.05000102 -0.124996 0 -0.05107808 -0.1275962 0 -0.05367827 -0.1286733 0 -0.05627852 -0.1275962 0 -0.05735558 -0.124996 0 -0.05627852 -0.1223989 -0.09115433 -0.05367827 -0.1213232 -0.09110146 -0.05107808 -0.1223989 -0.09115433 -0.05000102 -0.124996 -0.09128189 -0.05107808 -0.1275931 -0.0914095 -0.05367827 -0.1286689 -0.09146237 -0.05627852 -0.1275931 -0.0914095 -0.05735558 -0.124996 -0.09128189 -0.05627852 -0.1210883 -0.1045572 -0.05367827 -0.120032 -0.104347 -0.05107808 -0.1210883 -0.1045572 -0.05000102 -0.1236386 -0.1050644 -0.05107808 -0.1261888 -0.1055717 -0.05367827 -0.1272451 -0.1057818 -0.05627852 -0.1261888 -0.1055717 -0.05735558 -0.1236386 -0.1050644 -0.05627852 -0.1172161 -0.1173222 -0.05367833 -0.116221 -0.11691 -0.05107808 -0.1172161 -0.1173222 -0.05000102 -0.1196184 -0.1183173 -0.05107808 -0.1220207 -0.1193123 -0.05367833 -0.1230157 -0.1197245 -0.05627852 -0.1220207 -0.1193123 -0.05735558 -0.1196184 -0.1183173 -0.05627852 -0.1109279 -0.1290866 -0.05367833 -0.1100324 -0.1284882 -0.05107808 -0.1109279 -0.1290866 -0.05000102 -0.1130899 -0.1305311 -0.05107808 -0.1152519 -0.1319758 -0.05367833 -0.1161474 -0.1325742 -0.05627852 -0.1152519 -0.1319758 -0.05735558 -0.1130899 -0.1305311 -0.05627852 -0.1024655 -0.1393981 -0.05367833 -0.1017038 -0.1386365 -0.05107808 -0.1024655 -0.1393981 -0.05000102 -0.1043041 -0.1412367 -0.05107808 -0.1061427 -0.1430754 -0.05367833 -0.1069043 -0.1438369 -0.05627852 -0.1061427 -0.1430754 -0.05735558 -0.1043041 -0.1412367 -0.05627852 -0.0921539 -0.1478606 -0.05367833 -0.09155553 -0.146965 -0.05107808 -0.0921539 -0.1478606 -0.05000102 -0.09359848 -0.1500226 -0.05107808 -0.09504312 -0.1521846 -0.05367833 -0.09564149 -0.1530801 -0.05627852 -0.09504312 -0.1521846 -0.05735558 -0.09359848 -0.1500226 -0.05627852 -0.08038955 -0.1541488 -0.05367833 -0.07997739 -0.1531537 -0.05107808 -0.08038955 -0.1541488 -0.05000102 -0.08138459 -0.156551 -0.05107808 -0.08237969 -0.1589533 -0.05367833 -0.08279186 -0.1599484 -0.05627852 -0.08237969 -0.1589533 -0.05735558 -0.08138459 -0.156551 -0.05627852 -0.0676245 -0.158021 -0.05367833 -0.06741434 -0.1569646 -0.05107808 -0.0676245 -0.158021 -0.05000102 -0.06813174 -0.1605712 -0.05107808 -0.06863903 -0.1631215 -0.05367833 -0.06884914 -0.1641778 -0.05627852 -0.06863903 -0.1631215 -0.05735558 -0.06813174 -0.1605712 -0.05627852 -0.05422168 -0.1593316 -0.05367833 -0.05416882 -0.1582559 -0.05107808 -0.05422168 -0.1593316 -0.05000102 -0.05434924 -0.1619287 -0.05107808 -0.05447685 -0.1645258 -0.05367833 -0.05452972 -0.1656015 -0.05627852 -0.05447685 -0.1645258 -0.05735558 -0.05434924 -0.1619287 -0.05627852 -0.02810508 -0.1593285 -0.05367833 -0.02810508 -0.1582514 -0.05107808 -0.02810508 -0.1593285 -0.05000102 -0.02810508 -0.1619287 -0.05107808 -0.02810508 -0.1645289 -0.05367833 -0.02810508 -0.1656059 -0.05627852 -0.02810508 -0.1645289 -0.05735558 -0.02810508 -0.1619287 0.05627858 -0.1223958 0 0.05367833 -0.1213188 0 0.05107814 -0.1223958 0 0.05000108 -0.124996 0 0.05107814 -0.1275962 0 0.05367833 -0.1286733 0 0.05627858 -0.1275962 0 0.05735564 -0.124996 0 0.05627852 -0.1223989 -0.09115433 0.05367833 -0.1213232 -0.09110152 0.05107814 -0.1223989 -0.09115433 0.05000108 -0.124996 -0.09128195 0.05107814 -0.1275931 -0.0914095 0.05367833 -0.1286689 -0.09146237 0.05627852 -0.1275931 -0.0914095 0.05735558 -0.124996 -0.09128195 0.05627852 -0.1210883 -0.1045572 0.05367833 -0.120032 -0.104347 0.05107814 -0.1210883 -0.1045572 0.05000108 -0.1236386 -0.1050644 0.05107814 -0.1261888 -0.1055717 0.05367833 -0.1272451 -0.1057818 0.05627852 -0.1261888 -0.1055717 0.05735558 -0.1236386 -0.1050644 0.05627852 -0.1172161 -0.1173222 0.05367833 -0.116221 -0.11691 0.05107814 -0.1172161 -0.1173222 0.05000108 -0.1196184 -0.1183173 0.05107814 -0.1220207 -0.1193123 0.05367833 -0.1230157 -0.1197245 0.05627852 -0.1220207 -0.1193123 0.05735558 -0.1196184 -0.1183173 0.05627852 -0.1109279 -0.1290866 0.05367833 -0.1100324 -0.1284882 0.05107814 -0.1109279 -0.1290866 0.05000108 -0.1130899 -0.1305311 0.05107814 -0.1152519 -0.1319758 0.05367833 -0.1161474 -0.1325742 0.05627852 -0.1152519 -0.1319758 0.05735558 -0.1130899 -0.1305311 0.05627852 -0.1024655 -0.1393981 0.05367833 -0.1017038 -0.1386365 0.05107814 -0.1024655 -0.1393981 0.05000108 -0.1043041 -0.1412367 0.05107814 -0.1061427 -0.1430754 0.05367833 -0.1069043 -0.1438369 0.05627852 -0.1061427 -0.1430754 0.05735558 -0.1043041 -0.1412367 0.05627852 -0.0921539 -0.1478606 0.05367833 -0.09155553 -0.146965 0.05107814 -0.0921539 -0.1478606 0.05000108 -0.09359848 -0.1500226 0.05107814 -0.09504312 -0.1521846 0.05367833 -0.09564149 -0.1530801 0.05627852 -0.09504312 -0.1521846 0.05735558 -0.09359848 -0.1500226 0.05627852 -0.08038955 -0.1541488 0.05367833 -0.07997739 -0.1531537 0.05107814 -0.08038955 -0.1541488 0.05000108 -0.08138459 -0.156551 0.05107814 -0.08237969 -0.1589533 0.05367833 -0.08279186 -0.1599484 0.05627852 -0.08237969 -0.1589533 0.05735558 -0.08138459 -0.156551 0.05627852 -0.0676245 -0.158021 0.05367833 -0.06741434 -0.1569646 0.05107814 -0.0676245 -0.158021 0.05000108 -0.06813174 -0.1605712 0.05107814 -0.06863903 -0.1631215 0.05367833 -0.06884914 -0.1641778 0.05627852 -0.06863903 -0.1631215 0.05735558 -0.06813174 -0.1605712 0.05627852 -0.05422168 -0.1593316 0.05367833 -0.05416882 -0.1582559 0.05107814 -0.05422168 -0.1593316 0.05000108 -0.05434924 -0.1619287 0.05107814 -0.05447685 -0.1645258 0.05367833 -0.05452972 -0.1656015 0.05627852 -0.05447685 -0.1645258 0.05735558 -0.05434924 -0.1619287 0.05627852 -0.02810508 -0.1593285 0.05367833 -0.02810508 -0.1582514 0.05107814 -0.02810508 -0.1593285 0.05000108 -0.02810508 -0.1619287 0.05107814 -0.02810508 -0.1645289 0.05367833 -0.02810508 -0.1656059 0.05627852 -0.02810508 -0.1645289 0.05735558 -0.02810508 -0.1619287 -0.05627852 -0.1223989 0.09115433 -0.05367827 -0.1213232 0.09110152 -0.05107808 -0.1223989 0.09115433 -0.05000102 -0.124996 0.09128195 -0.05107808 -0.1275931 0.0914095 -0.05367827 -0.1286689 0.09146237 -0.05627852 -0.1275931 0.0914095 -0.05735552 -0.124996 0.09128195 -0.05627852 -0.1210883 0.1045572 -0.05367827 -0.120032 0.104347 -0.05107808 -0.1210883 0.1045572 -0.05000102 -0.1236386 0.1050644 -0.05107808 -0.1261888 0.1055717 -0.05367827 -0.1272451 0.1057818 -0.05627852 -0.1261888 0.1055717 -0.05735552 -0.1236386 0.1050644 -0.05627846 -0.1172161 0.1173222 -0.05367827 -0.116221 0.11691 -0.05107808 -0.1172161 0.1173222 -0.05000102 -0.1196184 0.1183173 -0.05107808 -0.1220207 0.1193123 -0.05367827 -0.1230157 0.1197245 -0.05627846 -0.1220207 0.1193123 -0.05735552 -0.1196184 0.1183173 -0.05627846 -0.1109279 0.1290866 -0.05367827 -0.1100324 0.1284882 -0.05107808 -0.1109279 0.1290866 -0.05000102 -0.1130899 0.1305311 -0.05107808 -0.1152519 0.1319758 -0.05367827 -0.1161474 0.1325742 -0.05627846 -0.1152519 0.1319758 -0.05735552 -0.1130899 0.1305311 -0.05627846 -0.1024655 0.1393981 -0.05367827 -0.1017038 0.1386365 -0.05107808 -0.1024655 0.1393981 -0.05000102 -0.1043041 0.1412367 -0.05107808 -0.1061427 0.1430754 -0.05367827 -0.1069043 0.1438369 -0.05627846 -0.1061427 0.1430754 -0.05735552 -0.1043041 0.1412367 -0.05627846 -0.0921539 0.1478606 -0.05367827 -0.09155553 0.146965 -0.05107808 -0.0921539 0.1478606 -0.05000102 -0.09359848 0.1500226 -0.05107808 -0.09504312 0.1521846 -0.05367827 -0.09564149 0.1530801 -0.05627846 -0.09504312 0.1521846 -0.05735552 -0.09359848 0.1500226 -0.05627846 -0.08038955 0.1541488 -0.05367827 -0.07997739 0.1531537 -0.05107808 -0.08038955 0.1541488 -0.05000102 -0.08138459 0.156551 -0.05107808 -0.08237969 0.1589533 -0.05367827 -0.08279186 0.1599484 -0.05627846 -0.08237969 0.1589533 -0.05735552 -0.08138459 0.156551 -0.05627846 -0.0676245 0.158021 -0.05367827 -0.06741434 0.1569647 -0.05107808 -0.0676245 0.158021 -0.05000102 -0.06813174 0.1605712 -0.05107808 -0.06863903 0.1631215 -0.05367827 -0.06884914 0.1641778 -0.05627846 -0.06863903 0.1631215 -0.05735552 -0.06813174 0.1605712 -0.05627852 -0.05422168 0.1593316 -0.05367827 -0.05416882 0.1582559 -0.05107808 -0.05422168 0.1593316 -0.05000102 -0.05434924 0.1619287 -0.05107808 -0.05447685 0.1645258 -0.05367827 -0.05452972 0.1656015 -0.05627852 -0.05447685 0.1645258 -0.05735552 -0.05434924 0.1619287 -0.05627852 -0.02810508 0.1593285 -0.05367827 -0.02810508 0.1582515 -0.05107808 -0.02810508 0.1593285 -0.05000102 -0.02810508 0.1619287 -0.05107808 -0.02810508 0.1645289 -0.05367827 -0.02810508 0.165606 -0.05627852 -0.02810508 0.1645289 -0.05735552 -0.02810508 0.1619287 0.05627858 -0.1223989 0.09115433 0.05367833 -0.1213232 0.09110152 0.05107814 -0.1223989 0.09115433 0.05000108 -0.124996 0.09128195 0.05107814 -0.1275931 0.0914095 0.05367833 -0.1286689 0.09146237 0.05627858 -0.1275931 0.0914095 0.05735564 -0.124996 0.09128195 0.05627858 -0.1210883 0.1045572 0.05367833 -0.120032 0.104347 0.05107814 -0.1210883 0.1045572 0.05000108 -0.1236386 0.1050644 0.05107814 -0.1261888 0.1055717 0.05367833 -0.1272451 0.1057818 0.05627858 -0.1261888 0.1055717 0.05735564 -0.1236386 0.1050644 0.05627858 -0.1172161 0.1173222 0.05367833 -0.116221 0.11691 0.05107814 -0.1172161 0.1173222 0.05000108 -0.1196184 0.1183173 0.05107814 -0.1220207 0.1193123 0.05367833 -0.1230157 0.1197245 0.05627858 -0.1220207 0.1193123 0.05735564 -0.1196184 0.1183173 0.05627858 -0.1109279 0.1290866 0.05367833 -0.1100324 0.1284882 0.05107814 -0.1109279 0.1290866 0.05000108 -0.1130899 0.1305311 0.05107814 -0.1152519 0.1319758 0.05367833 -0.1161474 0.1325742 0.05627858 -0.1152519 0.1319758 0.05735564 -0.1130899 0.1305311 0.05627858 -0.1024655 0.1393981 0.05367833 -0.1017038 0.1386365 0.05107814 -0.1024655 0.1393981 0.05000108 -0.1043041 0.1412367 0.05107814 -0.1061427 0.1430754 0.05367833 -0.1069043 0.1438369 0.05627858 -0.1061427 0.1430754 0.05735564 -0.1043041 0.1412367 0.05627858 -0.0921539 0.1478606 0.05367833 -0.09155553 0.146965 0.05107814 -0.0921539 0.1478606 0.05000108 -0.09359848 0.1500226 0.05107814 -0.09504312 0.1521846 0.05367833 -0.09564149 0.1530801 0.05627858 -0.09504312 0.1521846 0.05735564 -0.09359848 0.1500226 0.05627858 -0.08038955 0.1541488 0.05367833 -0.07997739 0.1531537 0.05107814 -0.08038955 0.1541488 0.05000108 -0.08138459 0.156551 0.05107814 -0.08237969 0.1589533 0.05367833 -0.08279186 0.1599484 0.05627858 -0.08237969 0.1589533 0.05735564 -0.08138459 0.156551 0.05627858 -0.0676245 0.158021 0.05367833 -0.06741434 0.1569647 0.05107814 -0.0676245 0.158021 0.05000108 -0.06813174 0.1605712 0.05107814 -0.06863903 0.1631215 0.05367833 -0.06884914 0.1641778 0.05627858 -0.06863903 0.1631215 0.05735564 -0.06813174 0.1605712 0.05627858 -0.05422168 0.1593316 0.05367839 -0.05416882 0.1582559 0.05107814 -0.05422168 0.1593316 0.05000108 -0.05434924 0.1619287 0.05107814 -0.05447685 0.1645258 0.05367839 -0.05452972 0.1656015 0.05627858 -0.05447685 0.1645258 0.05735564 -0.05434924 0.1619287 0.05627858 -0.02810508 0.1593285 0.05367839 -0.02810508 0.1582515 0.05107814 -0.02810508 0.1593285 0.05000108 -0.02810508 0.1619287 0.05107814 -0.02810508 0.1645289 0.05367839 -0.02810508 0.165606 0.05627858 -0.02810508 0.1645289 0.05735564 -0.02810508 0.1619287 -0.1033799 -0.02810508 -0.08074188 -0.1007796 -0.02810508 -0.08181893 -0.09817939 -0.02810508 -0.08074188 -0.09710234 -0.02810508 -0.07814168 -0.09817939 -0.02810508 -0.07554149 -0.1007796 -0.02810508 -0.07446444 -0.1033799 -0.02810508 -0.07554149 -0.1044569 -0.02810508 -0.07814168 -0.1033767 -0.06618642 -0.08074188 -0.1007796 -0.06605881 -0.08181893 -0.09818255 -0.06593126 -0.08074188 -0.09710681 -0.06587839 -0.07814168 -0.09818255 -0.06593126 -0.07554149 -0.1007796 -0.06605881 -0.07446444 -0.1033767 -0.06618642 -0.07554149 -0.1044524 -0.06623923 -0.07814168 -0.1019724 -0.08034861 -0.08074188 -0.09942215 -0.07984131 -0.08181893 -0.09687191 -0.07933408 -0.08074188 -0.09581553 -0.07912391 -0.07814168 -0.09687191 -0.07933408 -0.07554149 -0.09942215 -0.07984131 -0.07446444 -0.1019724 -0.08034861 -0.07554149 -0.1030287 -0.08055871 -0.07814168 -0.09780424 -0.09408921 -0.08074188 -0.09540194 -0.09309417 -0.08181893 -0.09299969 -0.09209913 -0.08074194 -0.09200459 -0.09168696 -0.07814168 -0.09299969 -0.09209913 -0.07554149 -0.09540194 -0.09309417 -0.07446444 -0.09780424 -0.09408921 -0.07554149 -0.09879928 -0.09450137 -0.07814168 -0.09103548 -0.1067527 -0.08074194 -0.08887344 -0.1053081 -0.08181893 -0.08671146 -0.1038635 -0.08074194 -0.08581596 -0.1032651 -0.07814168 -0.08671146 -0.1038635 -0.07554149 -0.08887344 -0.1053081 -0.07446444 -0.09103548 -0.1067527 -0.07554149 -0.09193098 -0.107351 -0.07814168 -0.08192628 -0.1178523 -0.08074194 -0.08008766 -0.1160137 -0.08181893 -0.07824903 -0.114175 -0.08074194 -0.0774874 -0.1134134 -0.07814168 -0.07824903 -0.114175 -0.07554149 -0.08008766 -0.1160137 -0.07446444 -0.08192628 -0.1178523 -0.07554149 -0.08268785 -0.1186138 -0.07814168 -0.0708267 -0.1269615 -0.08074194 -0.06938207 -0.1247995 -0.08181893 -0.06793749 -0.1226375 -0.08074194 -0.06733912 -0.121742 -0.07814168 -0.06793749 -0.1226375 -0.07554149 -0.06938207 -0.1247995 -0.07446444 -0.07082664 -0.1269615 -0.07554149 -0.07142508 -0.127857 -0.07814168 -0.05816322 -0.1337302 -0.08074194 -0.05716818 -0.1313279 -0.08181893 -0.05617308 -0.1289256 -0.08074194 -0.05576092 -0.1279306 -0.07814168 -0.05617308 -0.1289256 -0.07554149 -0.05716818 -0.1313279 -0.07446444 -0.05816322 -0.1337302 -0.07554149 -0.05857539 -0.1347253 -0.07814168 -0.04442256 -0.1378984 -0.08074194 -0.04391533 -0.1353482 -0.08181893 -0.04340803 -0.1327979 -0.08074194 -0.04319792 -0.1317415 -0.07814168 -0.04340803 -0.1327979 -0.07554149 -0.04391533 -0.1353482 -0.07446444 -0.04442256 -0.1378984 -0.07554149 -0.04463273 -0.1389548 -0.07814168 -0.03026038 -0.1393027 -0.08074194 -0.03013283 -0.1367056 -0.08181893 -0.03000521 -0.1341085 -0.08074194 -0.0299524 -0.1330328 -0.07814168 -0.03000521 -0.1341085 -0.07554149 -0.03013283 -0.1367056 -0.07446444 -0.03026038 -0.1393027 -0.07554149 -0.03031325 -0.1403784 -0.07814168 0 -0.1393027 -0.08074194 0 -0.1341085 -0.07554149 0 -0.1367056 -0.08181893 0 -0.1367056 -0.07446444 0 -0.1341085 -0.08074194 0 -0.1393027 -0.07554149 0 -0.1330328 -0.07814168 0 -0.1403784 -0.07814168 0.1033798 -0.02810508 -0.08074194 0.1007796 -0.02810508 -0.08181893 0.09817939 -0.02810508 -0.08074194 0.09710234 -0.02810508 -0.07814168 0.09817939 -0.02810508 -0.07554149 0.1007796 -0.02810508 -0.07446444 0.1033798 -0.02810508 -0.07554149 0.1044569 -0.02810508 -0.07814168 0.1033767 -0.06618642 -0.08074194 0.1007796 -0.06605881 -0.08181893 0.09818249 -0.06593126 -0.08074194 0.09710675 -0.06587839 -0.07814168 0.09818249 -0.06593126 -0.07554149 0.1007796 -0.06605881 -0.07446444 0.1033767 -0.06618642 -0.07554149 0.1044524 -0.06623923 -0.07814168 0.1019724 -0.08034861 -0.08074194 0.09942209 -0.07984131 -0.08181893 0.09687191 -0.07933408 -0.08074194 0.09581553 -0.07912391 -0.07814168 0.09687191 -0.07933408 -0.07554149 0.09942209 -0.07984131 -0.07446444 0.1019724 -0.08034861 -0.07554149 0.1030287 -0.08055871 -0.07814168 0.09780418 -0.09408921 -0.08074194 0.09540194 -0.09309417 -0.08181893 0.09299963 -0.09209913 -0.08074194 0.09200459 -0.09168696 -0.07814168 0.09299963 -0.09209913 -0.07554149 0.09540194 -0.09309417 -0.07446444 0.09780418 -0.09408921 -0.07554149 0.09879928 -0.09450137 -0.07814168 0.09103548 -0.1067527 -0.08074194 0.08887344 -0.1053081 -0.08181893 0.08671146 -0.1038635 -0.08074194 0.08581596 -0.1032651 -0.07814168 0.08671146 -0.1038635 -0.07554149 0.08887344 -0.1053081 -0.07446444 0.09103548 -0.1067527 -0.07554149 0.09193098 -0.107351 -0.07814168 0.08192628 -0.1178523 -0.08074194 0.08008766 -0.1160137 -0.08181893 0.07824897 -0.114175 -0.08074194 0.0774874 -0.1134134 -0.07814168 0.07824897 -0.114175 -0.07554149 0.08008766 -0.1160137 -0.07446444 0.08192628 -0.1178523 -0.07554149 0.08268785 -0.1186138 -0.07814168 0.07082664 -0.1269615 -0.08074194 0.06938207 -0.1247995 -0.08181893 0.06793749 -0.1226375 -0.08074194 0.06733912 -0.121742 -0.07814168 0.06793749 -0.1226375 -0.07554149 0.06938207 -0.1247995 -0.07446444 0.07082664 -0.1269615 -0.07554149 0.07142502 -0.127857 -0.07814168 0.05816322 -0.1337302 -0.08074194 0.05716818 -0.1313279 -0.08181893 0.05617308 -0.1289256 -0.08074194 0.05576092 -0.1279306 -0.07814168 0.05617308 -0.1289256 -0.07554149 0.05716818 -0.1313279 -0.07446444 0.05816322 -0.1337302 -0.07554149 0.05857539 -0.1347253 -0.07814168 0.04442256 -0.1378984 -0.08074194 0.04391533 -0.1353482 -0.08181899 0.04340803 -0.1327979 -0.08074194 0.04319792 -0.1317415 -0.07814168 0.04340803 -0.1327979 -0.07554149 0.04391533 -0.1353482 -0.07446444 0.04442256 -0.1378984 -0.07554149 0.04463273 -0.1389548 -0.07814168 0.03026038 -0.1393027 -0.08074194 0.03013283 -0.1367056 -0.08181893 0.03000521 -0.1341085 -0.08074194 0.0299524 -0.1330328 -0.07814168 0.03000521 -0.1341085 -0.07554149 0.03013283 -0.1367056 -0.07446444 0.03026038 -0.1393027 -0.07554149 0.03031325 -0.1403784 -0.07814168 -0.1033798 -0.02810508 0.08019453 -0.1007796 -0.02810508 0.08127158 -0.09817939 -0.02810508 0.08019453 -0.09710234 -0.02810508 0.07759433 -0.09817939 -0.02810508 0.07499414 -0.1007796 -0.02810508 0.07391709 -0.1033798 -0.02810508 0.07499414 -0.1044569 -0.02810508 0.07759433 -0.1033767 -0.06618642 0.08019453 -0.1007796 -0.06605881 0.08127158 -0.09818249 -0.06593126 0.08019459 -0.09710675 -0.06587839 0.07759433 -0.09818249 -0.06593126 0.07499414 -0.1007796 -0.06605881 0.07391709 -0.1033767 -0.06618642 0.07499414 -0.1044524 -0.06623923 0.07759433 -0.1019724 -0.08034861 0.08019459 -0.09942215 -0.07984131 0.08127158 -0.09687191 -0.07933408 0.08019459 -0.09581553 -0.07912391 0.07759433 -0.09687191 -0.07933408 0.07499414 -0.09942215 -0.07984131 0.07391709 -0.1019724 -0.08034861 0.07499414 -0.1030287 -0.08055871 0.07759433 -0.09780418 -0.09408921 0.08019459 -0.09540194 -0.09309417 0.08127158 -0.09299963 -0.09209913 0.08019459 -0.09200459 -0.09168696 0.07759433 -0.09299963 -0.09209913 0.07499414 -0.09540194 -0.09309417 0.07391709 -0.09780418 -0.09408921 0.07499414 -0.09879928 -0.09450137 0.07759433 -0.09103548 -0.1067527 0.08019459 -0.08887344 -0.1053081 0.08127164 -0.08671146 -0.1038635 0.08019459 -0.08581596 -0.1032651 0.07759433 -0.08671146 -0.1038635 0.07499414 -0.08887344 -0.1053081 0.07391709 -0.09103548 -0.1067527 0.07499414 -0.09193098 -0.107351 0.07759433 -0.08192628 -0.1178523 0.08019459 -0.08008766 -0.1160137 0.08127164 -0.07824897 -0.114175 0.08019459 -0.0774874 -0.1134134 0.07759433 -0.07824897 -0.114175 0.07499414 -0.08008766 -0.1160137 0.07391709 -0.08192628 -0.1178523 0.07499414 -0.08268785 -0.1186138 0.07759433 -0.07082664 -0.1269615 0.08019459 -0.06938207 -0.1247995 0.08127164 -0.06793749 -0.1226375 0.08019459 -0.06733912 -0.121742 0.07759433 -0.06793749 -0.1226375 0.07499414 -0.06938207 -0.1247995 0.07391709 -0.07082664 -0.1269615 0.07499414 -0.07142502 -0.127857 0.07759433 -0.05816322 -0.1337302 0.08019459 -0.05716818 -0.1313279 0.08127164 -0.05617308 -0.1289256 0.08019459 -0.05576092 -0.1279306 0.07759433 -0.05617308 -0.1289256 0.07499414 -0.05716818 -0.1313279 0.07391709 -0.05816322 -0.1337302 0.07499414 -0.05857539 -0.1347253 0.07759433 -0.04442256 -0.1378984 0.08019459 -0.04391533 -0.1353482 0.08127164 -0.04340803 -0.1327979 0.08019459 -0.04319792 -0.1317415 0.07759433 -0.04340803 -0.1327979 0.07499414 -0.04391533 -0.1353482 0.07391709 -0.04442256 -0.1378984 0.07499414 -0.04463273 -0.1389548 0.07759433 -0.03026038 -0.1393027 0.08019459 -0.03013283 -0.1367056 0.08127158 -0.03000521 -0.1341085 0.08019459 -0.02995234 -0.1330328 0.07759433 -0.03000521 -0.1341085 0.07499414 -0.03013283 -0.1367056 0.07391709 -0.03026038 -0.1393027 0.07499414 -0.03031325 -0.1403784 0.07759433 0 -0.1393027 0.08019459 0 -0.1341085 0.07499414 0 -0.1367056 0.08127158 0 -0.1367056 0.07391709 0 -0.1341085 0.08019459 0 -0.1393027 0.07499414 0 -0.1330328 0.07759433 0 -0.1403784 0.07759433 0.1033799 -0.02810508 0.08019453 0.1007796 -0.02810508 0.08127158 0.09817939 -0.02810508 0.08019453 0.09710234 -0.02810508 0.07759433 0.09817939 -0.02810508 0.07499414 0.1007796 -0.02810508 0.07391709 0.1033799 -0.02810508 0.07499414 0.1044569 -0.02810508 0.07759433 0.1033767 -0.06618642 0.08019453 0.1007796 -0.06605881 0.08127158 0.09818255 -0.06593126 0.08019453 0.09710681 -0.06587839 0.07759433 0.09818255 -0.06593126 0.07499414 0.1007796 -0.06605881 0.07391709 0.1033767 -0.06618642 0.07499414 0.1044524 -0.06623923 0.07759433 0.1019724 -0.08034861 0.08019453 0.09942215 -0.07984131 0.08127158 0.09687191 -0.07933408 0.08019453 0.09581553 -0.07912391 0.07759433 0.09687191 -0.07933408 0.07499414 0.09942215 -0.07984131 0.07391709 0.1019724 -0.08034861 0.07499414 0.1030287 -0.08055871 0.07759433 0.09780424 -0.09408921 0.08019453 0.09540194 -0.09309417 0.08127158 0.09299969 -0.09209913 0.08019453 0.09200459 -0.09168696 0.07759433 0.09299969 -0.09209913 0.07499414 0.09540194 -0.09309417 0.07391709 0.09780424 -0.09408921 0.07499414 0.09879928 -0.09450137 0.07759433 0.09103548 -0.1067527 0.08019453 0.08887344 -0.1053081 0.08127158 0.08671146 -0.1038635 0.08019453 0.08581596 -0.1032651 0.07759433 0.08671146 -0.1038635 0.07499414 0.08887344 -0.1053081 0.07391709 0.09103548 -0.1067527 0.07499414 0.09193098 -0.107351 0.07759433 0.08192628 -0.1178523 0.08019453 0.08008766 -0.1160137 0.08127158 0.07824903 -0.114175 0.08019453 0.0774874 -0.1134134 0.07759433 0.07824903 -0.114175 0.07499414 0.08008766 -0.1160137 0.07391709 0.08192628 -0.1178523 0.07499414 0.08268785 -0.1186138 0.07759433 0.0708267 -0.1269615 0.08019453 0.06938207 -0.1247995 0.08127158 0.06793749 -0.1226375 0.08019453 0.06733912 -0.121742 0.07759433 0.06793749 -0.1226375 0.07499414 0.06938207 -0.1247995 0.07391709 0.07082664 -0.1269615 0.07499414 0.07142508 -0.127857 0.07759433 0.05816322 -0.1337302 0.08019453 0.05716818 -0.1313279 0.08127158 0.05617308 -0.1289256 0.08019453 0.05576092 -0.1279306 0.07759433 0.05617308 -0.1289256 0.07499414 0.05716818 -0.1313279 0.07391709 0.05816322 -0.1337302 0.07499414 0.05857539 -0.1347253 0.07759433 0.04442262 -0.1378984 0.08019453 0.04391533 -0.1353482 0.08127158 0.04340803 -0.1327979 0.08019453 0.04319792 -0.1317415 0.07759433 0.04340803 -0.1327979 0.07499414 0.04391533 -0.1353482 0.07391709 0.04442262 -0.1378984 0.07499414 0.04463273 -0.1389548 0.07759433 0.03026038 -0.1393027 0.08019459 0.03013283 -0.1367056 0.08127158 0.03000521 -0.1341085 0.08019459 0.0299524 -0.1330328 0.07759433 0.03000521 -0.1341085 0.07499414 0.03013283 -0.1367056 0.07391709 0.03026038 -0.1393027 0.07499414 0.03031325 -0.1403784 0.07759433 0.09580183 -0.05506658 -0.1234571 0.09483575 -0.05766677 -0.122981 0.09580183 -0.06026697 -0.1234571 0.09813427 -0.06134402 -0.1246064 0.1004667 -0.06026697 -0.1257558 0.1014328 -0.05766677 -0.1262319 0.1004667 -0.05506658 -0.1257558 0.09813427 -0.05398952 -0.1246064 0.1024656 -0.05506658 -0.1057797 0.1014252 -0.05766677 -0.1055008 0.1024656 -0.06026697 -0.1057797 0.1049771 -0.06134402 -0.1064531 0.1074886 -0.06026697 -0.1071264 0.1085289 -0.05766677 -0.1074053 0.1074886 -0.05506658 -0.1071264 0.1049771 -0.05398952 -0.1064531 0.1055182 -0.05506658 -0.08723938 0.1044448 -0.05766677 -0.08715146 0.1055182 -0.06026697 -0.08723938 0.1081098 -0.06134402 -0.08745157 0.1107013 -0.06026697 -0.08766376 0.1117748 -0.05766677 -0.08775168 0.1107013 -0.05506658 -0.08766376 0.1081098 -0.05398952 -0.08745157 0.1055183 -0.05506658 0.08723932 0.1044449 -0.05766677 0.0871514 0.1055183 -0.06026697 0.08723932 0.1081098 -0.06134402 0.08745151 0.1107014 -0.06026697 0.08766371 0.1117748 -0.05766677 0.08775162 0.1107014 -0.05506658 0.08766371 0.1081098 -0.05398952 0.08745151 0.1024656 -0.05506658 0.1057797 0.1014253 -0.05766677 0.1055007 0.1024656 -0.06026697 0.1057797 0.1049771 -0.06134402 0.106453 0.1074887 -0.06026697 0.1071263 0.108529 -0.05766677 0.1074052 0.1074887 -0.05506658 0.1071263 0.1049771 -0.05398952 0.106453 0.09580194 -0.05506658 0.1234571 0.09483581 -0.05766677 0.122981 0.09580194 -0.06026697 0.1234571 0.09813433 -0.06134402 0.1246064 0.1004667 -0.06026697 0.1257557 0.1014329 -0.05766677 0.1262318 0.1004667 -0.05506658 0.1257557 0.09813433 -0.05398952 0.1246064 0.08573716 -0.05506658 0.139682 0.08488041 -0.05766677 0.1390293 0.08573716 -0.06026697 0.139682 0.08780568 -0.06134402 0.1412576 0.08987414 -0.06026697 0.1428332 0.09073096 -0.05766677 0.1434858 0.08987414 -0.05506658 0.1428332 0.08780568 -0.05398952 0.1412576 0.07261139 -0.05506658 0.1538643 0.07189309 -0.05766677 0.1530618 0.07261139 -0.06026697 0.1538643 0.07434564 -0.06134402 0.1558017 0.0760799 -0.06026697 0.1577391 0.07679826 -0.05766677 0.1585416 0.0760799 -0.05506658 0.1577391 0.07434564 -0.05398952 0.1558017 0.05688077 -0.05506658 0.1654825 0.05632346 -0.05766677 0.1645609 0.05688077 -0.06026697 0.1654825 0.05822628 -0.06134402 0.1677075 0.05957186 -0.06026697 0.1699325 0.06012916 -0.05766677 0.1708542 0.05957186 -0.05506658 0.1699325 0.05822628 -0.05398952 0.1677075 0.03910183 -0.05506658 0.1741058 0.03872174 -0.05766677 0.173098 0.03910183 -0.06026697 0.1741058 0.04001957 -0.06134402 0.1765387 0.04093724 -0.06026697 0.1789715 0.0413174 -0.05766677 0.1799793 0.04093724 -0.05506658 0.1789715 0.04001957 -0.05398952 0.1765387 0.01991105 -0.05506658 0.1794124 0.01971846 -0.05766677 0.1783528 0.01991105 -0.06026697 0.1794124 0.0203759 -0.06134402 0.1819707 0.02084082 -0.06026697 0.1845291 0.02103334 -0.05766677 0.1855888 0.02084082 -0.05506658 0.1845291 0.0203759 -0.05398952 0.1819707 0 -0.05506658 0.1812037 0 -0.05766677 0.1801266 0 -0.06026697 0.1812036 0 -0.06134402 0.1838039 0 -0.06026697 0.1864041 0 -0.05766677 0.1874811 0 -0.05506658 0.1864041 0 -0.05398952 0.1838039 -0.01991093 -0.05506658 0.1794124 -0.01971834 -0.05766677 0.1783527 -0.01991093 -0.06026697 0.1794124 -0.02037578 -0.06134402 0.1819707 -0.0208407 -0.06026697 0.184529 -0.02103322 -0.05766677 0.1855887 -0.0208407 -0.05506658 0.184529 -0.02037578 -0.05398952 0.1819707 -0.03910171 -0.05506658 0.1741057 -0.03872162 -0.05766677 0.173098 -0.03910171 -0.06026697 0.1741057 -0.04001939 -0.06134402 0.1765386 -0.04093712 -0.06026697 0.1789715 -0.04131722 -0.05766677 0.1799792 -0.04093712 -0.05506658 0.1789715 -0.04001939 -0.05398952 0.1765386 -0.05688065 -0.05506658 0.1654824 -0.05632328 -0.05766677 0.1645608 -0.05688065 -0.06026697 0.1654824 -0.05822616 -0.06134402 0.1677075 -0.05957168 -0.06026697 0.1699324 -0.06012904 -0.05766677 0.170854 -0.05957168 -0.05506658 0.1699324 -0.05822616 -0.05398952 0.1677075 -0.07261127 -0.05506658 0.1538643 -0.07189291 -0.05766677 0.1530618 -0.07261127 -0.06026697 0.1538643 -0.07434552 -0.06134402 0.1558017 -0.07607978 -0.06026697 0.1577391 -0.07679814 -0.05766677 0.1585416 -0.07607978 -0.05506658 0.1577391 -0.07434552 -0.05398952 0.1558017 -0.08573704 -0.05506658 0.139682 -0.08488023 -0.05766677 0.1390294 -0.08573704 -0.06026697 0.139682 -0.0878055 -0.06134402 0.1412576 -0.08987396 -0.06026697 0.1428332 -0.09073078 -0.05766677 0.1434859 -0.08987396 -0.05506658 0.1428332 -0.0878055 -0.05398952 0.1412576 -0.09580183 -0.05506658 0.1234571 -0.09483569 -0.05766677 0.122981 -0.09580183 -0.06026697 0.1234571 -0.09813421 -0.06134402 0.1246064 -0.1004666 -0.06026697 0.1257558 -0.1014328 -0.05766677 0.1262319 -0.1004666 -0.05506658 0.1257558 -0.09813421 -0.05398952 0.1246064 -0.1024655 -0.05506658 0.1057797 -0.1014252 -0.05766677 0.1055008 -0.1024655 -0.06026697 0.1057797 -0.104977 -0.06134402 0.106453 -0.1074886 -0.06026697 0.1071263 -0.1085289 -0.05766677 0.1074053 -0.1074886 -0.05506658 0.1071263 -0.104977 -0.05398952 0.106453 -0.1055182 -0.05506658 0.08723938 -0.1044448 -0.05766677 0.08715146 -0.1055182 -0.06026697 0.08723938 -0.1081098 -0.06134402 0.08745157 -0.1107013 -0.06026697 0.08766376 -0.1117748 -0.05766677 0.08775168 -0.1107013 -0.05506658 0.08766376 -0.1081098 -0.05398952 0.08745157 -0.1055182 -0.05506658 -0.08723932 -0.1044448 -0.05766677 -0.0871514 -0.1055182 -0.06026697 -0.08723932 -0.1081098 -0.06134402 -0.08745151 -0.1107013 -0.06026697 -0.08766371 -0.1117748 -0.05766677 -0.08775156 -0.1107013 -0.05506658 -0.08766371 -0.1081098 -0.05398952 -0.08745151 -0.1024656 -0.05506658 -0.1057797 -0.1014252 -0.05766677 -0.1055007 -0.1024656 -0.06026697 -0.1057797 -0.1049771 -0.06134402 -0.106453 -0.1074886 -0.06026697 -0.1071263 -0.1085289 -0.05766677 -0.1074052 -0.1074886 -0.05506658 -0.1071263 -0.1049771 -0.05398952 -0.106453 -0.09580188 -0.05506658 -0.123457 -0.09483575 -0.05766677 -0.122981 -0.09580188 -0.06026697 -0.123457 -0.09813427 -0.06134402 -0.1246064 -0.1004667 -0.06026697 -0.1257557 -0.1014328 -0.05766677 -0.1262317 -0.1004667 -0.05506658 -0.1257557 -0.09813427 -0.05398952 -0.1246064 -0.08573716 -0.05506658 -0.1396819 -0.08488035 -0.05766677 -0.1390293 -0.08573716 -0.06026697 -0.1396819 -0.08780562 -0.06134402 -0.1412575 -0.08987408 -0.06026697 -0.1428332 -0.0907309 -0.05766677 -0.1434858 -0.08987408 -0.05506658 -0.1428331 -0.08780562 -0.05398952 -0.1412575 -0.07261139 -0.05506658 -0.1538643 -0.07189303 -0.05766677 -0.1530618 -0.07261139 -0.06026697 -0.1538643 -0.07434564 -0.06134402 -0.1558017 -0.0760799 -0.06026697 -0.1577391 -0.07679826 -0.05766677 -0.1585415 -0.0760799 -0.05506658 -0.1577391 -0.07434564 -0.05398952 -0.1558017 -0.05688077 -0.05506658 -0.1654825 -0.0563234 -0.05766677 -0.1645608 -0.05688077 -0.06026697 -0.1654825 -0.05822628 -0.06134402 -0.1677075 -0.0595718 -0.06026697 -0.1699324 -0.06012916 -0.05766677 -0.1708541 -0.0595718 -0.05506658 -0.1699324 -0.05822628 -0.05398952 -0.1677075 -0.03910183 -0.05506658 -0.1741058 -0.03872174 -0.05766677 -0.173098 -0.03910183 -0.06026697 -0.1741058 -0.04001957 -0.06134402 -0.1765386 -0.04093724 -0.06026697 -0.1789715 -0.0413174 -0.05766677 -0.1799792 -0.04093724 -0.05506658 -0.1789715 -0.04001957 -0.05398952 -0.1765386 -0.01991105 -0.05506658 -0.1794124 -0.01971846 -0.05766677 -0.1783527 -0.01991105 -0.06026697 -0.1794124 -0.0203759 -0.06134402 -0.1819707 -0.02084082 -0.06026697 -0.1845291 -0.0210334 -0.05766677 -0.1855887 -0.02084082 -0.05506658 -0.1845291 -0.0203759 -0.05398952 -0.1819707 0 -0.05506658 -0.1812037 0 -0.05766677 -0.1801267 0 -0.06026697 -0.1812037 0 -0.06134402 -0.1838039 0 -0.06026697 -0.1864041 0 -0.05766677 -0.1874812 0 -0.05506658 -0.1864041 0 -0.05398952 -0.1838039 0.01991093 -0.05506658 -0.1794124 0.01971834 -0.05766677 -0.1783527 0.01991093 -0.06026697 -0.1794124 0.02037584 -0.06134402 -0.1819707 0.0208407 -0.06026697 -0.1845291 0.02103328 -0.05766677 -0.1855888 0.0208407 -0.05506658 -0.1845291 0.02037584 -0.05398952 -0.1819707 0.03910177 -0.05506658 -0.1741058 0.03872162 -0.05766677 -0.173098 0.03910177 -0.06026697 -0.1741058 0.04001945 -0.06134402 -0.1765387 0.04093712 -0.06026697 -0.1789715 0.04131728 -0.05766677 -0.1799793 0.04093712 -0.05506658 -0.1789715 0.04001945 -0.05398952 -0.1765387 0.05688071 -0.05506658 -0.1654825 0.05632334 -0.05766677 -0.1645609 0.05688071 -0.06026697 -0.1654825 0.05822622 -0.06134402 -0.1677075 0.05957174 -0.06026697 -0.1699325 0.0601291 -0.05766677 -0.1708542 0.05957174 -0.05506658 -0.1699325 0.05822622 -0.05398952 -0.1677075 0.07261133 -0.05506658 -0.1538643 0.07189297 -0.05766677 -0.1530618 0.07261133 -0.06026697 -0.1538643 0.07434558 -0.06134402 -0.1558017 0.07607978 -0.06026697 -0.1577391 0.07679814 -0.05766677 -0.1585416 0.07607978 -0.05506658 -0.1577391 0.07434558 -0.05398952 -0.1558017 0.0857371 -0.05506658 -0.1396821 0.08488035 -0.05766677 -0.1390294 0.0857371 -0.06026697 -0.1396821 0.08780556 -0.06134402 -0.1412577 0.08987408 -0.06026697 -0.1428332 0.09073084 -0.05766677 -0.1434859 0.08987408 -0.05506658 -0.1428332 0.08780556 -0.05398952 -0.1412577 -0.1343866 -0.01483869 0.002694606 -0.1346102 -0.01475477 -0.00195074 -0.1353128 -0.01389276 0.00288701 -0.1357247 -0.01267695 0.005723237 -0.1330745 -0.01483869 -0.006340682 -0.1339077 -0.01389276 -0.006788611 -0.1334958 -0.01267695 -0.009624838 -0.1302039 -0.01483869 -0.00998038 -0.1262927 -0.01475477 -0.0124967 -0.1308336 -0.01389276 -0.01068621 -0.121723 -0.01483869 -0.01336169 -0.1213185 -0.01483869 -2.2953e-5 -0.1217517 -0.01389276 -0.01430714 -0.1190895 -0.01267695 -0.01536858 -0.1171357 -0.01483869 -0.01269549 -0.1130008 -0.01475477 -0.01056641 -0.1168392 -0.01389276 -0.01359379 -0.1099669 -0.01483869 -0.007041454 -0.1091624 -0.01389276 -0.007539033 -0.1069121 -0.01267695 -0.005764245 -0.1082502 -0.01483869 -0.002735614 -0.1080266 -0.01475477 0.001909732 -0.107324 -0.01389276 -0.002928018 -0.1095623 -0.01483869 0.006299674 -0.1087291 -0.01389276 0.006747603 -0.109141 -0.01267695 0.009583771 -0.1124329 -0.01483869 0.009939312 -0.1163442 -0.01475477 0.01245564 -0.1118032 -0.01389276 0.01064521 -0.1209138 -0.01483869 0.01332062 -0.1208851 -0.01389276 0.01426613 -0.1235473 -0.01267695 0.01532757 -0.1255012 -0.01483869 0.01265448 -0.129636 -0.01475477 0.0105254 -0.1257976 -0.01389276 0.01355272 -0.1326699 -0.01483869 0.007000446 -0.1334744 -0.01389276 0.007498025 -0.109141 -0.005235075 0.009583771 -0.1357247 -0.005235016 0.005723237 -0.1190895 -0.005235016 -0.01536858 -0.1069121 -0.005235075 -0.005764245 -0.1235473 -0.005235016 0.01532757 -0.1334958 -0.005235016 -0.009624838 0.128742 -0.01483869 0.01107197 0.1321558 -0.01475477 0.007913649 0.1341353 -0.01483869 0.003705084 0.1245005 -0.01483869 0.01294207 0.1154239 -0.01483869 0.01195484 0.1198661 -0.01475477 0.01333212 0.1150062 -0.01389276 0.01280349 0.124726 -0.01389276 0.0138607 0.112157 -0.005235016 0.01249361 0.1275751 -0.005235016 0.01417064 0.1275751 -0.01267695 0.01417064 0.1367366 -0.005235016 0.001656591 0.1292681 -0.01389276 0.0118581 0.1304798 -0.005235016 -0.01253432 0.1059002 -0.005235016 -0.001697361 0.1150617 -0.005235016 -0.01421135 0.1150617 -0.01267695 -0.01421135 0.1179108 -0.01389276 -0.01390147 0.1227707 -0.01475477 -0.01337283 0.1133687 -0.01389276 -0.01189887 0.110481 -0.01475477 -0.007954359 0.1075932 -0.01389276 -0.004009842 0.1138948 -0.01483869 -0.01111274 0.1085016 -0.01483869 -0.003745794 0.1080003 -0.01483869 8.62466e-4 0.1090286 -0.01475477 0.005398094 0.1116836 -0.01483869 0.009216606 0.1110008 -0.01389276 0.009871244 0.112157 -0.01267695 0.01249361 0.1070564 -0.01389276 9.25031e-4 0.1059002 -0.01267695 -0.001697361 0.1213178 -0.01483869 -2.27328e-5 0.1181364 -0.01483869 -0.01298278 0.1272129 -0.01483869 -0.01199555 0.1276307 -0.01389276 -0.01284426 0.1309532 -0.01483869 -0.009257316 0.1304798 -0.01267695 -0.01253432 0.131636 -0.01389276 -0.009911954 0.1336082 -0.01475477 -0.005438864 0.1355804 -0.01389276 -9.65752e-4 0.1346365 -0.01483869 -9.03186e-4 0.1367366 -0.01267695 0.001656591 0.1350436 -0.01389276 0.003969132 0 -0.09172266 0.003941237 0 -0.09540313 -0.008268952 0 -0.09297436 -0.0204792 0 -0.07570642 -0.03774708 -0.01080179 -0.08957403 0.003941237 -0.01221024 -0.09297436 -0.008268952 -0.01128077 -0.09073048 -0.02047914 -0.008633911 -0.08434039 -0.0308305 -0.004672646 -0.074777 -0.03774708 -0.01995909 -0.08345532 0.003941237 -0.0225616 -0.08605778 -0.008268952 -0.02084422 -0.08434039 -0.02047914 -0.01595342 -0.07944965 -0.03083056 -0.008633911 -0.07213014 -0.03774708 -0.0260778 -0.07429796 0.003941237 -0.02947813 -0.07570642 -0.008268952 -0.02723425 -0.074777 -0.02047914 -0.02084422 -0.07213014 -0.0308305 -0.01128077 -0.06816887 -0.03774708 -0.02822643 -0.06349617 0.003941297 -0.0319069 -0.06349617 -0.008268952 -0.02947813 -0.06349617 -0.02047914 -0.0225616 -0.06349617 -0.03083056 -0.01221024 -0.06349617 -0.03774714 -0.0260778 -0.05269438 0.003941237 -0.02947813 -0.05128592 -0.008268952 -0.02723425 -0.05221533 -0.02047914 -0.02084416 -0.0548622 -0.0308305 -0.01128077 -0.05882352 -0.03774708 -0.01995909 -0.04353708 0.003941237 -0.0225616 -0.04093456 -0.008268952 -0.02084422 -0.04265195 -0.02047914 -0.01595342 -0.04754269 -0.03083056 -0.008633911 -0.0548622 -0.03774714 -0.01080179 -0.0374183 0.003941237 -0.01221024 -0.03401798 -0.008268952 -0.01128077 -0.03626191 -0.0204792 -0.008633911 -0.04265195 -0.0308305 -0.004672646 -0.05221533 -0.03774708 0 -0.03526973 0.003941237 0 -0.03158921 -0.008268952 0 -0.03401798 -0.02047914 0 -0.04093456 -0.03083056 0 -0.05128592 -0.03774708 0 -0.06349617 -0.04017591 0.01080179 -0.0374183 0.003941237 0.01221024 -0.03401798 -0.008268952 0.01128077 -0.03626191 -0.0204792 0.008633911 -0.04265195 -0.0308305 0.004672646 -0.05221539 -0.03774708 0.01995909 -0.04353708 0.003941237 0.0225616 -0.04093456 -0.008268952 0.02084422 -0.04265195 -0.02047914 0.01595348 -0.04754269 -0.0308305 0.008633911 -0.0548622 -0.03774708 0.0260778 -0.05269438 0.003941237 0.02947819 -0.05128592 -0.008268952 0.02723425 -0.05221539 -0.02047914 0.02084422 -0.05486226 -0.0308305 0.01128077 -0.05882352 -0.03774708 0.02822643 -0.06349617 0.003941237 0.0319069 -0.06349617 -0.008268952 0.02947813 -0.06349617 -0.0204792 0.0225616 -0.06349617 -0.0308305 0.01221024 -0.06349617 -0.03774708 0.0260778 -0.07429802 0.003941237 0.02947813 -0.07570648 -0.008268952 0.02723425 -0.074777 -0.02047914 0.02084422 -0.07213014 -0.03083056 0.01128077 -0.06816887 -0.03774708 0.01995909 -0.08345532 0.003941237 0.0225616 -0.08605784 -0.008268952 0.02084416 -0.08434039 -0.02047914 0.01595342 -0.07944965 -0.0308305 0.008633911 -0.07213014 -0.03774708 0.01080179 -0.08957403 0.003941237 0.01221024 -0.09297436 -0.008268952 0.01128077 -0.09073048 -0.0204792 0.008633911 -0.08434039 -0.0308305 0.004672646 -0.074777 -0.03774708 0 -0.08605778 -0.03083056 -0.003705918 -0.07244312 0.05096065 -0.006847679 -0.08002793 0.04404419 -0.006847679 -0.07034385 0.05096071 -0.01265287 -0.07614904 0.04404419 -0.008946895 -0.06720215 0.05096071 -0.01653176 -0.07034385 0.04404413 -0.009684085 -0.06349617 0.05096071 -0.01789385 -0.06349617 0.04404413 -0.008946895 -0.05979025 0.05096071 -0.01653176 -0.05664849 0.04404413 -0.006847679 -0.05664849 0.05096071 -0.01265287 -0.05084329 0.04404413 -0.003705918 -0.05454921 0.05096071 -0.006847679 -0.0469644 0.04404419 0 -0.05381208 0.05096071 0 -0.04560232 0.04404419 0.003705918 -0.05454921 0.05096065 0.006847679 -0.0469644 0.04404419 0.006847679 -0.05664849 0.05096071 0.01265287 -0.05084329 0.04404419 0.008946895 -0.05979025 0.05096071 0.01653176 -0.05664849 0.04404419 0.009684085 -0.06349617 0.05096071 0.01789385 -0.06349617 0.04404419 0.008946895 -0.06720215 0.05096071 0.01653176 -0.07034385 0.04404413 0.006847679 -0.07034385 0.05096071 0.01265281 -0.07614904 0.04404419 0.003705918 -0.07244312 0.05096071 0.00684762 -0.08002793 0.04404419 0 -0.07318025 0.05096071 0 -0.08139002 0.04404419 -0.00862199 -0.0843116 0.01251471 -0.006847679 -0.08002793 0.03215634 -0.007170796 -0.0808081 0.02220147 -0.01265287 -0.07614904 0.03215628 -0.01593136 -0.07942759 0.01251471 -0.01324993 -0.07674616 0.02220147 -0.01653176 -0.07034385 0.03215634 -0.02081537 -0.07211816 0.01251471 -0.01731187 -0.07066702 0.02220147 -0.01789385 -0.06349617 0.03215628 -0.02253037 -0.06349617 0.01251471 -0.01873826 -0.06349617 0.02220147 -0.01653176 -0.05664849 0.03215634 -0.02081537 -0.05487418 0.01251471 -0.01731187 -0.05632531 0.02220147 -0.01265287 -0.05084329 0.03215628 -0.01593136 -0.04756474 0.01251471 -0.01324993 -0.05024617 0.02220147 -0.006847679 -0.0469644 0.03215634 -0.00862199 -0.04268079 0.01251471 -0.007170796 -0.04618424 0.02220147 0 -0.04560232 0.03215634 0 -0.04096573 0.01251471 0 -0.0447579 0.02220147 0.006847679 -0.0469644 0.03215634 0.00862199 -0.04268079 0.01251471 0.007170796 -0.04618424 0.02220147 0.01265287 -0.05084329 0.03215628 0.01593136 -0.04756474 0.01251471 0.01324993 -0.05024623 0.02220147 0.01653176 -0.05664849 0.03215634 0.02081537 -0.05487418 0.01251477 0.01731187 -0.05632537 0.02220147 0.01789385 -0.06349617 0.03215628 0.02253037 -0.06349617 0.01251477 0.01873826 -0.06349617 0.02220147 0.01653176 -0.07034385 0.03215634 0.02081537 -0.07211822 0.01251477 0.01731187 -0.07066702 0.02220147 0.01265281 -0.07614904 0.03215634 0.01593136 -0.07942759 0.01251477 0.01324993 -0.07674616 0.02220147 0.00684762 -0.08002793 0.03215634 0.00862199 -0.08431154 0.01251477 0.007170796 -0.0808081 0.02220147 0 -0.08139002 0.03215634 0 -0.0860266 0.01251471 0 -0.08223444 0.02220147 0 -0.1357504 -0.06476801 0.00346136 -0.1357504 -0.06522369 0.006686806 -0.1357504 -0.06655973 0.009456634 -0.1357504 -0.06868505 0.01158195 -0.1357504 -0.07145482 0.01291799 -0.1344499 -0.07468032 0.01337367 -0.1329905 -0.07814168 0.01291799 -0.1344499 -0.08160305 0.01158195 -0.1357504 -0.08482855 0.009456634 -0.1357504 -0.08759832 0.006686806 -0.1357504 -0.0897237 0.00346136 -0.1357504 -0.09105974 0 -0.1357504 -0.09151542 -0.00346136 -0.1357504 -0.09105974 -0.006686806 -0.1357504 -0.0897237 -0.009456634 -0.1357504 -0.08759832 -0.01158195 -0.1357504 -0.08482855 -0.01291799 -0.1344499 -0.08160305 -0.01337367 -0.1329905 -0.07814168 -0.01291799 -0.1344499 -0.07468032 -0.01158195 -0.1357504 -0.07145482 -0.009456634 -0.1357504 -0.06868505 -0.006686806 -0.1357504 -0.06655973 -0.00346136 -0.1357504 -0.06522369 0.01314586 -0.1332734 -0.076411 -0.01314586 -0.1332734 -0.076411 0.01314586 -0.1332734 -0.07987236 -0.01314586 -0.1332734 -0.07987236 0.01224994 -0.1357504 -0.08321583 -0.01225 -0.1357504 -0.08321583 0.01224994 -0.1357504 -0.0730676 -0.01225 -0.1357504 -0.0730676 0 -0.1177294 -0.06790614 0 -0.1208407 -0.06476801 0 -0.1186407 -0.06568711 0.002649128 -0.1177294 -0.06825488 0.00346136 -0.1208407 -0.06522369 0.003223419 -0.1186407 -0.0661115 0.005117714 -0.1177294 -0.06927746 0.006686806 -0.1208407 -0.06655973 0.006227254 -0.1186407 -0.06735575 0.007237613 -0.1177294 -0.07090407 0.009456634 -0.1208407 -0.06868505 0.008806705 -0.1186407 -0.06933498 0.008864223 -0.1177294 -0.07302391 0.01158195 -0.1208407 -0.07145482 0.01078593 -0.1186407 -0.07191443 0.009886741 -0.1177294 -0.07549256 0.01291799 -0.1208407 -0.07468032 0.01203018 -0.1186407 -0.07491821 0.01023554 -0.1177294 -0.07814168 0.01337367 -0.1208407 -0.07814168 0.01245456 -0.1186407 -0.07814168 0.009886741 -0.1177294 -0.08079087 0.01291799 -0.1208407 -0.08160305 0.01203018 -0.1186407 -0.08136516 0.008864223 -0.1177294 -0.08325946 0.01158195 -0.1208407 -0.08482855 0.01078593 -0.1186407 -0.084369 0.007237613 -0.1177294 -0.08537936 0.009456634 -0.1208407 -0.08759832 0.008806705 -0.1186407 -0.08694839 0.005117714 -0.1177294 -0.08700597 0.006686806 -0.1208407 -0.0897237 0.006227254 -0.1186407 -0.08892768 0.002649128 -0.1177294 -0.08802849 0.00346136 -0.1208407 -0.09105974 0.003223419 -0.1186407 -0.09017187 0 -0.1177294 -0.08837723 0 -0.1208407 -0.09151542 0 -0.1186407 -0.09059625 -0.002649128 -0.1177294 -0.08802849 -0.00346136 -0.1208407 -0.09105974 -0.003223478 -0.1186407 -0.09017187 -0.005117774 -0.1177294 -0.08700597 -0.006686806 -0.1208407 -0.0897237 -0.006227254 -0.1186407 -0.08892768 -0.007237613 -0.1177294 -0.08537936 -0.009456634 -0.1208407 -0.08759832 -0.008806705 -0.1186407 -0.08694839 -0.008864223 -0.1177294 -0.08325946 -0.01158195 -0.1208407 -0.08482855 -0.01078593 -0.1186407 -0.084369 -0.009886741 -0.1177294 -0.08079087 -0.01291799 -0.1208407 -0.08160305 -0.01203018 -0.1186407 -0.08136516 -0.01023554 -0.1177294 -0.07814168 -0.01337367 -0.1208407 -0.07814168 -0.01245456 -0.1186407 -0.07814168 -0.009886741 -0.1177294 -0.07549256 -0.01291799 -0.1208407 -0.07468032 -0.01203018 -0.1186407 -0.07491821 -0.008864223 -0.1177294 -0.07302391 -0.01158195 -0.1208407 -0.07145482 -0.01078593 -0.1186407 -0.07191443 -0.007237613 -0.1177294 -0.07090407 -0.009456634 -0.1208407 -0.06868505 -0.008806705 -0.1186407 -0.06933498 -0.005117774 -0.1177294 -0.06927746 -0.006686806 -0.1208407 -0.06655973 -0.006227254 -0.1186407 -0.06735575 -0.002649128 -0.1177294 -0.06825488 -0.00346136 -0.1208407 -0.06522369 -0.003223478 -0.1186407 -0.0661115 0 -0.1357504 0.0642206 0.00346136 -0.1357504 0.06467634 0.006686806 -0.1357504 0.06601238 0.009456634 -0.1357504 0.0681377 0.01158195 -0.1357504 0.07090747 0.01291799 -0.1344499 0.07413297 0.01337367 -0.1329905 0.07759433 0.01291799 -0.1344499 0.0810557 0.01158195 -0.1357504 0.0842812 0.009456634 -0.1357504 0.08705097 0.006686866 -0.1357504 0.08917635 0.00346136 -0.1357504 0.09051239 0 -0.1357504 0.09096807 -0.00346136 -0.1357504 0.09051239 -0.006686806 -0.1357504 0.08917635 -0.009456634 -0.1357504 0.08705097 -0.01158195 -0.1357504 0.0842812 -0.01291799 -0.1344499 0.0810557 -0.01337367 -0.1329905 0.07759433 -0.01291799 -0.1344499 0.07413297 -0.01158195 -0.1357504 0.07090747 -0.009456634 -0.1357504 0.0681377 -0.006686806 -0.1357504 0.06601238 -0.00346136 -0.1357504 0.06467634 0.01314586 -0.1332734 0.07586365 -0.01314586 -0.1332734 0.07586365 0.01314586 -0.1332734 0.07932502 -0.01314586 -0.1332734 0.07932502 0.01225 -0.1357504 0.08266848 -0.01224994 -0.1357504 0.08266848 0.01225 -0.1357504 0.07252025 -0.01224994 -0.1357504 0.07252025 0 -0.1177294 0.06735879 0 -0.1208407 0.0642206 0 -0.1186407 0.06513977 0.002649128 -0.1177294 0.06770759 0.00346136 -0.1208407 0.06467634 0.003223478 -0.1186407 0.06556415 0.005117774 -0.1177294 0.06873011 0.006686806 -0.1208407 0.06601238 0.006227254 -0.1186407 0.0668084 0.007237613 -0.1177294 0.07035672 0.009456634 -0.1208407 0.0681377 0.008806705 -0.1186407 0.06878763 0.008864223 -0.1177294 0.07247656 0.01158195 -0.1208407 0.07090747 0.01078593 -0.1186407 0.07136708 0.009886741 -0.1177294 0.07494521 0.01291799 -0.1208407 0.07413297 0.01203018 -0.1186407 0.07437086 0.01023554 -0.1177294 0.07759433 0.01337367 -0.1208407 0.07759433 0.01245456 -0.1186407 0.07759433 0.009886741 -0.1177294 0.08024352 0.01291799 -0.1208407 0.0810557 0.01203018 -0.1186407 0.08081781 0.008864223 -0.1177294 0.08271211 0.01158195 -0.1208407 0.0842812 0.01078593 -0.1186407 0.08382165 0.007237613 -0.1177294 0.08483201 0.009456634 -0.1208407 0.08705097 0.008806705 -0.1186407 0.08640104 0.005117774 -0.1177294 0.08645862 0.006686866 -0.1208407 0.08917635 0.006227254 -0.1186407 0.08838033 0.002649128 -0.1177294 0.08748114 0.00346136 -0.1208407 0.09051239 0.003223478 -0.1186407 0.08962452 0 -0.1177294 0.08782988 0 -0.1208407 0.09096807 0 -0.1186407 0.0900489 -0.002649128 -0.1177294 0.08748114 -0.00346136 -0.1208407 0.09051239 -0.003223419 -0.1186407 0.08962452 -0.005117714 -0.1177294 0.08645862 -0.006686806 -0.1208407 0.08917635 -0.006227254 -0.1186407 0.08838033 -0.007237613 -0.1177294 0.08483201 -0.009456634 -0.1208407 0.08705097 -0.008806645 -0.1186407 0.08640104 -0.008864223 -0.1177294 0.08271211 -0.01158195 -0.1208407 0.0842812 -0.01078593 -0.1186407 0.08382165 -0.009886741 -0.1177294 0.08024352 -0.01291799 -0.1208407 0.0810557 -0.01203018 -0.1186407 0.08081781 -0.01023548 -0.1177294 0.07759433 -0.01337367 -0.1208407 0.07759433 -0.01245456 -0.1186407 0.07759433 -0.009886741 -0.1177294 0.07494521 -0.01291799 -0.1208407 0.07413297 -0.01203018 -0.1186407 0.07437086 -0.008864223 -0.1177294 0.07247656 -0.01158195 -0.1208407 0.07090747 -0.01078593 -0.1186407 0.07136708 -0.007237613 -0.1177294 0.07035672 -0.009456634 -0.1208407 0.0681377 -0.008806645 -0.1186407 0.06878763 -0.005117714 -0.1177294 0.06873011 -0.006686806 -0.1208407 0.06601238 -0.006227254 -0.1186407 0.0668084 -0.002649128 -0.1177294 0.06770759 -0.00346136 -0.1208407 0.06467634 -0.003223419 -0.1186407 0.06556415 0.04173594 -0.1147504 -0.07814168 0.0540359 -0.107213 -0.07814168 0.09079957 -0.04722011 -0.07814168 0.0919314 -0.03283888 -0.07814174 0.0141049 -0.1236385 -0.08094733 0.02786248 -0.1202709 -0.0836839 0.04093402 -0.1147504 -0.08628398 0.05299764 -0.107213 -0.0886836 0.06375622 -0.09784424 -0.09082359 0.07294499 -0.08687484 -0.09265136 0.08033752 -0.07457488 -0.09412187 0.08575201 -0.06124722 -0.09519881 0.08905488 -0.04722011 -0.09585583 0.09016495 -0.03283888 -0.09607666 0.01328653 -0.1236385 -0.08364516 0.02624589 -0.1202709 -0.08901309 0.03855901 -0.1147504 -0.0941134 0.04992264 -0.107213 -0.09882032 0.06005704 -0.09784424 -0.1030182 0.06871265 -0.08687484 -0.1066035 0.07567632 -0.07457488 -0.1094879 0.08077657 -0.06124722 -0.1116005 0.08388787 -0.04722011 -0.1128892 0.08493351 -0.03283888 -0.1133223 0.01195752 -0.1236385 -0.08613151 0.02362066 -0.1202709 -0.09392458 0.03470218 -0.1147504 -0.101329 0.0449292 -0.107213 -0.1081625 0.0540499 -0.09784424 -0.1142567 0.06183975 -0.08687484 -0.1194617 0.06810688 -0.07457488 -0.1236493 0.07269704 -0.06124722 -0.1267163 0.07549709 -0.04722011 -0.1285873 0.07643812 -0.03283888 -0.1292161 0.01016902 -0.1236385 -0.08831077 0.02008771 -0.1202709 -0.09822946 0.02951174 -0.1147504 -0.1076535 0.03820914 -0.107213 -0.1163509 0.04596567 -0.09784424 -0.1241074 0.05259037 -0.08687484 -0.1307321 0.05792009 -0.07457488 -0.1360619 0.06182372 -0.06124722 -0.1399654 0.06420499 -0.04722011 -0.1423467 0.0650053 -0.03283888 -0.143147 0.007989764 -0.1236385 -0.09009927 0.01578283 -0.1202709 -0.1017624 0.02318727 -0.1147504 -0.1128439 0.03002071 -0.107213 -0.123071 0.03611499 -0.09784424 -0.1321917 0.04131996 -0.08687484 -0.1399815 0.04550755 -0.07457488 -0.1462486 0.04857456 -0.06124722 -0.1508387 0.05044549 -0.04722011 -0.1536388 0.05107426 -0.03283888 -0.1545799 0.005503416 -0.1236385 -0.09142827 0.01087135 -0.1202709 -0.1043877 0.01597166 -0.1147504 -0.1167007 0.02067863 -0.107213 -0.1280644 0.02487641 -0.09784424 -0.1381988 0.02846169 -0.08687484 -0.1468544 0.03134614 -0.07457488 -0.153818 0.03345876 -0.06124722 -0.1589183 0.03474748 -0.04722011 -0.1620296 0.03518056 -0.03283888 -0.1630752 0.00280559 -0.1236385 -0.09224665 0.005542159 -0.1202709 -0.1060042 0.008142232 -0.1147504 -0.1190757 0.01054185 -0.107213 -0.1311393 0.0126819 -0.09784424 -0.141898 0.01450961 -0.08687484 -0.1510867 0.01598006 -0.07457488 -0.1584793 0.01705712 -0.06124722 -0.1638937 0.01771408 -0.04722011 -0.1671966 0.01793485 -0.03283888 -0.1683067 0 -0.1236385 -0.09252297 0 -0.1202709 -0.10655 0 -0.1147504 -0.1198777 0 -0.107213 -0.1321777 0 -0.09784424 -0.143147 0 -0.08687484 -0.1525158 0 -0.07457488 -0.1600531 0 -0.06124722 -0.1655737 0 -0.04722011 -0.1689413 0 -0.03283888 -0.1700731 -0.00280559 -0.1236385 -0.09224665 -0.005542159 -0.1202709 -0.1060042 -0.008142292 -0.1147504 -0.1190757 -0.01054185 -0.107213 -0.1311393 -0.0126819 -0.09784424 -0.141898 -0.01450961 -0.08687484 -0.1510867 -0.01598012 -0.07457488 -0.1584792 -0.01705712 -0.06124722 -0.1638937 -0.01771408 -0.04722011 -0.1671966 -0.01793491 -0.03283888 -0.1683067 -0.005503416 -0.1236385 -0.09142827 -0.01087141 -0.1202709 -0.1043876 -0.01597166 -0.1147504 -0.1167007 -0.02067863 -0.107213 -0.1280644 -0.02487641 -0.09784424 -0.1381988 -0.02846169 -0.08687484 -0.1468544 -0.03134614 -0.07457488 -0.153818 -0.0334587 -0.06124722 -0.1589183 -0.03474748 -0.04722011 -0.1620296 -0.03518062 -0.03283888 -0.1630752 -0.007989764 -0.1236385 -0.09009927 -0.01578283 -0.1202709 -0.1017624 -0.02318722 -0.1147504 -0.1128439 -0.03002071 -0.107213 -0.1230709 -0.03611499 -0.09784424 -0.1321917 -0.04131996 -0.08687484 -0.1399815 -0.04550755 -0.07457488 -0.1462486 -0.04857456 -0.06124722 -0.1508387 -0.05044549 -0.04722011 -0.1536388 -0.05107432 -0.03283888 -0.1545798 -0.01016902 -0.1236385 -0.08831077 -0.02008771 -0.1202709 -0.09822946 -0.02951174 -0.1147504 -0.1076535 -0.03820914 -0.107213 -0.1163508 -0.04596567 -0.09784424 -0.1241074 -0.05259037 -0.08687484 -0.1307321 -0.05792015 -0.07457488 -0.1360619 -0.06182366 -0.06124722 -0.1399654 -0.06420499 -0.04722011 -0.1423467 -0.0650053 -0.03283888 -0.1431469 -0.01195752 -0.1236385 -0.08613151 -0.02362066 -0.1202709 -0.09392452 -0.03470218 -0.1147504 -0.101329 -0.0449292 -0.107213 -0.1081625 -0.0540499 -0.09784424 -0.1142567 -0.06183975 -0.08687484 -0.1194617 -0.06810688 -0.07457488 -0.1236492 -0.07269698 -0.06124722 -0.1267163 -0.07549703 -0.04722011 -0.1285873 -0.07643812 -0.03283888 -0.129216 -0.01328653 -0.1236385 -0.08364516 -0.02624589 -0.1202709 -0.08901309 -0.03855895 -0.1147504 -0.09411334 -0.04992264 -0.107213 -0.09882032 -0.06005704 -0.09784424 -0.1030182 -0.06871265 -0.08687484 -0.1066034 -0.07567632 -0.07457488 -0.1094878 -0.08077657 -0.06124722 -0.1116005 -0.08388781 -0.04722011 -0.1128892 -0.08493345 -0.03283888 -0.1133223 -0.0141049 -0.1236385 -0.08094733 -0.02786248 -0.1202709 -0.0836839 -0.04093402 -0.1147504 -0.08628398 -0.05299758 -0.107213 -0.0886836 -0.06375622 -0.09784424 -0.09082365 -0.07294493 -0.08687484 -0.09265136 -0.08033752 -0.07457488 -0.09412181 -0.08575195 -0.06124722 -0.09519881 -0.08905482 -0.04722011 -0.09585583 -0.09016489 -0.03283888 -0.0960766 -0.01438122 -0.1236385 -0.07814168 -0.02840834 -0.1202709 -0.07814168 -0.04173594 -0.1147504 -0.07814168 -0.0540359 -0.107213 -0.07814168 -0.07437402 -0.08687484 -0.07814168 -0.08191144 -0.07457488 -0.07814168 -0.0874319 -0.06124722 -0.07814174 -0.09079951 -0.04722011 -0.07814168 -0.09193134 -0.03283888 -0.07814168 0 -0.1236385 0.09252291 0 -0.107213 0.1321776 0 -0.08687484 0.1525157 0 -0.07457488 0.1600531 0 -0.04722011 0.1689413 0.00280559 -0.1236385 0.09224659 0.005542159 -0.1202709 0.1060042 0.008142232 -0.1147504 0.1190757 0.01054185 -0.107213 0.1311393 0.01268184 -0.09784424 0.1418979 0.01450961 -0.08687484 0.1510867 0.01598012 -0.07457488 0.1584793 0.01705712 -0.06124722 0.1638936 0.01771408 -0.04722011 0.1671966 0.01793491 -0.03283888 0.1683067 0.005503416 -0.1236385 0.09142822 0.01087135 -0.1202709 0.1043876 0.0159716 -0.1147504 0.1167007 0.02067863 -0.107213 0.1280644 0.02487641 -0.09784424 0.1381987 0.02846169 -0.08687484 0.1468544 0.03134614 -0.07457488 0.153818 0.0334587 -0.06124722 0.1589183 0.03474748 -0.04722011 0.1620296 0.03518056 -0.03283888 0.1630752 0.007989764 -0.1236385 0.09009921 0.01578283 -0.1202709 0.1017624 0.02318722 -0.1147504 0.1128439 0.03002071 -0.107213 0.1230709 0.03611499 -0.09784424 0.1321916 0.04131996 -0.08687484 0.1399815 0.04550755 -0.07457488 0.1462486 0.04857456 -0.06124722 0.1508387 0.05044549 -0.04722011 0.1536388 0.05107432 -0.03283888 0.1545798 0.01016902 -0.1236385 0.08831077 0.02008771 -0.1202709 0.0982294 0.02951174 -0.1147504 0.1076534 0.03820914 -0.107213 0.1163508 0.04596567 -0.09784424 0.1241074 0.05259037 -0.08687484 0.1307321 0.05792015 -0.07457488 0.1360619 0.06182372 -0.06124722 0.1399654 0.06420499 -0.04722011 0.1423467 0.0650053 -0.03283888 0.143147 0.01195752 -0.1236385 0.08613145 0.02362066 -0.1202709 0.09392452 0.03470218 -0.1147504 0.1013289 0.0449292 -0.107213 0.1081624 0.0540499 -0.09784424 0.1142567 0.06183975 -0.08687484 0.1194617 0.06810688 -0.07457488 0.1236492 0.07269698 -0.06124722 0.1267163 0.07549709 -0.04722011 0.1285872 0.07643812 -0.03283888 0.129216 0.01328647 -0.1236385 0.08364516 0.02624589 -0.1202709 0.08901309 0.03855901 -0.1147504 0.09411334 0.04992264 -0.107213 0.09882032 0.06005704 -0.09784424 0.1030181 0.06871265 -0.08687484 0.1066034 0.07567632 -0.07457488 0.1094878 0.08077657 -0.06124722 0.1116005 0.08388787 -0.04722011 0.1128892 0.08493351 -0.03283888 0.1133223 0.01410484 -0.1236385 0.08094733 0.02786248 -0.1202709 0.08368384 0.04093402 -0.1147504 0.08628398 0.05299758 -0.107213 0.08868354 0.06375622 -0.09784424 0.09082359 0.07294499 -0.08687484 0.09265136 0.08033752 -0.07457488 0.09412181 0.08575195 -0.06124722 0.09519881 0.08905488 -0.04722011 0.09585577 0.09016495 -0.03283888 0.0960766 0.01438122 -0.1236385 0.07814168 0.02840834 -0.1202709 0.07814168 0.04173594 -0.1147504 0.07814168 0.0540359 -0.107213 0.07814168 0.0650053 -0.09784424 0.07814168 0.07437402 -0.08687484 0.07814168 0.08191144 -0.07457488 0.07814168 0.08743196 -0.06124722 0.07814168 0.09079957 -0.04722011 0.07814168 0.0919314 -0.03283888 0.07814168 -0.01438122 -0.1236385 0.07814168 -0.02840834 -0.1202709 0.07814168 -0.04173594 -0.1147504 0.07814168 -0.0540359 -0.107213 0.07814168 -0.0650053 -0.09784424 0.07814168 -0.07437402 -0.08687484 0.07814168 -0.08191144 -0.07457488 0.07814168 -0.0874319 -0.06124722 0.07814168 -0.09079957 -0.04722011 0.07814168 -0.09193134 -0.03283888 0.07814168 -0.0141049 -0.1236385 0.08094733 -0.02786248 -0.1202709 0.0836839 -0.04093402 -0.1147504 0.08628398 -0.05299758 -0.107213 0.08868354 -0.06375622 -0.09784424 0.09082359 -0.07294493 -0.08687484 0.09265136 -0.08033752 -0.07457488 0.09412181 -0.08575195 -0.06124722 0.09519881 -0.08905488 -0.04722011 0.09585577 -0.09016489 -0.03283888 0.0960766 -0.01328653 -0.1236385 0.08364516 -0.02624589 -0.1202709 0.08901309 -0.03855901 -0.1147504 0.09411334 -0.04992264 -0.107213 0.09882032 -0.06005704 -0.09784424 0.1030181 -0.06871265 -0.08687484 0.1066034 -0.07567632 -0.07457488 0.1094878 -0.08077657 -0.06124722 0.1116004 -0.08388781 -0.04722011 0.1128892 -0.08493345 -0.03283888 0.1133223 0 -0.1247703 -0.07814168 0.0919314 -0.02741092 -0.07814174 -0.09193134 -0.02741092 -0.07814168 -0.0650053 -0.09784424 -0.07814174 -0.01195758 -0.1236385 0.08613145 -0.02362066 -0.1202709 0.09392452 -0.03470218 -0.1147504 0.1013289 -0.0449292 -0.107213 0.1081624 -0.05404996 -0.09784424 0.1142567 -0.06183975 -0.08687484 0.1194617 -0.06810683 -0.07457488 0.1236492 -0.07269698 -0.06124722 0.1267162 -0.07549709 -0.04722011 0.1285872 -0.07643806 -0.03283888 0.129216 0.08743196 -0.06124722 -0.07814168 0.08191144 -0.07457488 -0.07814174 0.07437407 -0.08687484 -0.07814174 -0.01016908 -0.1236385 0.08831077 -0.02008771 -0.1202709 0.0982294 -0.02951174 -0.1147504 0.1076534 -0.03820914 -0.107213 0.1163508 -0.04596567 -0.09784424 0.1241074 -0.05259037 -0.08687484 0.1307321 -0.05792009 -0.07457488 0.1360619 -0.06182366 -0.06124722 0.1399654 -0.06420499 -0.04722011 0.1423466 -0.06500524 -0.03283888 0.1431469 0.0650053 -0.09784424 -0.07814168 0.02840834 -0.1202709 -0.07814168 0.01438122 -0.1236385 -0.07814168 0 -0.02741092 0.170073 -0.01793485 -0.02741092 0.1683065 -0.03518056 -0.02741092 0.1630752 -0.05107426 -0.02741092 0.1545798 -0.007989764 -0.1236385 0.09009921 -0.01578283 -0.1202709 0.1017624 -0.02318722 -0.1147504 0.1128439 -0.03002071 -0.107213 0.1230709 -0.03611499 -0.09784424 0.1321916 -0.04131996 -0.08687484 0.1399814 -0.04550749 -0.07457488 0.1462486 -0.04857456 -0.06124722 0.1508387 -0.05044549 -0.04722011 0.1536387 -0.05107426 -0.03283888 0.1545798 -0.06500524 -0.02741092 0.1431469 -0.07643806 -0.02741092 0.129216 -0.08493345 -0.02741092 0.1133223 -0.09016489 -0.02741092 0.0960766 -0.09193134 -0.02741092 0.07814168 0.0919314 -0.02741092 0.07814168 0.09016495 -0.02741092 0.0960766 0.08493351 -0.02741092 0.1133223 0.07643812 -0.02741092 0.129216 -0.005503475 -0.1236385 0.09142822 -0.01087141 -0.1202709 0.1043875 -0.01597166 -0.1147504 0.1167007 -0.02067863 -0.107213 0.1280643 -0.02487647 -0.09784424 0.1381987 -0.02846169 -0.08687484 0.1468543 -0.03134608 -0.07457488 0.153818 -0.0334587 -0.06124722 0.1589182 -0.03474748 -0.04722011 0.1620295 -0.03518056 -0.03283888 0.1630752 0.0650053 -0.02741092 0.143147 0.05107432 -0.02741092 0.1545798 0.03518056 -0.02741092 0.1630752 0.01793491 -0.02741092 0.1683067 -0.09016489 -0.02741092 -0.0960766 -0.08493345 -0.02741092 -0.1133223 -0.07643812 -0.02741092 -0.129216 -0.0650053 -0.02741092 -0.1431469 -0.00280565 -0.1236385 0.09224659 -0.005542159 -0.1202709 0.1060042 -0.008142232 -0.1147504 0.1190757 -0.01054185 -0.107213 0.1311393 -0.0126819 -0.09784424 0.1418979 -0.01450961 -0.08687484 0.1510866 -0.01598006 -0.07457488 0.1584792 -0.01705712 -0.06124722 0.1638936 -0.01771408 -0.04722011 0.1671965 -0.01793485 -0.03283888 0.1683065 -0.05107432 -0.02741092 -0.1545798 -0.03518062 -0.02741092 -0.1630752 -0.01793491 -0.02741092 -0.1683067 0 -0.02741092 -0.1700731 0.01793485 -0.02741092 -0.1683067 0.03518056 -0.02741092 -0.1630752 0.05107432 -0.02741092 -0.1545799 0.0650053 -0.02741092 -0.143147 0.07643812 -0.02741092 -0.1292161 0 -0.1247703 0.07814168 0 -0.1202709 0.10655 0 -0.1147504 0.1198776 0 -0.09784424 0.143147 0 -0.06124722 0.1655736 0 -0.03283888 0.170073 0.08493351 -0.02741092 -0.1133223 0.09016495 -0.02741092 -0.09607666</float_array>
          <technique_common>
            <accessor source="#Sphere_004-mesh-positions-array" count="2241" stride="3">
              <param name="X" type="float"/>
              <param name="Y" type="float"/>
              <param name="Z" type="float"/>
            </accessor>
          </technique_common>
        </source>
        <source id="Sphere_004-mesh-normals">
          <float_array id="Sphere_004-mesh-normals-array" count="8865">0 -1 0 -0.309017 -0.9510566 0 0 -1 -2.02036e-7 -0.309016 -0.9510568 0 -0.587785 -0.8090172 0 -0.8090171 -0.5877853 0 -0.809017 -0.5877853 0 -0.9510567 -0.3090167 0 -0.9510565 -0.3090173 0 -0.9969174 -0.0784589 0 0 1 0 0 1 0 0 1 0 0 1 0 1.25945e-7 1 0 1.30585e-7 1 0 -0.5555717 0 -0.8314687 -0.3826838 0 -0.9238794 -0.5555689 0 -0.8314706 -0.998731 0 -0.05036371 -0.998731 0 0.05036383 -0.9987311 0 -0.05036306 0.9238784 0 0.3826861 0.7071059 0 0.7071078 0.923879 0 0.3826845 1 0 -1.22838e-6 1 0 -2.03117e-7 -0.831471 0 -0.5555682 -0.7071064 0 -0.7071072 -0.831469 0 -0.5555712 0.3826882 0 0.9238776 0.7071083 0 0.7071053 -3.91726e-6 0 1 0.3826803 0 0.9238808 0.3826837 0 -0.9238795 0.5555718 0 -0.8314687 0.5555688 0 -0.8314706 0.3826811 0 -0.9238806 -3.19185e-7 0 -1 1.69264e-6 0 -1 0.7071063 0 -0.7071073 0.3826805 0 -0.9238808 -0.9951846 -1.28997e-7 -0.09801906 -0.9238799 0 -0.3826827 -0.9238799 0 -0.3826829 0.9238807 0 -0.3826807 0.7071038 0 -0.7071098 0 -1 0 0 -1 0 0 -1 0 -0.9238805 0 -0.3826813 -0.9238792 0 -0.3826847 -0.2902846 -2.36916e-7 -0.9569405 -0.2902845 -2.78692e-7 -0.9569404 -0.3826813 0 -0.9238804 -1.08329e-6 0 -1 -4.06233e-7 0 -1 -0.7071071 0 -0.7071065 -0.3826819 0 -0.9238803 -0.998731 0 -0.0503627 -0.980531 0 -0.1963646 -0.998731 0 -0.05036407 -0.7071089 0 -0.7071048 -1 -7.39087e-7 4.37433e-7 -1 -9.95845e-7 4.78563e-7 -0.7071065 0 -0.7071071 -0.9805318 0 -0.1963611 -0.9805316 0 -0.1963612 -0.9238792 0 -0.3826844 -0.9805309 0 -0.1963647 -0.7071066 0 -0.707107 -0.9238799 0 -0.3826825 -0.7071056 0 -0.707108 -1 0 4.78563e-7 -0.9951846 0 -0.0980193 -1 0 4.78563e-7 1.21574e-7 -1 0 1.21577e-7 -1 0 1.81905e-7 -1 0 -0.5555691 0 -0.8314704 -0.3826813 0 -0.9238805 -0.3826828 0 -0.9238798 0 0 -1 0 0 -1 -1 2.87419e-6 2.42777e-7 -0.998731 0 0.05036383 -0.998731 0 0.05036324 0 -1 0 0 -1 0 0 1 1.27862e-7 0 1 5.09352e-7 0 1 2.41491e-7 -0.3826857 0 -0.9238787 -0.2902843 0 -0.9569405 -0.3826822 0 -0.9238801 0 -1 0 0 -1 0 0 -1 0 -0.9238805 0 -0.3826811 -0.8314689 0 -0.5555714 0 1 0 -2.79609e-7 1 -2.17298e-7 0 1 0 0 -1 0 1.47744e-7 -1 0 1.45264e-7 -1 0 -1.27516e-7 1 0 0 1 0 -1.26439e-7 1 0 -0.9238803 0 -0.3826819 -0.8314709 0 -0.5555684 1.65466e-7 -1 0 -0.5555722 0 -0.8314684 -0.980623 -1.51398e-7 -0.195905 -0.923886 -1.63629e-7 -0.3826678 -0.9238861 -3.1504e-7 -0.3826678 -0.926001 -1.25265e-7 -0.377521 -0.7071089 0 -0.7071047 -0.7071066 0 -0.707107 -0.9976261 -1.35928e-7 -0.06886368 -0.9919393 0 -0.1267144 -0.9919393 0 -0.1267139 -0.7071059 0 -0.7071077 -0.5555736 0 -0.8314675 -0.7071095 0 -0.7071042 -0.9987535 0 -0.04991513 -0.9987536 0 -0.04991364 -0.382683 0 -0.9238798 -0.3826822 0 -0.9238801 0 0 -1 0 0 -1 0 1 0 0 1 0 0 1 0 -0.4019608 0 -0.915657 -0.3301283 0 -0.9439361 -0.3301273 0 -0.9439365 -0.8314716 0 -0.5555674 -0.9259974 0 -0.37753 -0.8314685 0 -0.555572 -0.5555688 0 -0.8314706 0 1 -1.29639e-7 0 1 0 0 -1 0 0 -1 0 0 1 -1.58651e-7 0 1 3.42972e-7 0 1 -1.33188e-7 0 1 -2.0561e-7 0 -1 0 0 -1 0 0 -1 0 0 1 0 0 1 0 0 1 3.62689e-7 1.78541e-7 -1 0 1.81956e-7 -1 0 0 -1 0 0 1 0 0 -1 0 0 -1 1.79094e-7 0.7071056 0 -0.707108 0.8314713 0 -0.5555678 0.8314694 0 -0.5555706 -3.14895e-7 -1 0 -3.74925e-7 -1 0 -3.87544e-7 -1 -1.23966e-7 -0.9987536 0 0.04991543 0.9238803 0 -0.3826815 0 1 -3.0272e-7 0 1 -2.4801e-7 4.47691e-7 -1 0 3.87544e-7 -1 3.35078e-7 3.74925e-7 -1 0 -0.3826822 0 0.9238802 -0.5555719 0 0.8314685 -0.5555689 0 0.8314706 0.9238785 0 -0.382686 0.7071055 0 -0.7071082 0.7071075 0 -0.7071061 1 0 1.23805e-6 1 0 2.12789e-7 -0.7071059 0 0.7071078 -0.8314708 0 0.5555685 -0.8314688 -1.47268e-7 0.5555716 0.3826832 0 -0.9238798 0 0 1 0 -3.75445e-7 1 0.382683 0 -0.9238798 0 0 -1 4.15907e-7 0 1 0.3826801 0 0.9238809 -1.69264e-6 0 1 0.3826737 0 0.9238836 0.7071072 0 0.7071064 -0.9238799 0 0.3826827 -0.9951846 0 0.098019 -0.9238798 0 0.3826829 0.7071036 0 0.7071101 0.9238807 0 0.3826806 0 -1 0 0 -1 0 0 -1 0 -0.9238805 -8.35168e-7 0.3826814 -0.9238793 -1.21748e-6 0.3826841 -0.2902848 -2.60607e-6 0.9569404 -0.3826856 -2.30878e-7 0.9238787 -5.60988e-7 0 1 -0.3826815 0 0.9238803 4.06233e-7 0 1 -0.3826813 0 0.9238805 -0.7071068 0 0.7071067 -0.9805313 -1.56763e-6 0.1963635 -0.7071084 0 0.7071053 -1 0 -1.59521e-7 -1 -1.29238e-7 -1.59521e-7 -0.9805318 -1.3326e-6 0.1963608 -0.9805316 2.45308e-6 0.1963613 -0.9238793 6.20836e-7 0.3826841 -0.9805311 2.82828e-6 0.1963641 -0.7071064 0 0.7071072 -0.9238799 0 0.3826826 -0.9238802 0 0.3826819 -1 0 -1.59521e-7 -0.9951846 0 0.09801942 -0.7071081 0 0.7071055 -0.7071056 0 0.707108 -0.998731 0 0.05036318 -0.3826811 0 0.9238806 -0.3826827 0 0.9238799 0 0 1 0 0 1 0 -1 0 0 -1 0 0 1 -2.37619e-7 0 1 0 -0.3826841 2.25434e-7 0.9238794 -0.2902845 2.54457e-6 0.9569404 -0.3826841 0 0.9238793 0 -1 0 0 -1 0 0 -1 0 -0.9238805 0 0.3826813 -0.83147 1.67914e-7 0.5555697 -3.22783e-7 1 0 0 1 0 0 1 0 0 -1 0 1.47744e-7 -1 0 0 -1 0 0 1 -4.74332e-7 -1.27516e-7 1 0 -1.26439e-7 1 0 -0.9951848 0 0.09801697 -0.83147 0 0.5555697 1.65466e-7 -1 0 0 -1 0 -0.555572 0 0.8314684 0 1 0 -0.980623 0 0.1959049 -0.9238873 -3.15136e-7 0.382665 -0.980623 0 0.1959048 -0.7071089 0 0.7071047 -0.926001 0 0.377521 -0.7071065 0 0.707107 -0.9919394 0 0.126713 -0.9976261 0 0.06886368 -0.9976261 0 0.06886386 -0.5555735 0 0.8314675 -0.7071053 0 0.7071082 -0.7071088 0 0.7071048 -0.9987536 0 0.04991418 -0.3826828 0 0.9238799 0 0 1 -0.3301283 0 0.9439361 -0.4019584 0 0.915658 -0.4019625 0 0.9156562 -0.9238851 -1.63655e-7 0.38267 -0.83147 -1.51495e-7 0.5555698 -0.9259974 0 0.37753 -0.5555689 0 0.8314707 0 1 0 0 1 -5.19133e-7 0 -1 0 0 1 0 0 1 0 0 1 0 0 1 1.59872e-7 0 -1 0 0 -1 0 0 -1 0 -3.29563e-7 1 0 1.81956e-7 -1 0 1.7854e-7 -1 0 0 -1 0 0 1 0 1.45264e-7 -1 0 0 1 -1.31338e-7 0 -1 0 0 -1 0 0.8314701 1.67914e-7 0.5555697 0.7071061 0 0.7071076 0.83147 0 0.5555698 -0.9238803 0 -0.3826816 -1 0 0 -0.9238806 0 -0.3826807 0.9238803 0 0.3826815 -1 -2.07857e-6 1.21388e-7 -1 -2.1921e-6 1.21388e-7 0 -3.72095e-7 1 -1 2.12301e-6 0 -1 -1.37406e-6 0 -1 -3.24359e-6 0 -1.83067e-7 7.82938e-7 -1 0 1.07754e-6 -1 0 1.11629e-6 -1 -1 0 0 -1 3.24704e-7 0 -1 4.37819e-7 0 -1.51779e-7 8.10168e-7 -1 0 7.71236e-7 -1 0 7.4419e-7 -1 -0.9177932 -1.27697e-6 0.397059 -0.812847 -1.67794e-6 0.5824773 -0.8128469 7.17801e-7 0.5824774 0 -1.14333e-6 1 0 -1.18226e-6 1 1.42664e-7 -1.20931e-6 1 0 -1 0 0 -1 0 -0.812847 1.19408e-6 -0.5824773 -0.9177931 3.99685e-7 -0.397059 -0.917794 7.5229e-7 -0.3970568 -1 -1.33009e-7 4.64129e-7 -1 -9.43457e-7 -4.83468e-7 -0.9177941 -1.94739e-6 0.3970568 -1 0 0 -0.9969173 -0.07846063 0 -1 -3.42434e-7 0 0 -1 0 0 -1 0 0 -1 0 0 -3.95166e-7 1 0.809018 0.5877839 0 0.5877855 0.8090168 3.89053e-7 0.5877854 0.809017 0 0 -1 0 0 -1 0 0 -1 0 0 -1 0 0.9510567 -0.3090167 0 0.8090168 -0.5877856 0 0.8090174 -0.5877848 0 -5.88884e-7 0 1 -5.8888e-7 0 1 5.88884e-7 0 1 0.3090153 0.9510571 1.34807e-6 0.3090187 0.951056 1.58412e-6 -0.8090161 0.5877865 0 -0.9510571 0.3090153 0 -0.8090181 0.5877837 0 1 0 0 0.9969174 0.07845944 0 0.9969175 0.07845777 0 0 -1 0 0 -1 0 -3.06102e-7 -1 3.30779e-7 0 0 -1 0 0 -1 2.08143e-7 0 -1 0.5877848 -0.8090174 0 0.5877855 -0.809017 0 0.980531 0 -0.1963645 0.998731 0 -0.05036288 0.998731 0 -0.05036425 0 0 -1 2.08143e-7 0 -1 0.9238799 0 -0.3826827 0.9951846 -1.28997e-7 -0.0980193 0.9238798 0 -0.382683 0.3826829 0 -0.9238798 0 -1 0 0 -1 0 0 1 -1.36457e-7 0 1 -7.16377e-7 -0.3826812 0 -0.9238806 1 0 0 1 0 0 0.5555689 0 -0.8314706 0.7071081 0 -0.7071055 0.7071083 0 -0.7071053 0.7071059 0 -0.7071077 -0.7071055 0 0.7071081 -0.3826836 0 0.9238795 -0.7071075 0 0.7071061 0.9987311 -2.36376e-7 0.05036312 0.980531 -1.29331e-6 0.1963643 0.998731 0 0.05036371 0.8314691 0 -0.5555711 0.9238807 0 -0.3826809 0.9238793 0 -0.3826842 0.2902846 0 -0.9569404 0.3826838 0 -0.9238795 0.3826804 0 -0.9238808 0.3826813 0 -0.9238804 0.7071065 0 -0.7071072 1 0 -1.21388e-7 0 -1 0 1 -7.39087e-7 0 1 -9.95845e-7 1.59521e-7 0.9238799 0 -0.3826825 0.9238802 0 -0.3826819 0.998731 0 0.05036371 0.998731 0 -0.05036383 0.998731 0 -0.05036318 0.9951846 0 -0.09801936 1 0 0 0.9919394 -1.56618e-7 -0.1267133 0.9976261 0 -0.0688638 0.9976261 -2.18461e-7 -0.06886374 0 -1.05031e-6 1 0 -1.08924e-6 1 0 -1.02326e-6 1 0.7071071 0 -0.7071065 0.9805318 0 -0.196361 0 1 4.75238e-7 0 1 0 -0.9238784 0 0.3826864 0.9976261 0 0.06886368 0.9919394 0 0.126713 0.9976261 -2.18461e-7 0.06886357 2.79609e-7 1 0 0 1 0 0 1 0 0.9238792 0 -0.3826844 0.9805317 0 -0.1963613 0.980531 0 -0.1963648 0.3826822 0 -0.9238802 0.555572 0 -0.8314685 0.9987535 0 0.04991507 0.980623 -1.51398e-7 0.1959047 0.9987536 0 0.04991382 -0.7071036 0 -0.7071101 -0.7071072 0 -0.7071064 0.7071089 0 -0.7071046 0.8314701 -1.51495e-7 -0.5555697 0.8314701 0 -0.5555694 0.9806228 -3.02796e-7 -0.1959053 0.9987535 0 -0.04991555 0.9987536 0 -0.049914 0 1 0 0 1 0 0.2902849 0 -0.9569404 0.3826856 0 -0.9238787 0.3826791 0 -0.9238814 0 -1 0 0 -1 0 0 -1 0 0.9238806 0 -0.3826811 0.925997 0 -0.3775311 0.9260007 -1.3345e-7 -0.3775218 0 -1 0 -1.36722e-7 -1 0 0 -1 0 0.382683 0 -0.9238798 0 1 3.62688e-7 3.29054e-7 1 -1.43992e-7 0 -1 0 0 -1 0 0 -1 0 0 -1 0 0 -1 0 0 -1 1.56707e-7 0 -1 0 -1.36722e-7 -1 0 -1.3464e-7 -1 0 0 1 3.42971e-7 0 1 -1.91669e-7 0 1 0 0 -1 0 0 -1 0 0 -1 0 0 -1 0 0 -1 0 0 -1 0 0 -1 0 0 1 0 0 1 0 0 1 0 0 1 0 0 1 0 0.7071082 0 -0.7071055 0.7071065 0 -0.7071071 0.9238871 -6.42403e-7 -0.3826652 0.9806229 0 -0.1959051 0.3301281 0 -0.9439362 0.4019587 0 -0.9156579 0.401962 0 -0.9156565 0 -1 0 0.5555737 0 -0.8314675 0.7071053 0 -0.7071083 0 1 0 -1.3464e-7 -1 0 -1.49795e-7 1 0 -1.2772e-7 1 0 0 1 -1.99003e-7 0 -1 0 0.9238851 -7.93717e-7 -0.3826704 0 -1 -1.27338e-7 1.27516e-7 1 0 1.26439e-7 1 0 0.5555692 0 -0.8314703 0 1 -2.74147e-7 -1 0 4.44923e-7 -0.9238803 0 0.3826817 -0.9238808 0 0.3826805 0.8314711 0 -0.555568 -0.9238786 0 -0.382686 -1 0 1.45084e-6 0.3826841 2.25432e-7 0.9238793 0.2902845 2.54455e-6 0.9569404 0.2902846 2.99324e-6 0.9569404 -1 0 -1.13165e-6 0.9951846 -1.85661e-7 0.09801888 0.92388 0 0.3826825 0.9238799 0 0.3826828 -0.707106 0 -0.7071076 -0.9238792 0 -0.3826845 1 0 -4.78562e-7 0.9951846 0 0.0980193 0.9951848 0 0.09801685 0.382681 0 0.9238806 0 1 0 0 1 0 0 1 7.29915e-7 1 -1.28379e-7 -5.19691e-7 1 0 -4.78562e-7 0.3826827 0 0.9238799 -0.3826843 0 -0.9238793 -0.7071084 0 -0.7071052 0.9805318 -1.71908e-6 0.1963609 0.9238796 -2.18947e-6 0.3826835 0 1 0 0 1 -5.09352e-7 0 1 -2.41491e-7 -0.7071063 0 0.7071073 -0.3826732 0 0.9238839 -0.3826801 0 0.923881 0.7071086 0 0.7071049 0.5555693 0 0.8314703 0.7071062 0 0.7071074 2.05713e-7 1 0 0 1 1.21501e-7 2.33952e-7 1 0 0.9987311 2.36376e-7 0.05036306 0.980531 1.29331e-6 0.1963645 0.9805316 1.71908e-6 0.1963611 0.9238806 -2.21011e-6 0.3826807 0.831469 -1.67911e-7 0.5555713 0.3826855 -2.25428e-7 0.9238787 0.2902854 -2.54456e-6 0.9569401 0.3826821 0 0.9238802 0.9238795 2.18947e-6 0.3826835 0.9238806 2.21011e-6 0.3826807 0 1 0 0 1 -4.75231e-7 1.27516e-7 1 0 0 1 0 1.26439e-7 1 0 0 1 3.58191e-7 -0.7071036 0 0.7071099 1 -4.2765e-7 -2.42777e-7 0.7071067 0 0.707107 0.3826811 0 0.9238805 0.5555691 0 0.8314705 0.4019621 0 0.9156563 0.5555733 0 0.8314676 0 1 0 0 1 0 0 -1 0 0 -1 0 0 -1 0 0 -1 1.55373e-7 0 -1 0 0 -1 0 0 -1 0 0 -1 0 0.7071074 0 0.7071062 0.3826797 0 0.9238811 0.7071053 0 0.7071082 0.7071092 0 0.7071043 0.5555723 0 0.8314683 0.5555692 0 0.8314704 0.7071072 0 0.7071064 0 1 0 0 1 0 2.82347e-7 1 0 0 1 2.74158e-7 3.27797e-7 1 -1.37073e-7 0 -1 0 0 -1 0 0 -1 0 0 -1 1.27338e-7 0 -1 0 0 -1 0 0 1 2.23361e-7 0 1 0 0 1 2.17776e-7 0 -1 0 0.3826828 0 0.9238798 0.7071086 0 0.707105 0.3826819 0 0.9238802 0 -1 0 0 -1 0 0 -1 0 0 1 0 0 1 0 0.4019588 0 0.9156578 0.3301285 0 0.943936 0.926001 0 0.3775212 0.9259973 0 0.3775303 0.8314703 -1.51494e-7 0.5555692 0.8314706 0 0.5555689 0.9238873 -4.78769e-7 0.3826648 0.9238851 -4.78686e-7 0.3826703 0 -4.10843e-7 1 0 -7.05443e-7 1 0 -3.72095e-7 1 0 -1 0 1 3.86999e-7 0 1 1.11091e-6 0 0.7071087 0 0.7071049 0 1 0 0.92388 0 0.3826823 0.7071056 0 0.707108 -1.41609e-7 8.64259e-7 -1 0 9.03193e-7 -1 -1.70416e-7 8.37213e-7 -1 0.9177932 -1.31037e-6 0.3970589 0.812847 -1.64639e-6 0.5824772 0.9177941 -1.96718e-6 0.3970568 0 7.4419e-7 -1 -1.81752e-7 7.4419e-7 -1 0 7.4419e-7 -1 1 -9.81566e-7 -4.93137e-7 1 -1.32999e-7 4.5446e-7 0 -1 0 -0.5877841 0.8090179 0 -0.587787 0.8090158 -3.89049e-7 0.9969173 -0.07846081 0 1 0 0 1 0 0 0.9177941 8.48567e-7 -0.3970568 0.9177931 4.37756e-7 -0.397059 5.8888e-7 0 1 0.812847 1.30782e-6 -0.5824773 0.8128471 0 -0.5824772 0 0 1 0 -1 0 -0.9969174 0.07845944 0 -1 0 0 -0.9969175 0.07845783 0 0 0 -1 0 -1 -4.31351e-7 -2.95924e-7 -1 0 0 -1 0 0 1 0 0 1 0 0 1 -7.29918e-7 0 -3.95166e-7 1 -2.59722e-7 0 -1 -1.63482e-7 0 -1 -1.64621e-7 0 -1 0 0 -1 0 0 -1 -1.80089e-6 1 -1.09374e-6 1.80569e-6 1 -6.21663e-7 0 -7.50821e-7 1 0.951056 0.3090188 0 0.9510571 0.3090151 0 -0.9510558 0.3090191 0 -3.85914e-7 -2.56395e-7 -1 0 0 -1 -1.24641e-7 -2.71932e-7 -1 6.66753e-7 0 -1 3.70734e-7 0 -1 0 0 -1 -4.63004e-7 0 -1 0 0 -1 0 0 -1 0 -1 0 0.3090169 -0.9510565 0 0.9969174 -0.0784589 0 0.9510564 -0.3090175 -1.28087e-7 0.3090159 -0.9510569 0 0 0 -1 -2.08143e-7 0 -1 -2.08143e-7 0 -1 0 0 -1 5.64056e-7 0 -1 0 0 -1 -0.3090187 0.951056 -1.11547e-6 3.54531e-7 0 -1 0.809016 0.5877866 0 -4.47691e-7 -1 0 0 1 1.99004e-7 2.16034e-7 1 -4.11974e-7 -1.20301e-7 1 4.26138e-6 0 1 0 0 1 0 0.9238803 0 0.3826816 0.8314708 0 0.5555685 0 -1 1.2283e-7 3.06102e-7 -1 5.47493e-7 -0.3826837 0 -0.9238795 0 -1 0 -0.3826833 0 0.9238796 3.85922e-6 0 1 0 -1 5.04266e-7 1.49573e-7 -1 0 0 1 4.26138e-6 0 1 1.99004e-7 -0.3826809 0 -0.9238806 -0.3090153 0.9510572 0 0 -1 -2.30784e-7 -4.03198e-7 -1 0 0 -1 1.5281e-7 -2.29562e-7 1 0 0 1 -1.215e-7 -2.57802e-7 1 0 1.52702e-7 1 0 0 -1 -4.68904e-7 0 -1 2.27465e-7 4.47691e-7 -1 0 0 -1 -4.15799e-7 3.14894e-7 -1 0 -1.49573e-7 -1 0 -1.87849e-7 -1 1.87397e-6 0 -1 -1.75687e-6 0 -1 0 1.81905e-7 -1 0 0 1 0 -3.08458e-7 1 -1.22933e-7 0 1 -1.21501e-7 -2.95924e-7 -1 -1.71478e-7 0 -1 0 3.87544e-7 -1 -5.52956e-7 -3.1872e-7 1 0 -1.76552e-7 1 0 -2.39885e-7 1 4.11975e-7 0 -1 0 -4.03198e-7 -1 1.77498e-7 0 -1 0 2.95924e-7 -1 0 0 -1 0 0 1 1.21501e-7 -2.29561e-7 1 0 -2.57802e-7 1 0 1.25945e-7 1 0 0 1 0 1.30585e-7 1 0 0 -1 1.75688e-6 3.14895e-7 -1 0 0 -1 0 0 -1 0 0 1 0 0 1 0 0 1 0 0 1 0 0 1 0 0 1 0 0 1 0 0 1 0 0 1 0 0 1 0 0 1 0 0 1 0 0 1 0 -3.08457e-7 1 1.22933e-7 0 1 0 2.05713e-7 1 0 2.33952e-7 1 0 0 -1 -2.21707e-7 2.94871e-7 1 0 -3.14894e-7 -1 0 0 -1 0 0 -1 0 0 -1 0 0 -1 0 0 -1 1.2474e-6 0 -1 0 2.84608e-7 1 -1.22933e-7 0 1 0 2.95924e-7 -1 1.86438e-7 0 -1 -2.73901e-7 0 -1 -4.18058e-7 0 -1 2.02855e-7 -4.47691e-7 -1 -1.65517e-7 -1.76552e-7 1 0 -1.54435e-7 1 0 0 1 -1.99004e-7 2.16033e-7 1 4.11975e-7 0 1 0 -1.20317e-7 1 -4.2615e-6 0 1 0 0 1 0 0 1 0 0 1 2.87673e-7 0 -1 0 1.52702e-7 1 0 2.94871e-7 1 0 0 -1 1.27646e-7 4.03198e-7 -1 3.33707e-7 0 -1 3.55101e-7 -3.18719e-7 1 0 -1.49795e-7 1 0 -1.2772e-7 1 0 -1.54435e-7 1 0 -3.87544e-7 -1 4.04197e-7 0 1 0 0 1 0 0 1 0 3.74925e-7 -1 0 0 1 0 0 1 0 0 1 0 0 1 0 0 1 0 0 1 0 0 1 2.87675e-7 0 -1 0 2.84608e-7 1 1.22933e-7 4.03198e-7 -1 -2.60605e-7 -3.74925e-7 -1 0 -2.39885e-7 1 -4.11974e-7 0 1 0 0 1 0 0 1 -2.87673e-7 0 1 -2.87675e-7 0 1 0 0 1 0 0 1 0 0 1 0 0 1 -4.2615e-6 0 -1 0 0 -1 0 0 -1 0 1.87849e-7 -1 4.61224e-6 0 1 0 0 1 0 0 1 0 0 1 0 0 1 0 0 1 0 0 1 0 0 1 0 0 1 0 -0.7130607 0.7002733 0.03408533 -1 7.87551e-6 0 -0.7070964 0.7071171 0 -3.75851e-7 0.998821 0.04854565 -7.08499e-7 1 0 0.7070965 0.7071171 0 1 9.54644e-6 0 0.713061 0.700273 0.03408533 0.7071026 -0.7071111 0 0.9999291 -0.01189237 -6.47145e-4 2.69854e-7 -1 0 0.7011141 -0.7121806 -0.03518134 -0.7011135 -0.7121812 -0.03518128 -0.7071009 -0.7071127 0 -0.9999291 -0.01189261 -6.47096e-4 -0.7193257 0.6813591 0.1353528 -1.86286e-6 0.9808591 0.1947191 0.7193199 0.6813647 0.1353554 0.9997153 -0.02339237 -0.004723131 0 -0.9987775 -0.04943215 0.6954205 -0.7047371 -0.1404851 -0.695419 -0.7047385 -0.1404851 -0.9997155 -0.02338409 -0.004720628 -0.9997143 -0.02208608 -0.009147644 -3.162e-6 0.9238799 0.3826828 0.7192485 0.641868 0.2658705 0.9997142 -0.02208757 -0.009149849 -1.71618e-7 -0.9806979 -0.1955291 0.6953581 -0.6639584 -0.2750207 -0.6953593 -0.6639575 -0.2750201 -0.7192499 0.6418671 0.265869 -0.9997141 -0.01988232 -0.01328581 -1.98381e-6 0.831469 0.5555711 0.7192545 0.5776609 0.3859804 0.6953463 -0.5975562 -0.3992746 0 -0.8314684 -0.5555721 -3.37998e-7 -0.9238794 -0.3826838 -0.6953526 -0.5975506 -0.399272 -0.7192531 0.4912632 0.4912591 -0.7192494 0.5776656 0.3859829 -1.56086e-6 0.7071084 0.7071052 0.9997144 -0.01987391 -0.01328021 0.7192525 0.4912633 0.4912599 0.9997146 -0.01689749 -0.01689684 -2.64068e-7 -0.7071055 -0.7071082 -0.6953468 -0.5081797 -0.5081794 -0.9997143 -0.01328164 -0.01987534 -0.9997146 -0.01689451 -0.01689434 -7.14973e-7 0.5555717 0.8314687 0.9997144 -0.01328086 -0.01987504 0.6953523 -0.5081765 -0.5081751 -5.8095e-7 -0.5555689 -0.8314705 -0.7192472 0.385986 0.5776662 -0.9997143 -0.009147047 -0.02208322 -1.08756e-6 0.382682 0.9238801 0.7192464 0.3859867 0.5776669 0.9997144 -0.009148001 -0.02208381 0.695354 -0.2750211 -0.6639625 0.6953591 -0.3992677 -0.5975458 -2.65125e-6 -0.3826809 -0.9238807 -0.6953597 -0.3992675 -0.5975453 -0.6953563 -0.2750196 -0.6639608 -0.7192469 0.2658715 0.6418694 -0.9997153 -0.004723727 -0.02339375 -7.55213e-7 0.194721 0.9808587 0.7192466 0.2658715 0.6418696 0.9997152 -0.00472337 -0.02339476 0.6954169 -0.1404861 -0.7047405 -3.90761e-7 -0.1955298 -0.9806978 -0.6954175 -0.1404862 -0.7047399 -0.7193196 0.1353557 0.6813649 -0.9999291 -6.55291e-4 -0.01189035 -0.7130726 0.0340631 0.7002622 0.7130716 0.03406292 0.7002633 0.7193194 0.1353561 0.6813652 0.9999291 -6.55673e-4 -0.011891 0.701121 -0.03521966 -0.712172 0 -0.04949158 -0.9987747 -0.7011219 -0.03521972 -0.7121711 -1 -2.2966e-5 1.70038e-5 -1.13706e-6 0.04850023 0.9988232 -0.7070813 -1.08594e-4 0.7071324 0.7070813 -1.08765e-4 0.7071324 1 -2.32272e-5 1.63467e-5 0.7070793 -6.04252e-5 -0.7071343 4.10725e-7 -1.2139e-4 -1 -0.7070798 -6.032e-5 -0.7071338 1 7.64576e-6 0 0.7130604 0.7002736 0.03408515 0.7070968 0.7071168 0 0 0.998821 0.04854601 -3.49115e-7 1 0 -0.7070965 0.7071171 0 -0.7130599 0.7002741 0.03408533 -1 7.62908e-6 0 -0.9999291 -0.01189124 -6.47014e-4 -0.7071011 -0.7071126 0 -0.7011133 -0.7121815 -0.03518146 -6.98218e-7 -1 0 6.03427e-7 -0.9987775 -0.04943221 0.7011136 -0.7121813 -0.03518164 0.7071012 -0.7071124 0 0.9999291 -0.01189225 -6.47175e-4 0.7193263 0.6813585 0.1353529 2.7578e-6 0.980859 0.1947195 -0.7193229 0.6813619 0.1353536 -0.9997152 -0.02339577 -0.004723429 -0.6954253 -0.7047324 -0.1404846 0 -0.9806979 -0.195529 0.6954196 -0.704738 -0.140485 0.9997155 -0.02338409 -0.004721045 0.9997142 -0.02208721 -0.009147584 0.7192502 0.6418666 0.2658695 2.39038e-6 0.9238796 0.3826835 -0.719245 0.6418718 0.2658708 -0.9997143 -0.02208489 -0.009148836 -0.6953527 -0.6639633 -0.2750226 3.27436e-7 -0.9238796 -0.3826833 0.6953585 -0.6639583 -0.2750202 0.9997141 -0.01988202 -0.01328575 0.7192488 0.5776667 0.3859825 1.14799e-6 0.8314694 0.5555706 -0.7192555 0.5776603 0.3859797 -0.9997144 -0.01987296 -0.01328027 -0.6953478 -0.5975545 -0.3992744 -6.29802e-7 -0.8314682 -0.5555725 0.6953526 -0.5975505 -0.3992722 0.7192527 0.4912633 0.4912596 1.61121e-7 0.7071086 0.707105 -0.7192534 0.4912627 0.4912593 -0.9997146 -0.01689755 -0.01689654 -0.695354 -0.5081755 -0.5081738 -9.08394e-7 -0.7071056 -0.707108 0.6953471 -0.5081794 -0.5081793 0.9997146 -0.01689463 -0.0168941 0.9997143 -0.01328128 -0.01987534 0.7192467 0.3859863 0.5776667 1.22099e-7 0.5555713 0.831469 -0.7192471 0.3859866 0.577666 -0.9997144 -0.01328045 -0.01987504 -0.6953601 -0.3992671 -0.5975451 4.27791e-7 -0.5555682 -0.8314711 0.6953594 -0.3992671 -0.5975459 0.9997144 -0.009147644 -0.02208316 0.7192466 0.2658719 0.6418696 1.6112e-7 0.3826822 0.9238801 -0.7192472 0.2658711 0.6418693 -0.9997144 -0.009147346 -0.0220831 -0.6953567 -0.27502 -0.6639602 3.12922e-7 -0.3826809 -0.9238806 0.6953561 -0.27502 -0.6639608 0.9997153 -0.004723072 -0.02339375 0.7193187 0.1353564 0.6813658 1.92579e-7 0.1947211 0.9808587 -0.7193194 0.1353562 0.6813651 -0.9997153 -0.00472325 -0.0233938 -0.6954181 -0.1404857 -0.7047393 0 -0.1955301 -0.9806977 0.6954174 -0.1404865 -0.7047398 0.9999291 -6.55701e-4 -0.01189047 0.7130725 0.03406268 0.7002623 2.23477e-7 0.04850023 0.9988232 -0.7130723 0.03406351 0.7002626 -0.9999291 -6.55217e-4 -0.01189059 -0.7011216 -0.0352196 -0.7121714 3.38122e-7 -0.0494914 -0.9987747 0.7011218 -0.0352196 -0.7121712 1 -2.31511e-5 1.70038e-5 0.7070813 -1.08808e-4 0.7071323 2.66979e-7 -1.70381e-4 1 -0.707081 -1.08808e-4 0.7071325 -1 -2.3154e-5 1.70038e-5 -0.7070795 -6.03208e-5 -0.7071341 2.25899e-7 -1.21398e-4 -1 0.7070797 -6.032e-5 -0.7071338 -0.7130595 0.7002746 -0.03408527 6.19328e-7 0.998821 -0.04854559 0.71306 0.7002739 -0.03408557 0.9999291 -0.0118938 6.4688e-4 0.7011126 -0.7121822 0.03518152 1.38372e-6 -0.9987775 0.04943251 -0.7011135 -0.7121814 0.03518152 -0.9999291 -0.01189094 6.47194e-4 -0.719326 0.6813586 -0.1353529 -1.14415e-6 0.9808589 -0.19472 0.7193241 0.6813607 -0.1353535 0.9997155 -0.02338695 0.004721403 0.6954252 -0.7047325 0.1404847 9.18817e-7 -0.9806978 0.1955294 -0.6954244 -0.7047333 0.1404848 -0.9997154 -0.02338802 0.00472182 -0.9997141 -0.0220921 0.009151458 -0.7192484 0.641869 -0.2658686 -1.6238e-7 0.9238798 -0.382683 0.7192479 0.6418691 -0.2658695 0.9997141 -0.02209281 0.00915116 0.6953521 -0.6639637 0.2750229 -3.90811e-7 -0.9238795 0.3826838 -0.695353 -0.6639629 0.2750232 -0.7192456 0.5776686 -0.3859856 -2.228e-7 0.8314694 -0.5555706 0.7192453 0.5776685 -0.3859862 0.9997144 -0.01987427 0.01328021 0.6953458 -0.5975565 0.399275 5.58503e-7 -0.8314684 0.555572 -0.6953514 -0.5975518 0.3992723 -0.9997143 -0.01987582 0.0132817 -0.7192494 0.4912636 -0.4912641 5.33714e-7 0.7071076 -0.7071061 0.7192563 0.4912597 -0.491258 0.9997145 -0.01689839 0.01689946 0.6953602 -0.5081704 0.5081703 6.24539e-7 -0.7071072 0.7071065 -0.695354 -0.5081738 0.5081754 -0.9997144 -0.01690125 0.01690346 -0.7192553 0.3859805 -0.5776599 -9.05047e-7 0.5555711 -0.831469 0.7192475 0.385986 -0.5776659 0.9997143 -0.01328134 0.0198757 0.695353 -0.3992711 0.5975507 -7.81622e-7 -0.5555709 0.8314693 -0.6953535 -0.3992705 0.5975506 -0.9997146 -0.01327663 0.01986926 -0.9997144 -0.009147703 0.02208364 -0.7192471 0.2658715 -0.6418692 -5.8658e-7 0.3826833 -0.9238796 0.7192467 0.2658718 -0.6418696 0.9997144 -0.009147882 0.02208364 0.6953536 -0.2750214 0.6639629 -5.29457e-7 -0.3826814 0.9238803 -0.695354 -0.275021 0.6639626 -0.9997153 -0.004722714 0.02338832 -0.7193211 0.1353552 -0.6813635 -4.65716e-7 0.1947206 -0.9808588 0.7193208 0.1353557 -0.6813637 0.9997154 -0.004722058 0.0233885 0.6954212 -0.1404848 0.7047364 -4.66009e-7 -0.1955292 0.9806979 -0.6954215 -0.1404853 0.7047361 -0.9999291 -6.55849e-4 0.01189011 -0.7130746 0.03406274 -0.7002602 7.61853e-7 0.04849994 -0.9988232 0.7130741 0.03406292 -0.7002607 0.9999291 -6.55233e-4 0.01189029 0.7011178 -0.03521931 0.7121751 7.20456e-7 -0.04949098 0.9987746 -0.7011182 -0.03521984 0.7121748 -1 -2.31611e-5 -1.64494e-5 -0.7070758 -1.0809e-4 -0.7071377 7.59859e-7 -1.69791e-4 -1 0.7070755 -1.08041e-4 -0.707138 1 -2.31611e-5 -1.64083e-5 0.7070855 -6.104e-5 0.7071281 8.41994e-7 -1.22067e-4 1 -0.7070859 -6.10403e-5 0.7071278 0.7130605 0.7002735 -0.03408521 -4.67274e-7 0.998821 -0.04854589 -0.7130605 0.7002735 -0.03408527 -0.9999291 -0.01189261 6.47065e-4 -0.7011134 -0.7121814 0.03518152 0.7011134 -0.7121813 0.03518134 0.9999291 -0.01189213 6.46878e-4 0.7193258 0.6813589 -0.1353531 1.03716e-6 0.9808589 -0.19472 -0.7193248 0.6813599 -0.1353532 -0.9997155 -0.02338701 0.004721641 -7.32176e-7 -0.9987775 0.04943209 -0.6954257 -0.7047321 0.1404845 0.6954262 -0.7047316 0.1404847 0.9997155 -0.02338546 0.004721462 0.999714 -0.02209395 0.009150981 9.86867e-7 0.92388 -0.3826825 -0.9997141 -0.02209341 0.009151339 -0.695352 -0.663964 0.2750227 -4.7525e-7 -0.9806979 0.1955292 0.6953524 -0.6639636 0.2750228 0.7192452 0.577669 -0.3859859 0.7192485 0.6418685 -0.2658692 -1.61121e-7 0.8314692 -0.5555709 -0.7192481 0.6418692 -0.2658688 -0.7192457 0.5776686 -0.3859854 -0.6953458 -0.5975565 0.399275 -3.38007e-7 -0.8314684 0.5555722 1.08793e-6 -0.9238795 0.3826836 0.6953514 -0.5975517 0.3992723 0.7192496 0.4912635 -0.4912639 0.9997143 -0.01987487 0.01328194 -0.7192568 0.4912592 -0.4912577 -0.9997144 -0.01987433 0.01328015 -0.9997145 -0.01689898 0.01689952 6.12655e-7 -0.7071069 0.7071067 0.6953541 -0.5081742 0.508175 0.7192556 0.3859801 -0.5776599 0.9997143 -0.0169022 0.01690357 -1.0926e-6 0.7071075 -0.7071062 9.96936e-7 0.5555718 -0.8314687 -0.9997143 -0.01328122 0.01987576 -0.6953538 -0.3992699 0.5975505 -0.6953595 -0.5081709 0.5081708 0.6953542 -0.3992699 0.5975502 0.9997144 -0.009147882 0.02208364 0.9997146 -0.01327663 0.01986926 1.06742e-6 0.3826831 -0.9238797 -0.7192481 0.3859856 -0.5776655 -0.9997144 -0.009148001 0.02208405 -0.6953521 -0.2750219 0.6639641 2.51393e-6 -0.3826816 0.9238803 4.43624e-7 -0.5555706 0.8314695 0.6953538 -0.2750217 0.6639625 0.7192472 0.2658719 -0.6418688 0.9997154 -0.004722356 0.02338832 7.14938e-7 0.1947205 -0.9808589 -0.7192473 0.2658715 -0.641869 -0.9997154 -0.004722177 0.02338951 -0.695421 -0.1404851 0.7047365 5.17495e-7 -0.1955292 0.9806979 0.6954215 -0.1404851 0.7047361 0.7193217 0.1353554 -0.6813628 0.9999291 -6.55638e-4 0.01189011 0.7130748 0.03406268 -0.7002601 -0.7130735 0.03406298 -0.7002614 -0.7193219 0.1353555 -0.6813626 -0.9999291 -6.55579e-4 0.01189082 -0.7011173 -0.03521955 0.7121756 3.01707e-7 -0.04949092 0.9987746 0.7011183 -0.03521966 0.7121746 1 -2.31611e-5 -1.64494e-5 1.45641e-6 0.04850006 -0.9988232 0.707076 -1.0809e-4 -0.7071375 -0.7070758 -1.08093e-4 -0.7071378 -1 -2.31922e-5 -1.57511e-5 -0.7070853 -6.10206e-5 0.7071283 -2.66974e-7 -1.22046e-4 1 0.707086 -6.10401e-5 0.7071276 0 1 3.58732e-7 -2.18316e-7 1 3.58726e-7 0 1 3.58731e-7 0 1 1.42247e-7 2.18316e-7 1 1.00821e-6 0 1 1.11643e-6 0 1 -2.5049e-7 -2.18314e-7 1 -2.50479e-7 0 1 -6.83457e-7 0 1 -1.00818e-6 2.18314e-7 1 -5.75217e-7 0 1 -5.75217e-7 2.18315e-7 1 3.58725e-7 -7.16314e-7 1 0 7.16315e-7 1 0 7.16311e-7 1 1.94854e-6 -2.18317e-7 1 2.50484e-7 0 1 -2.59803e-6 0 1 1.29902e-6 -7.16313e-7 1 2.59806e-6 -7.16327e-7 1 -1.94853e-6 2.18314e-7 1 -6.83463e-7 0 1 6.49519e-7 7.16334e-7 1 0 -2.18315e-7 1 -1.0082e-6 7.16328e-7 1 -2.59804e-6 -7.16331e-7 1 -1.29903e-6 0 1 -1.29903e-6 -0.7121738 -0.03520333 -0.70112 -1 -8.41368e-5 1.62234e-6 -0.7071232 -4.19499e-5 -0.7070905 -0.01189297 -6.5182e-4 -0.9999291 1.1726e-5 -1.64226e-5 -1 0.7002633 0.03407263 -0.7130712 0.7071256 -7.50934e-5 -0.7070879 0.9988223 0.04851895 -6.60273e-7 1 -1.17425e-4 1.76614e-6 0.7071259 -7.51734e-5 0.7070876 1.16849e-5 -1.64226e-5 1 0.7002665 0.03407269 0.713068 -0.7071233 -4.22505e-5 0.7070904 -0.01189154 -6.5194e-4 0.9999291 -0.7121755 -0.03520363 0.7011182 -0.7047307 -0.1404855 -0.6954269 -0.9987759 -0.04946631 -3.64134e-7 -0.02339589 -0.004724264 -0.9997152 0.6813602 0.1353539 -0.7193245 0.9808585 0.1947219 9.76743e-7 0.6813654 0.1353569 0.719319 -0.02339553 -0.004724502 0.9997152 -0.7047322 -0.1404858 0.6954253 -0.6639621 -0.2750216 -0.6953542 -0.9806976 -0.1955304 -1.15116e-6 0.6418692 0.2658712 -0.7192472 0.9238793 0.3826842 -1.71191e-7 0.6418656 0.2658707 0.7192506 -0.6639619 -0.2750219 0.6953542 -0.8314682 -0.5555723 3.41968e-7 -0.9238799 -0.3826826 -8.97811e-7 -0.02208775 -0.009148597 -0.9997142 -0.59755 -0.3992714 -0.6953535 0.5776599 0.3859799 -0.7192556 0.5776609 0.3859794 0.7192552 -0.02208548 -0.009149193 0.9997143 -0.5975493 -0.3992714 0.6953539 -0.7071056 -0.707108 -3.36697e-7 -0.01987528 -0.0132811 -0.9997143 -0.5081719 -0.5081748 -0.6953558 0.491266 0.4912655 -0.7192468 0.7071062 0.7071075 -3.02101e-7 0.8314704 0.5555692 -5.33715e-7 -0.01987475 -0.0132814 0.9997143 0.4912655 0.4912667 0.7192463 -0.5081712 -0.5081756 0.6953558 -0.399274 -0.5975546 -0.6953479 -0.01690268 -0.01690435 -0.9997143 0.3859784 0.5776585 -0.7192575 0.3859792 0.5776584 0.7192572 -0.01690149 -0.01690435 0.9997143 -0.399274 -0.5975542 0.6953483 -0.2750237 -0.6639612 -0.6953542 -0.5555729 -0.8314679 7.4572e-6 -0.009148538 -0.02208369 -0.9997144 -0.0132755 -0.01986724 -0.9997145 0.3826835 0.9238796 1.0775e-6 0.5555708 0.8314692 0 -0.009148716 -0.02208387 0.9997144 -0.01327484 -0.01986718 0.9997145 -0.3826825 -0.92388 -5.21793e-6 -0.1955295 -0.9806978 3.24756e-7 -0.004724025 -0.02339702 -0.9997151 0.2658705 0.6418639 -0.7192522 0.1947203 0.9808588 5.33683e-7 0.2658697 0.6418644 0.7192521 -0.0047248 -0.0233972 0.9997151 -0.2750219 -0.6639616 0.6953546 -0.1404842 -0.7047309 -0.695427 -0.04940885 -0.9987787 2.01708e-6 -0.03516614 -0.7121852 -0.7011103 0.1353557 0.6813688 -0.719316 -6.43717e-4 -0.01189678 -0.9999291 0.03409373 0.7002725 -0.7130612 0.03409397 0.7002726 0.713061 0.1353558 0.6813683 0.7193164 -6.43111e-4 -0.01189655 0.9999291 -0.03516584 -0.7121837 0.7011118 -0.1404848 -0.7047305 0.6954272 0 -1 3.38779e-7 0.04856336 0.9988201 3.32044e-7 0 0.707414 -0.7067995 0 -0.7074064 0.7068071 0 2.22853e-6 -1 0 0.7074135 0.7068 0 2.22853e-6 1 0 -0.7074066 -0.7068068 1 -8.41574e-5 -6.77689e-7 0.7121766 -0.03520387 -0.7011171 0.7071228 -4.19495e-5 -0.7070908 0.01189231 -6.52155e-4 -0.9999291 -1.07403e-5 -1.62817e-5 -1 -0.7002658 0.03407317 -0.7130687 -0.7071261 -7.52275e-5 -0.7070875 -0.9988223 0.04852062 4.15845e-7 -1 -1.17934e-4 1.66346e-6 -0.7071264 -7.52278e-5 0.7070872 -0.7002665 0.03407323 0.713068 -1.65108e-5 -1.62817e-5 1 0.01189047 -6.52238e-4 0.9999291 0.7071207 -4.22433e-5 0.707093 0.7121756 -0.03520375 0.7011182 0.9987758 -0.04946649 1.082e-6 0.7047326 -0.1404855 -0.695425 0.02339309 -0.004723131 -0.9997153 -0.6813617 0.1353538 -0.719323 -0.9808587 0.194721 1.40596e-6 -0.6813644 0.1353567 0.7193199 0.02339398 -0.00472337 0.9997153 0.7047333 -0.1404852 0.6954244 0.9806977 -0.1955302 -1.47855e-7 0.6639651 -0.2750217 -0.6953513 0.02208632 -0.009148895 -0.9997143 -0.6418669 0.2658693 -0.7192499 -0.9238793 0.3826842 0 -0.6418613 0.2658675 0.7192556 0.02208411 -0.009148538 0.9997143 0.6639611 -0.275023 0.6953547 0.9238798 -0.3826828 1.7428e-6 0.8314687 -0.5555717 2.08086e-6 0.5975507 -0.399271 -0.6953532 0.0198754 -0.01328229 -0.9997143 -0.5776658 0.3859797 -0.719251 -0.8314703 0.5555693 1.92842e-6 -0.5776679 0.3859844 0.7192468 0.01987576 -0.01328223 0.9997143 0.5975497 -0.3992714 0.6953538 0.7071058 -0.7071079 2.46115e-6 0.5081708 -0.5081735 -0.6953576 0.01690191 -0.01690417 -0.9997143 -0.4912626 0.4912612 -0.7192521 -0.7071069 0.7071067 -7.25046e-7 -0.4912599 0.491259 0.7192554 0.01690304 -0.01690423 0.9997143 0.5081743 -0.508176 0.6953532 0.3992699 -0.5975489 -0.6953553 0.01327991 -0.01987689 -0.9997143 -0.3859838 0.5776628 -0.7192512 -0.5555702 0.8314697 -4.92174e-7 -0.3859837 0.5776638 0.7192504 0.01327979 -0.01987761 0.9997143 0.3992672 -0.5975484 0.6953573 0.5555722 -0.8314683 -3.6442e-6 0.2750198 -0.6639606 -0.6953563 0.009146094 -0.02208477 -0.9997144 -0.2658696 0.6418606 -0.7192555 -0.382685 0.9238789 -1.28394e-7 -0.2658706 0.6418622 0.7192537 0.00914663 -0.02208489 0.9997143 0.2750211 -0.6639621 0.6953544 0.3826851 -0.9238789 0 0.1404849 -0.7047351 -0.6954226 0.004720628 -0.02338451 -0.9997155 -0.1353563 0.681367 -0.7193176 -0.1947205 0.9808589 -1.2461e-7 -0.1353561 0.6813681 0.7193166 0.004721939 -0.02338457 0.9997155 0.1404865 -0.7047357 0.6954215 0.1955327 -0.9806973 -1.37291e-7 0.04940915 -0.9987787 6.13835e-7 0.03516602 -0.7121878 -0.7011076 6.42986e-4 -0.01189684 -0.999929 -0.03409409 0.7002752 -0.7130584 -0.04856312 0.9988201 6.60278e-7 -0.03409355 0.7002748 0.7130588 6.43589e-4 -0.01189678 0.999929 0.03516644 -0.7121874 0.7011081 0 1 6.67297e-7 -1 -8.44237e-5 -7.80369e-7 -0.7121774 -0.03520321 0.7011164 -0.707122 -4.22467e-5 0.7070916 -0.01189535 -6.52097e-4 0.9999291 1.44573e-5 -1.6146e-5 1 0.7002643 0.03407323 0.71307 0.707127 -7.50852e-5 0.7070866 0.9988223 0.04852074 -3.95529e-7 1 -1.17934e-4 -8.41999e-7 0.7071264 -7.53018e-5 -0.7070872 0.7002626 0.03407311 -0.7130718 1.44162e-5 -1.66909e-5 -1 -0.01189541 -6.52104e-4 -0.9999291 -0.7071215 -4.25529e-5 -0.7070921 -0.7121763 -0.03520333 -0.7011175 -0.9987758 -0.04946595 3.12115e-7 -0.7047335 -0.1404855 0.695424 -0.02339798 -0.004724025 0.9997152 0.6813629 0.1353561 0.7193214 0.9808586 0.1947216 -1.37575e-6 0.6813618 0.1353555 -0.7193226 -0.02339434 -0.004724323 -0.9997152 -0.7047309 -0.1404854 -0.6954267 -0.9806977 -0.1955302 -4.01322e-7 -0.6639689 -0.2750246 0.6953465 -0.02208179 -0.009148597 0.9997143 0.641862 0.2658669 0.7192552 0.9238796 0.3826832 -9.26449e-7 0.6418589 0.2658662 -0.7192583 -0.02207559 -0.009144425 -0.9997145 -0.6639673 -0.2750246 -0.6953482 -0.9238796 -0.3826835 -1.90124e-6 -0.8314687 -0.5555717 -1.74285e-6 -0.5975489 -0.3992677 0.6953565 -0.01988029 -0.01328331 0.9997142 0.5776656 0.3859813 0.7192502 0.8314701 0.5555695 -1.16813e-6 0.5776645 0.3859813 -0.7192512 -0.01988661 -0.01328784 -0.999714 -0.597545 -0.3992677 -0.69536 -0.7071049 -0.7071086 -4.4681e-6 -0.508173 -0.508175 0.6953549 -0.01690363 -0.01690435 0.9997143 0.4912648 0.4912624 0.7192497 0.707107 0.7071066 -1.70814e-6 0.4912627 0.4912612 -0.7192519 -0.0169031 -0.01690423 -0.9997143 -0.5081728 -0.5081754 -0.6953547 -0.3992711 -0.5975505 0.6953532 -0.01328057 -0.01987707 0.9997143 0.3859847 0.5776646 0.7192493 0.5555704 0.8314696 -1.56967e-6 0.3859844 0.5776627 -0.719251 -0.01328086 -0.01987749 -0.9997143 -0.3992684 -0.5975471 -0.6953577 -0.5555719 -0.8314685 1.82738e-6 -0.2750241 -0.6639674 0.6953483 -0.009143292 -0.02207297 0.9997146 0.265869 0.6418619 0.7192545 0.3826846 0.9238792 -1.53569e-6 0.2658693 0.6418599 -0.7192562 -0.009143888 -0.02207577 -0.9997145 -0.275021 -0.6639606 -0.6953559 -0.3826854 -0.9238787 -1.49991e-6 -0.1404849 -0.7047305 0.6954271 -0.004723668 -0.02339667 0.9997152 0.1353573 0.6813696 0.7193149 0.1947208 0.9808588 -1.48525e-6 0.135356 0.6813679 -0.7193168 -0.004723608 -0.0233938 -0.9997153 -0.1404849 -0.7047344 -0.6954232 -0.1955325 -0.9806973 -1.46796e-6 -0.04940915 -0.9987787 -5.93028e-7 -0.03516572 -0.7121854 0.7011102 -6.42733e-4 -0.01189672 0.9999291 0.03409421 0.7002726 0.713061 0.04856342 0.9988201 -5.58698e-7 0.03409337 0.7002722 -0.7130615 -6.44361e-4 -0.01189672 -0.9999291 -0.03516685 -0.7121848 -0.7011107 0 -1 -3.26588e-7 0 0.707414 0.7067995 0 1 -6.57031e-7 0 -0.7074064 -0.7068071 0 2.15664e-6 1 0 0.7074136 -0.7067999 0 2.10529e-6 -1 0 -0.7074066 0.7068068 0.7121751 -0.03520303 0.7011188 1 -8.41432e-5 2.567e-6 0.7071221 -4.22505e-5 0.7070915 0.01189368 -6.52009e-4 0.9999291 -1.18081e-5 -1.63521e-5 1 -0.7002642 0.03407269 0.7130703 -0.7071241 -7.50181e-5 0.7070896 -0.9988223 0.04851943 1.44244e-6 -1 -1.17342e-4 2.50545e-6 -0.707127 -7.50933e-5 -0.7070865 -1.55662e-5 -1.64852e-5 -1 -0.7002647 0.03407275 -0.7130697 0.7071225 -4.20125e-5 -0.7070912 0.01189345 -6.51967e-4 -0.9999291 0.7121758 -0.03520363 -0.701118 0.7047299 -0.1404852 0.6954277 0.9987759 -0.04946607 1.99753e-6 0.0233938 -0.004723727 0.9997153 -0.6813651 0.1353562 0.7193194 -0.9808586 0.1947211 2.06425e-6 -0.6813658 0.1353564 -0.7193187 0.02339744 -0.004723846 -0.9997151 0.7047334 -0.1404849 -0.6954242 0.6639596 -0.2750215 0.6953567 0.9806977 -0.1955301 2.08054e-6 -0.6418634 0.2658703 0.7192527 -0.6418646 0.2658699 -0.7192518 0.663959 -0.2750229 -0.6953567 0.8314683 -0.5555723 0 0.9238795 -0.3826836 9.92873e-7 0.02208507 -0.009148538 0.9997143 0.5975508 -0.3992717 0.6953527 -0.5776601 0.3859811 0.7192549 -0.9238795 0.3826839 2.0266e-6 -0.5776616 0.3859803 -0.719254 0.02208387 -0.009149312 -0.9997143 0.5975504 -0.3992721 -0.6953527 0.7071069 -0.7071067 3.68386e-7 0.01987653 -0.01328051 0.9997143 0.5081739 -0.508175 0.6953543 -0.4912667 0.4912669 0.7192454 -0.7071065 0.7071071 4.53152e-7 -0.8314699 0.5555699 2.61823e-7 0.01987516 -0.01328152 -0.9997143 -0.4912672 0.4912676 -0.7192447 0.5081738 -0.5081757 -0.6953538 0.399275 -0.5975556 0.6953466 0.0169034 -0.01690441 0.9997143 -0.3859794 0.5776599 0.7192559 -0.3859803 0.5776596 -0.7192556 0.0169025 -0.01690441 -0.9997143 0.3992743 -0.5975555 -0.6953471 0.2750229 -0.6639623 0.6953536 0.555572 -0.8314685 -7.77408e-6 0.009150922 -0.02209174 0.9997141 0.01327496 -0.01986759 0.9997145 -0.3826842 0.9238792 -6.44486e-7 -0.55557 0.8314698 1.61122e-7 0.009148657 -0.02208322 -0.9997144 0.01327508 -0.01986753 -0.9997145 0.3826823 -0.9238801 5.89393e-6 0.1955299 -0.9806978 1.67658e-7 0.004721939 -0.02338755 0.9997153 -0.1353563 0.6813677 0.7193169 -0.2658718 0.6418663 0.7192496 -0.1947202 0.9808589 0 -0.2658703 0.6418652 -0.7192511 0.004724085 -0.02339643 -0.9997152 0.2750225 -0.6639618 -0.6953541 0.1404853 -0.7047317 0.6954259 0.04940915 -0.9987787 -1.97676e-6 0.03516632 -0.7121878 0.7011076 6.43178e-4 -0.01189768 0.999929 -0.03409433 0.7002751 0.7130585 -0.03409391 0.7002752 -0.7130584 -0.1353566 0.6813688 -0.7193158 6.43462e-4 -0.01189744 -0.999929 0.03516632 -0.7121864 -0.7011091 0.1404854 -0.7047316 -0.695426 -0.04856336 0.9988201 -2.80618e-7 0 1 0 0 1 -3.58727e-7 0 1 1.79366e-7 0 1 0 0 1 2.5048e-7 0 1 0 0 1 0 0 1 -2.50482e-7 0 1 0 0 1 0 0 1 3.58722e-7 0 1 -1.79367e-7 0 1 6.09203e-7 0 1 -6.49506e-7 0 1 -2.50481e-7 0 1 6.49506e-7 0 1 -6.49513e-7 0 1 2.50482e-7 0 1 -6.09211e-7 -0.6709969 0.719319 0.1798425 0.02126401 0.999719 -0.01047402 -0.62329 0.7191447 0.3071494 -0.9659172 6.54494e-7 0.2588517 -0.8969982 0 0.4420343 -0.6232889 -0.7191454 0.3071495 0.02126383 -0.999719 -0.01047408 -0.6709963 -0.7193198 0.179842 0.644573 -0.6954496 -0.3176091 0.02315157 -0.9997127 -0.006227314 0.8970171 -9.24638e-7 -0.441996 0.6941502 -0.6953346 -0.1861863 0.6941505 0.6953343 -0.1861866 0.6445745 0.6954481 -0.3176094 0.02315098 0.9997127 -0.006227552 0.01980978 0.9998025 -0.00164026 -0.6945918 0.7171599 0.05678009 -0.6945908 -0.7171608 0.05677992 0.01981002 -0.9998024 -0.001640498 0.7144051 -0.6972784 -0.05855023 0.9966564 3.15196e-7 -0.08170723 0.9658576 8.13366e-7 -0.2590739 0.7144056 0.697278 -0.05855011 0.01981049 0.9998024 0.001640439 -0.9966772 9.39017e-7 -0.08145427 -0.9966771 -1.41358e-7 0.08145505 0.01981085 -0.9998024 0.001640498 0.714405 -0.6972787 0.05854958 0.714405 0.6972787 0.05854964 -0.6710005 0.7193157 -0.1798425 -0.6945922 0.7171595 -0.05677986 -0.9659175 7.35045e-7 -0.2588502 -0.6945918 -0.7171599 -0.05677998 -0.6710005 -0.7193157 -0.1798422 0.02315157 -0.9997127 0.006227433 0.9966564 6.42212e-7 0.08170694 0.6941491 -0.695336 0.186185 0.6941494 0.6953359 0.1861849 0.02315205 0.9997127 0.006227791 0.02126508 0.999719 0.01047456 -0.623287 0.719148 -0.3071476 -0.6232864 -0.7191483 -0.307148 0.02126497 -0.999719 0.01047468 0.6445739 -0.6954486 0.3176094 0.8970174 -1.68956e-7 0.4419952 0.9658579 1.04576e-6 0.2590723 0.6445748 0.6954477 0.3176098 0.01854526 0.9997284 0.01412129 -0.8969979 1.19407e-6 -0.4420351 -0.5529184 0.7189453 -0.4211876 -0.5529186 -0.7189452 -0.4211876 0.01854538 -0.9997283 0.01412022 0.5714929 -0.6956385 0.4352964 0.7955189 0 0.6059289 0.5714936 0.6956373 0.4352974 0.01526093 0.9997383 0.01704192 -0.7954863 1.75724e-6 -0.6059716 -0.4637311 0.7187172 -0.5180724 -0.4637312 -0.7187178 -0.5180715 0.01526004 -0.9997383 0.01704204 0.479016 -0.6958508 0.5351031 0.666983 -8.75477e-7 0.745073 0.4790173 0.6958491 0.5351042 0.01162767 0.9997478 0.01922023 -0.666945 4.9123e-7 -0.7451071 -0.3598983 0.7185069 -0.5951648 -0.3598967 -0.7185083 -0.5951641 0.01162797 -0.9997478 0.01921969 0.3715499 -0.6960517 0.6143801 0.5174871 -1.01204e-6 0.8556911 0.3715496 0.6960493 0.6143829 0.007812917 0.9997552 0.02070778 -0.5174482 0 -0.8557146 -0.2455223 0.7183375 -0.6509302 -0.2455229 -0.7183369 -0.6509306 0.007813274 -0.9997552 0.02070683 0.2533544 -0.6962112 0.671641 0.3529443 -2.31823e-7 0.9356443 0.2533543 0.6962114 0.6716408 0.003920733 0.9997599 0.02156502 -0.3529146 -7.17039e-7 -0.9356557 -0.124399 0.7182214 -0.6846042 -0.1243981 -0.7182221 -0.6846036 0.003920555 -0.9997597 0.02156615 0.128327 -0.6963147 0.7061715 0.1787956 -6.0046e-7 0.9838863 0.128327 0.6963149 0.7061712 -3.40256e-7 0.9997614 0.02184736 -0.1787799 1.22883e-7 -0.9838892 1.79308e-6 0.7181908 -0.6958463 1.83234e-6 -0.7181884 -0.6958487 -3.03662e-7 -0.9997613 0.0218507 -1.87315e-6 -0.696348 0.7177043 -2.67946e-6 0 1 -1.84702e-6 0.6963487 0.7177037 0.1243985 0.7182303 -0.684595 0.178781 1.02845e-6 -0.9838889 3.12587e-6 7.10883e-6 -1 0.1243975 -0.7182291 -0.6845964 -0.003920435 -0.9997597 0.0215668 -0.1283288 -0.6963117 0.706174 -0.128329 0.6963118 0.7061739 -0.003920555 0.9997597 0.02156758 0.2455211 0.7183405 -0.6509273 0.3529138 -7.56107e-7 -0.9356558 0.2455216 -0.7183398 -0.6509279 -0.007812559 -0.9997552 0.02070569 -0.1787978 -4.02939e-7 0.983886 -0.253355 -0.6962085 0.6716434 -0.2533549 0.6962089 0.6716431 -0.00781238 0.9997552 0.02070665 0.3598957 0.7185096 -0.5951631 0.5174468 -5.34199e-7 -0.8557155 0.3598959 -0.7185102 -0.5951623 -0.01162827 -0.9997476 0.01922178 -0.3529442 -2.71337e-7 0.9356445 -0.37155 -0.6960473 0.6143849 -0.3715497 0.696047 0.6143855 -0.01162832 0.9997477 0.01922124 0.4637269 0.7187219 -0.5180698 0.6669436 -3.62756e-7 -0.7451083 0.4637274 -0.7187215 -0.5180701 -0.01526021 -0.9997383 0.01704102 -0.517485 -5.06677e-7 0.8556923 -0.4790153 -0.6958505 0.5351042 -0.4790157 0.6958503 0.5351041 -0.01526045 0.9997383 0.0170421 0.5529183 0.7189447 -0.4211885 0.7954855 6.64866e-7 -0.6059727 0.5529186 -0.7189443 -0.4211889 -0.01854562 -0.9997284 0.01412087 -0.6669815 -1.81951e-7 0.7450744 -0.5714891 -0.6956415 0.4352966 -0.5714898 0.6956413 0.4352961 -0.01854604 0.9997283 0.01412022 0.6232867 0.7191479 -0.3071484 0.8969975 -7.25127e-7 -0.4420357 0.6232871 -0.7191476 -0.3071483 -0.02126353 -0.9997192 0.01047331 -0.795517 -5.79817e-7 0.6059314 -0.6445749 -0.6954478 0.3176092 -0.6445741 0.6954487 0.3176088 -0.02126306 0.9997192 0.01047337 0.6709985 0.7193175 -0.1798425 0.9659174 0 -0.258851 0.6709997 -0.7193164 -0.1798429 -0.02314966 -0.9997127 0.006226718 -0.8970174 0 0.4419954 -0.694149 -0.695336 0.1861854 -0.6941483 0.6953369 0.1861848 -0.0231499 0.9997127 0.006226539 -0.0198127 0.9998024 0.001640617 0.6945903 0.7171613 -0.05678057 0.6945893 -0.7171622 -0.05678063 -0.01981264 -0.9998024 0.001640558 -0.7144082 -0.6972752 0.05855101 -0.9966564 4.72792e-7 0.08170777 -0.9658578 0 0.2590728 -0.7144069 0.6972767 0.05855095 0.6945899 0.7171618 0.05677938 0.9966771 2.9887e-6 0.08145409 0.996677 -3.16895e-6 -0.08145594 0.6945925 -0.7171593 0.05677944 -0.7144016 -0.6972822 -0.05854922 -0.714401 0.6972827 -0.05854934 0.6709976 0.7193186 0.1798416 -0.01980972 0.9998025 -0.001640439 0.9659177 0 0.2588495 -0.01981043 -0.9998024 -0.001640617 0.6709985 -0.7193178 0.1798418 -0.02315384 -0.9997125 -0.006227493 -0.9966565 -6.62571e-7 -0.08170652 -0.6941491 -0.6953361 -0.186185 -0.6941486 0.6953368 -0.1861845 -0.02315378 0.9997125 -0.006227612 -0.02126383 0.999719 -0.01047408 0.6232875 0.7191474 0.3071479 0.6232875 -0.7191472 0.3071482 -0.02126508 -0.999719 -0.0104742 -0.6445761 -0.6954464 -0.3176097 -0.8970173 -6.65263e-7 -0.4419956 -0.9658582 0 -0.2590713 -0.6445754 0.6954474 -0.3176093 -0.01854705 0.9997283 -0.01412153 0.896998 -8.45351e-7 0.4420349 0.5529193 0.7189445 0.4211879 0.5529196 -0.7189445 0.4211874 -0.01854538 -0.9997284 -0.01412194 -0.5714927 -0.6956375 -0.4352985 -0.7955183 1.66755e-6 -0.6059297 -0.5714923 0.6956386 -0.4352971 -0.01525998 0.9997383 -0.01704084 0.7954865 -6.88791e-7 0.6059713 0.463728 0.7187218 0.518069 0.4637275 -0.7187217 0.5180696 -0.01526033 -0.9997384 -0.01704174 -0.4790164 -0.6958504 -0.5351032 -0.6669837 0 -0.7450724 -0.4790158 0.695851 -0.535103 -0.01162904 0.9997476 -0.01922291 0.6669447 -1.28476e-7 0.7451072 0.3598968 0.7185094 0.5951625 0.3598973 -0.71851 0.5951617 -0.01162928 -0.9997476 -0.01922333 -0.3715496 -0.6960502 -0.6143819 -0.5174864 -1.79216e-7 -0.8556916 -0.3715496 0.6960501 -0.614382 -0.007813453 0.9997552 -0.02070665 0.5174492 -4.73723e-7 0.855714 0.2455231 0.7183382 0.650929 0.2455224 -0.7183367 0.650931 -0.007813572 -0.9997552 -0.02070569 -0.2533563 -0.6962082 -0.6716434 -0.3529452 0 -0.935644 -0.2533563 0.6962088 -0.6716427 -0.003920614 0.9997597 -0.02156782 0.3529151 2.55185e-7 0.9356554 0.1243986 0.7182267 0.6845988 0.1243991 -0.7182279 0.6845974 -0.003920733 -0.9997597 -0.021568 -0.1283303 -0.6963111 -0.7061744 -0.1787992 -3.47633e-7 -0.9838856 -0.1283298 0.6963105 -0.706175 2.56155e-7 0.9997613 -0.02184844 0.1787819 -8.00953e-7 0.9838888 7.12929e-7 0.7181888 0.6958484 7.86374e-7 -0.7181885 0.6958486 3.68504e-7 -0.9997613 -0.02185052 -7.59576e-7 -0.6963494 -0.7177029 -6.26744e-7 -1.09549e-6 -1 -5.22495e-7 0.6963503 -0.7177021 -0.1243982 0.7182292 0.6845961 -0.1787812 -2.62154e-7 0.9838889 2.29398e-7 -8.47008e-7 1 -0.1243982 -0.7182288 0.6845965 0.003920197 -0.9997597 -0.02156686 0.1283286 -0.6963148 -0.7061711 0.1283285 0.6963161 -0.7061697 0.003920078 0.9997599 -0.02156496 -0.2455217 0.7183386 0.6509292 -0.3529145 -1.19969e-6 0.9356556 -0.2455223 -0.7183383 0.6509293 0.007813572 -0.9997552 -0.02070617 0.1787983 -3.06814e-7 -0.9838858 0.2533559 -0.6962087 -0.671643 0.2533552 0.6962088 -0.6716431 0.007813394 0.9997552 -0.02070683 -0.3598965 0.7185101 0.595162 -0.5174469 -4.63645e-7 0.8557154 -0.359896 -0.7185102 0.5951622 0.01162844 -0.9997477 -0.01922219 0.3529442 -6.44755e-7 -0.9356445 0.3715488 -0.6960501 -0.6143825 0.3715496 0.6960498 -0.6143823 0.01162832 0.9997476 -0.01922291 -0.4637281 0.7187206 0.5180706 -0.666944 -5.03827e-7 0.7451078 -0.4637277 -0.7187211 0.5180701 0.01526159 -0.9997383 -0.01704221 0.517485 0 -0.8556923 0.4790168 -0.6958491 -0.5351047 0.479016 0.6958503 -0.5351038 0.01526087 0.9997384 -0.0170412 -0.5529199 0.7189438 0.4211882 -0.7954859 4.3317e-7 0.6059721 -0.5529189 -0.7189443 0.4211885 0.01854729 -0.9997283 -0.01412159 0.6669821 9.96117e-7 -0.7450738 0.571492 -0.695639 -0.435297 0.5714929 0.6956371 -0.4352986 0.01854699 0.9997283 -0.0141229 0.7955183 -1.26781e-6 -0.6059296 -0.006184935 -0.9999805 -8.99976e-4 -0.00435245 -0.9999577 0.00809884 -1.43295e-7 -1 -4.26123e-7 0.006859123 -0.9999577 -0.006120741 -0.625585 -0.7071075 -0.3296096 -0.6205088 -0.7173519 -0.3168203 -0.6765965 -0.7016863 -0.2232791 -0.5380883 -0.7282525 -0.4243927 -0.4526866 -0.7173432 -0.5296166 -0.6365794 -0.7282521 0.2538022 -0.6935166 -0.7070918 0.1380441 -0.6850002 -0.7173478 0.1272279 -0.7121584 -0.7016866 0.02159839 -0.989619 0 -0.143716 -0.9896191 0 -0.1437155 -0.9896188 0 -0.1437169 -0.002314507 -0.9999805 -0.005806624 -0.009189367 -0.9999577 2.78738e-4 -0.4663068 -0.7070935 -0.5315796 -0.3747901 -0.7016753 -0.6059573 -0.1449373 -0.7016733 -0.6976014 -0.02734893 -0.7070914 -0.7065931 -0.03588402 -0.7173426 -0.695796 0.09848976 -0.7282519 -0.6781954 0.2323177 -0.7173452 -0.6568443 -0.004834651 -0.9999577 -0.007819294 0.001868546 -0.9999577 0.009002745 0.003869712 -0.9999806 -0.004908919 -0.3703484 -3.72764e-7 -0.928893 -0.3703492 -5.17342e-7 -0.9288927 -0.3703484 -1.69163e-7 -0.928893 0.6192706 1.29121e-6 -0.7851778 0.6192707 -2.31255e-7 -0.7851777 0.6192711 5.72395e-7 -0.7851774 0.5316742 -0.7016716 -0.4743203 0.5982518 -0.7070927 -0.3769811 0.5846349 -0.7173424 -0.3789751 0.009189188 -0.9999577 -2.78658e-4 -0.008730411 -0.9999577 -0.002880573 0.004837632 -0.9999578 0.007818937 -0.001871645 -0.9999577 -0.009000182 0.6766199 -0.7016627 0.2232825 0.6256086 -0.7070865 0.3296097 0.6205264 -0.7173363 0.3168211 0.538091 -0.7282496 0.4243945 0.466307 -0.7070901 0.5315839 0.4526867 -0.7173408 0.5296196 0.6850077 -0.7173408 -0.1272267 0.6935167 -0.7070925 -0.1380394 0.7121776 -0.7016671 -0.0215975 0.3747913 -0.7016718 0.6059607 0.004354119 -0.9999577 -0.008096337 -0.006861746 -0.9999577 0.006120026 0.989619 -7.58776e-7 0.1437163 0.989619 -1.26498e-6 0.143716 0.9896188 -9.44443e-7 0.1437169 0.1449359 -0.7016763 0.6975988 0.02734827 -0.7070983 0.7065863 0.03588241 -0.7173451 0.6957935 -0.09848982 -0.7282518 0.6781955 -0.2323178 -0.7173452 0.6568442 0.636578 -0.7282532 -0.2538025 -0.6192713 2.58671e-6 0.7851771 -0.6192701 0 0.7851781 -0.6192707 0 0.7851776 0.3703486 1.03468e-6 0.928893 0.3703486 3.72764e-7 0.9288929 0.3703481 3.38325e-7 0.928893 -0.2272049 -0.7070977 0.6696199 -0.3373798 -0.7016773 0.6275539 -0.003870666 -0.9999806 0.004905939 -0.5316712 -0.7016727 0.4743219 -0.5982506 -0.707093 0.3769824 -0.5846334 -0.7173435 0.3789754 0.2272053 -0.7070952 -0.6696225 0.3373792 -0.7016774 -0.6275541 0.008730471 -0.9999577 0.002881705 0 1 0 0 1 0 0 1 0 -0.9896184 0 -0.1437205 -0.9896188 0 -0.1437169 -0.989619 0 -0.143716 -0.9896184 0 -0.1437206 -0.3703478 0 -0.9288932 -0.3703482 -1.69163e-7 -0.928893 -0.3703489 0 -0.9288928 -0.3703479 -5.17339e-7 -0.9288932 0.6192694 0 -0.7851787 0.6192713 -2.06936e-6 -0.7851772 0.6192708 2.5867e-6 -0.7851776 0.6192701 0 -0.7851781 0.006184875 -0.9999806 8.96406e-4 0.002314388 -0.9999806 0.0058043 0.9896184 -7.8983e-7 0.1437203 0.989619 -4.45394e-7 0.1437166 0.9896191 0 0.1437155 0.9896188 0 0.143717 -0.6192703 -8.90788e-7 0.7851779 -0.6192709 1.59886e-7 0.7851775 -0.6192696 0 0.7851785 -0.6192702 0 0.7851781 0.3703472 0 0.9288934 0.3703481 0 0.928893 0.3703485 0 0.9288929 0.370347 0 0.9288936 0 1 0 0 1 -2.09575e-7 0 1 0 0 -1 -3.56078e-7 0.00504297 -0.9999805 0.003690481 0.0076406 -0.9999577 -0.005112528 0.3996971 -0.7173433 0.570667 0.4930797 -0.7016767 0.5143172 0.3981925 -0.7070921 0.5843488 0.67733 -0.707107 0.2030365 0.6392441 -0.7016855 0.3146499 0.6647467 -0.717353 0.2086066 -0.002567589 -0.9999577 0.00882858 -0.008928537 -0.9999577 0.00219202 -6.76036e-4 -0.9999805 0.006212413 0.008249759 -0.9999577 0.004059612 -0.2943634 -0.7173397 0.6314856 -0.1988733 -0.7016698 0.684185 -0.3069618 -0.707089 0.6370241 0.04712677 -0.7016683 0.7109435 0.151714 -0.71734 0.6800046 0.1628271 -0.7070906 0.6881207 -0.1081305 -1.11167e-6 0.9941368 -0.1081311 -2.425e-7 0.9941366 -0.1081321 -1.42269e-6 0.9941366 -0.1081293 -2.19869e-6 0.9941369 -0.1081311 -4.96244e-7 0.9941366 -0.1081364 0 0.9941362 0.8068813 0 0.5907136 0.806881 -2.06936e-6 0.5907142 0.8068814 -1.12204e-6 0.5907136 -1.29201e-7 1 0 0 1 0 -1.90341e-7 1 0 -1.66044e-7 1 0 0 1 0 0.8068814 3.5951e-7 0.5907136 0.8068818 1.46326e-6 0.590713 -1.47371e-7 1 0 -0.8068816 0 -0.5907134 -0.8068819 0 -0.5907127 -0.806882 0 -0.5907128 0.1081317 0 -0.9941366 0.1081316 -2.58669e-7 -0.9941366 0.1081322 0 -0.9941365 0.1081318 1.24733e-7 -0.9941366 0.1081314 0 -0.9941367 -0.8068824 -3.72764e-7 -0.5907122 -0.8068825 -8.93683e-7 -0.5907121 -0.3996975 -0.7173439 -0.5706659 -0.4930828 -0.701672 -0.5143207 -0.3981906 -0.7070991 -0.5843416 -0.8068831 -1.83044e-6 -0.5907112 -0.6392571 -0.7016699 -0.3146582 -0.6647581 -0.7173405 -0.2086127 -0.6773411 -0.7070933 -0.2030472 -0.00764048 -0.9999577 0.005114138 -0.005043029 -0.9999805 -0.003693461 0.002564489 -0.9999577 -0.008828282 6.09816e-4 -0.9999577 0.009174704 -0.005719304 -0.9999805 0.002519965 -0.5921238 -0.7016791 0.3962775 -0.5130385 -0.7173453 0.4713886 -0.5145083 -0.7070952 0.4850749 -0.694058 -0.7173462 0.06081134 -0.6919466 -0.7016823 0.1698587 -0.7051522 -0.7070977 0.05266314 -0.006363034 -0.9999577 -0.00663501 -0.40482 -0.72825 0.5529672 -0.9150126 2.24409e-6 0.4034255 -0.9150127 4.13872e-6 0.4034252 -0.9150094 0 0.4034327 -0.1081282 0 0.9941371 -0.9150131 3.0086e-6 0.4034241 -0.9150136 2.06936e-6 0.4034231 -0.9150135 1.56744e-6 0.4034231 -0.6812941 -0.7282493 -0.07410395 -0.9150162 0 0.4034171 -0.8068814 -2.72915e-6 -0.5907135 0.008928656 -0.9999577 -0.002191841 6.75345e-4 -0.9999805 -0.006214499 -0.008247613 -0.9999577 -0.004061162 0.2943642 -0.7173423 -0.6314823 0.1988723 -0.7016756 -0.6841792 0.3069652 -0.7070933 -0.6370177 -0.04712617 -0.701676 -0.7109361 -0.1517156 -0.7173441 -0.6799998 -0.1628289 -0.7070948 -0.6881161 0.00636208 -0.9999577 0.006637871 0.4048224 -0.7282491 -0.5529667 0.5130506 -0.7173334 -0.4713938 0.9150125 -2.31255e-7 -0.4034255 0.9150123 -2.06936e-6 -0.4034259 0.915013 0 -0.4034245 0.5145183 -0.7070894 -0.4850728 0.1081316 -1.29335e-7 -0.9941366 0.1081332 0 -0.9941365 0.9150127 -7.32277e-7 -0.4034253 0.5921443 -0.7016543 -0.396291 0.9150124 3.06532e-7 -0.4034257 0.9150127 -7.48876e-7 -0.4034251 0.6940564 -0.7173475 -0.06081461 0.6919513 -0.701677 -0.1698614 0.7051496 -0.7070996 -0.05267238 0.005718469 -0.9999805 -0.002522766 -6.06242e-4 -0.9999577 -0.009172677 0.6812856 -0.7282575 0.07410198 0.8068819 4.93446e-6 0.590713 0.806883 2.72913e-6 0.5907114 0.9150112 9.80202e-7 -0.4034286 -0.2764713 -0.7282525 -0.6270662 0.2764711 -0.7282504 0.6270686 1.57319e-6 -0.7188567 -0.6951584 -0.1542575 -0.3724108 -0.9151584 -2.12373e-6 -0.4030944 -0.9151585 -3.54151e-7 -0.9989042 0.04680186 -0.3548512 -0.8566966 -0.3743685 -4.17306e-7 -0.9272785 -0.3743723 -0.6252312 -0.6252313 0.4670885 -0.83899 -0.3475231 0.4187164 -0.642134 -0.6421346 0.418721 -3.3736e-7 -8.68775e-7 -1 -0.2750964 -0.6641411 -0.6951538 -0.3475213 -0.8389903 0.4187176 -0.382265 -0.9228668 0.04680091 -0.6556829 -0.6556888 -0.3743689 -0.3823357 -0.9230446 0.04252153 4.4556e-7 -0.9152479 0.4028913 -0.3502487 -0.8455758 0.402899 -0.2850291 -0.2850291 -0.9151595 -0.5083106 -0.5083101 -0.6951556 -0.706333 -0.7063308 0.04680442 -0.3724102 -0.1542613 -0.915158 -0.6641412 -0.275096 -0.6951538 -0.922868 -0.3822623 0.04680085 -0.8566932 -0.3548584 -0.3743691 -0.923044 -0.3823375 0.04252177 -0.6471802 -0.6471801 0.4028843 -0.8455787 -0.3502523 0.4028894 -0.9989042 1.62193e-6 0.04680395 -0.7188596 0 -0.6951553 -0.4030911 0 -0.9151599 -0.9272798 -3.85372e-6 -0.3743693 -0.915248 -2.75133e-6 0.4028909 -0.9990956 -4.04441e-7 0.04252284 -0.3724128 0.1542584 -0.9151574 -0.8566962 0.3548513 -0.3743693 -0.9230437 0.3823379 0.04252129 -0.8455763 0.3502497 0.4028971 -0.664141 0.2750964 -0.6951538 -0.8389911 0.3475183 0.4187186 -0.922866 0.3822671 0.04680252 -0.6471769 0.6471796 0.4028906 -0.7064667 0.7064678 0.0425226 -0.2850283 0.2850283 -0.91516 -0.6556876 0.6556866 -0.3743647 -0.5083101 0.5083138 -0.6951532 -0.6421381 0.6421315 0.4187194 -0.7063305 0.7063331 0.04680478 -0.1542584 0.3724127 -0.9151574 -0.3548539 0.8566936 -0.3743728 -0.2750938 0.6641358 -0.6951599 -0.3475252 0.8389877 0.4187193 -0.3822627 0.9228679 0.04680055 -0.3823369 0.9230442 0.04252171 -0.350251 0.8455819 0.402884 1.30475e-7 0.718864 -0.6951508 -4.05521e-6 0.403092 -0.9151595 0 0.9272819 -0.3743639 1.83793e-7 0.9152482 0.4028905 0 0.9990955 0.04252308 -3.90257e-6 0.9081152 0.4187204 1.49363e-6 0.9989041 0.04680478 0.1542621 0.3724081 -0.9151587 0.3822658 0.9228666 0.04680055 0.3548546 0.8566932 -0.374373 0.3502489 0.8455752 0.4028997 0.3823365 0.9230443 0.04252231 -0.9081138 0 0.4187234 -0.8169037 0.338373 0.4670892 0.275096 0.6641371 -0.6951577 0.3475173 0.8389914 0.4187187 0.338373 0.816904 0.4670885 0.8389905 0.3475207 0.4187175 0.8842113 2.8048e-6 0.4670873 0.9081157 -5.34378e-6 0.4187194 0.2850334 0.285033 -0.915157 0.5083113 0.5083104 -0.6951549 0.6421315 0.642138 0.4187195 0.7063331 0.7063307 0.0468046 -0.7064672 -0.7064672 0.04252272 0.6556876 0.6556863 -0.3743652 0.6471793 0.6471762 0.4028923 0.7064676 0.7064669 0.04252302 0.8566932 0.3548547 -0.3743727 0.6641433 0.2750936 -0.6951526 0.9228675 0.3822638 0.04679775 0.8169059 -0.3383705 0.467087 0.8389874 -0.3475258 0.4187195 0.3724094 0.1542571 -0.9151591 0.9230443 0.3823364 0.04252171 0.8455806 0.3502474 0.4028898 -0.33837 0.8169062 0.467087 0.403097 2.76182e-7 -0.9151574 0.9272795 3.22526e-6 -0.3743698 0.9152513 -1.4467e-6 0.4028837 0.9990955 -2.1185e-7 0.04252302 -0.8169059 -0.3383702 0.4670872 0.7188553 1.19044e-6 -0.6951597 0.9989042 -1.24212e-6 0.04680305 0 -0.8842102 0.4670895 -7.80044e-7 -0.9081153 0.4187204 0.8566958 -0.3548569 -0.3743649 0.9230436 -0.3823381 0.04252171 0.8455774 -0.3502498 0.4028948 0.3475164 -0.8389915 0.4187192 0.3724081 -0.1542568 -0.9151597 0.6641423 -0.2750946 -0.6951532 0.9228674 -0.3822634 0.04680442 0.2850325 -0.285033 -0.9151573 0.5083104 -0.5083122 -0.6951541 0.7063336 -0.7063302 0.04680246 0.6556835 -0.6556886 -0.3743684 0.7064676 -0.7064668 0.04252219 0.6471783 -0.6471787 0.4028897 -0.6252295 0.6252343 0.4670871 0.642131 -0.6421384 0.4187197 0.3822662 -0.9228662 0.04680222 0.6252343 0.6252292 0.4670873 0.2750944 -0.6641428 -0.6951528 0.1542571 -0.3724097 -0.9151589 0.3548511 -0.856696 -0.3743698 0.382339 -0.9230434 0.04252201 0.350251 -0.8455821 0.4028836 0.3383759 -0.8169031 0.4670879 1.8176e-6 -0.9990956 0.04252147 0.6252334 -0.6252298 0.4670878 -0.1452867 -0.350744 0.9251327 -0.3507466 -0.1452846 0.9251321 -0.3796266 -2.08359e-7 0.9251399 -0.3507351 0.1452788 0.9251373 -0.2684412 0.2684389 0.9251378 6.51577e-6 0.3796101 0.9251467 0.1452758 0.3507273 0.9251407 0.2684181 0.2684288 0.9251474 0.350725 0.1452771 0.9251415 0.3507314 -0.1452792 0.9251387 0.2684373 -0.268438 0.9251391 -4.75118e-6 -0.3796311 0.925138 -0.3723424 -0.8989051 0.2309346 -0.3383734 -0.8169053 0.4670858 -0.8989054 -0.3723425 0.2309333 -0.9729695 -2.87796e-6 0.2309339 -0.8842119 2.10604e-7 0.4670862 -0.8989076 0.3723369 0.2309338 -0.6879927 0.6879928 0.2309374 -0.3723366 0.898908 0.230933 0 0.8842126 0.4670847 0 0.97297 0.2309315 0.3723372 0.8989077 0.2309328 0.6879936 0.687992 0.2309371 0.8169056 0.3383733 0.4670855 0.898908 0.3723358 0.2309337 0.8989073 -0.3723403 0.2309299 0.9729693 -3.56387e-6 0.2309347 0.6879914 -0.6879942 0.230937 0.3723384 -0.8989074 0.2309322 -6.04359e-7 -0.9729687 0.230937 0.1452788 -0.3507364 0.9251368 0.3796299 1.43832e-6 0.9251385 -0.1452732 0.3507243 0.9251423 -0.2684174 -0.2684286 0.9251477 -0.2588196 0 0.9659257 2.15941e-6 0.1935107 0.9810982 -0.2539244 0.1935115 0.9476686 0.4999997 0 0.8660256 0.6937418 0.1935116 0.6937403 0.4905512 0.1935114 0.8496546 0.7071056 0 0.707108 0.8496551 0.193513 0.4905498 0.8660238 3.66884e-7 0.5000028 0.9238798 3.20489e-6 0.382683 0.9515157 2.87201e-7 0.3076001 0.7071078 0 -0.7071059 0.4905514 0.1935101 -0.8496548 0.6937412 0.1935104 -0.6937413 0.5000006 0 -0.8660251 0.2539266 0.1935112 -0.9476681 0.2588189 0 -0.9659259 -1.23023e-6 0.1935114 -0.9810981 2.18638e-6 0 -1 -0.2539272 0.1935112 -0.947668 -0.258818 0 -0.9659261 -0.4905511 0.1935102 -0.849655 -0.5000011 0 -0.8660249 -0.6937422 0.1935105 -0.6937403 -0.7071052 0 -0.7071085 -0.8496551 0.1935129 -0.4905497 -0.8660234 -5.50332e-7 -0.5000036 -0.9238788 -4.80736e-6 -0.3826853 -0.9515157 -4.30808e-7 -0.3076002 -0.7071079 0 0.7071058 -0.4905492 0.1935113 0.8496558 -0.6937403 0.1935116 0.6937418 -0.5000027 0 0.866024 0 -1 5.27841e-6 0 -1 -8.16954e-6 0.2588145 0 0.9659271 0.2539272 0.1935115 0.9476678 0.8660251 -3.66895e-7 -0.5000006 0.8496542 0.1935107 -0.4905521 0 -0.9348637 0.3550069 0 -0.8068526 0.5907528 0 -0.9348635 0.3550076 0 -0.9129199 -0.4081388 0 -0.8068554 -0.5907491 0 -0.9129205 -0.4081375 0 -0.9348643 -0.3550056 0 -1 -1.69674e-6 0 -0.9348622 -0.3550109 0 -1 1.07879e-6 0 -0.9129253 0.4081271 0 -1 4.6841e-6 0 -0.9129227 0.4081324 0 -0.8068546 0.5907501 -4.11919e-6 0 1 0 -1 -7.96317e-6 0 -1 5.57553e-7 -0.8660245 0 0.5000017 -0.849655 0.1935116 0.4905505 0.1864229 0.6936756 0.6957447 0 0.693686 0.7202776 0.05410391 0.9779071 0.2019168 0 0.9779129 0.2090132 0.3601421 0.6936821 0.6237811 0.5093129 0.6936867 0.5093126 0.1045179 0.9779092 0.1810243 0.6237816 0.693682 0.3601416 0.181027 0.9779095 0.1045095 0.1478101 0.9779079 0.1478125 0.6237844 0.6936785 -0.3601434 0.5093168 0.6936805 -0.509317 0.1810271 0.9779087 -0.1045166 0.3601402 0.6936808 -0.6237837 0.1478117 0.9779078 -0.1478111 0.1864203 0.6936816 -0.6957395 0.1045166 0.9779091 -0.1810253 0 0.693687 -0.7202767 0.05410164 0.9779087 -0.2019103 -0.1864203 0.6936816 -0.6957395 -0.05410248 0.9779076 -0.2019152 0 0.9779097 -0.2090283 -0.3601403 0.693681 -0.6237833 -0.104515 0.9779089 -0.1810272 -0.5093163 0.6936807 -0.5093172 -0.1478106 0.977908 -0.1478106 -0.6237845 0.693679 -0.3601422 -0.1810271 0.9779096 -0.1045091 -0.6237813 0.6936819 0.3601421 -0.5093127 0.6936864 0.5093131 -0.1810268 0.9779087 0.1045169 -0.3601421 0.6936821 0.6237811 -0.1045194 0.9779092 0.1810232 -0.1478136 0.9779072 0.1478132 -0.1864229 0.6936756 0.6957448 -0.05410259 0.9779082 0.2019122 0.9476687 0.1935085 0.2539263 0.7202821 0.6936814 1.60535e-6 0.6957412 0.693679 0.1864235 0.2019184 0.9779069 0.05410325 -0.9476688 0.1935086 0.2539258 -0.7202821 0.6936813 2.70305e-6 -0.9810984 0.1935094 2.7008e-7 -0.201915 0.9779076 0.05410325 -0.2090331 0.9779086 2.78838e-6 0.9810985 0.1935093 1.82118e-7 0.6957394 0.6936815 -0.186421 0.209033 0.9779086 -7.78831e-7 -0.6957394 0.6936817 -0.1864202 -0.9476681 0.1935094 -0.2539277 -0.2019163 0.9779074 -0.05410188 0.9476682 0.1935092 -0.2539276 0.2019132 0.9779079 -0.05410337 -0.6957414 0.6936789 0.1864235 2.22168e-6 0.1935098 -0.9810984 -0.2588198 0 -0.9659256 -0.2539259 0.1935117 -0.9476681 0.6937417 0.1935115 -0.6937404 0.4999996 0 -0.8660256 0.4905493 0.1935121 -0.8496555 0.8496553 0.1935126 -0.4905497 0.9515157 0 -0.3076003 0.923877 0 -0.3826898 0.8660235 0 -0.5000034 0.8660255 1.8345e-7 0.4999998 0.9238792 1.60248e-6 0.3826843 0.9515157 1.43604e-7 0.3076001 0.4905479 0.1935124 0.8496562 0.707109 0 0.7071047 0.6937401 0.1935123 0.6937418 0.2539255 0.193512 0.9476683 0.4999993 0 0.8660259 -1.89213e-6 0.1935096 0.9810984 0.2588189 0 0.9659259 -0.2539269 0.1935117 0.9476678 4.06178e-6 0 1 -0.4905475 0.1935123 0.8496565 -0.258816 0 0.9659267 -0.6937421 0.1935122 0.6937399 -0.4999995 0 0.8660258 -0.8496561 0.1935122 0.4905482 -0.7071053 0 0.7071084 -0.9515156 -1.43604e-7 0.3076008 -0.9238792 -1.60248e-6 0.3826843 -0.8660229 -1.83447e-7 0.5000044 -0.8660244 1.8345e-7 -0.5000018 -0.9238792 1.60248e-6 -0.3826843 -0.9515159 1.43604e-7 -0.3076 -0.4905489 0.1935122 -0.8496558 -0.7071079 0 -0.7071057 -0.6937415 0.1935121 -0.6937405 -0.5000011 0 -0.8660248 0 -1 -2.38656e-6 0 -1 4.41673e-6 0 -1 -7.22781e-7 0.2588163 0 -0.9659267 0.253928 0.1935119 -0.9476675 0.8496556 0.1935109 0.4905496 0 -0.8068558 -0.5907484 0 -0.9348642 -0.3550058 0 -0.9348636 -0.3550072 0 -0.8068576 0.5907462 0 -0.9129191 0.4081409 0 -0.9129203 0.4081379 0 -1 1.37729e-6 0 -0.9348629 0.355009 0 -0.9348648 0.3550041 0 -0.8068506 0.5907557 0 -1 -1.36682e-6 0 -0.912924 -0.4081298 0 -1 -4.81294e-6 0 -0.9129223 -0.4081333 0 -0.8068528 -0.5907525 -4.14312e-6 0 -1 0 -1 -2.78774e-7 0 -1 -9.2256e-6 -0.8496561 0.1935111 -0.4905487 0 0.6936764 -0.7202869 0 0.9779115 -0.2090195 0.1864241 0.6936851 -0.6957349 0.1045154 0.9779061 -0.1810426 0.3601418 0.6936814 -0.623782 0.1478133 0.9779071 -0.1478141 0.5093151 0.6936817 -0.5093171 0.6237813 0.6936812 -0.3601434 0.6237815 0.6936814 0.3601428 0.1478112 0.9779079 0.1478113 0.509315 0.6936827 0.5093159 0.3601413 0.6936818 0.6237819 0.1864232 0.693686 0.6957343 0.1045153 0.9779087 0.1810284 2.13607e-7 0.6936765 0.7202867 0 0.9779086 0.2090331 -0.186423 0.6936851 0.6957353 -0.1045157 0.9779112 0.181014 -0.360141 0.6936812 0.6237828 -0.1478141 0.9779071 0.1478135 -0.5093148 0.6936823 0.5093166 -0.6237816 0.6936816 0.3601421 -0.6237816 0.6936817 -0.3601421 -0.1478108 0.9779079 -0.1478118 -0.5093156 0.6936818 -0.5093166 -0.3601424 0.6936818 -0.6237813 -0.1864243 0.6936858 -0.6957343 -0.1045155 0.9779063 -0.181041 0.6957392 0.6936811 -0.186423 0.9810984 0.1935099 -1.33801e-7 0.9476683 0.1935093 -0.2539274 0.2090346 0.9779083 3.02673e-7 0.7202811 0.6936823 3.53381e-7 -0.9810985 0.1935096 -2.15568e-7 -0.6957393 0.6936811 -0.1864224 -0.9476684 0.1935089 -0.2539271 -0.2090343 0.9779084 0 -0.7202813 0.6936822 -1.23947e-7 0.6957396 0.6936809 0.1864226 0.9476686 0.1935093 0.2539265 -0.6957393 0.693681 0.1864231 -0.9476682 0.1935093 0.2539275 0.18103 0.9779083 0.1045162 -0.18103 0.9779083 0.1045158 0.1810303 0.9779082 -0.1045166 -0.1810303 0.9779082 -0.1045162 0.9914447 0 -0.1305275 1 0 -6.90099e-7 0.9914448 0 0.1305265 -0.9914448 0 -0.130527 0.9515157 -2.87206e-7 -0.3076005 0.9238811 -3.20492e-6 -0.3826798 -0.991445 0 0.1305258 -1 0 -6.90099e-7 -0.9515159 0 0.3075997 -0.9238798 0 0.382683 0 -1 1.14407e-6 0 -1 -2.66513e-7 0 -1 1.11762e-5 0 -1 -1.8451e-5 0 -1 1.8451e-5 0 -1 -7.75602e-7 0 -1 -9.10191e-6 0 -1 -6.8103e-7 0 -1 8.88587e-6 0 -1 -9.88745e-6 0.2019178 0.977907 0.05410355 0.05410271 0.9779083 0.2019113 0.991445 0 -0.1305256 -0.9914449 0 -0.130526 0.9914448 0 0.1305267 -0.9914448 0 0.1305272 1 0 3.5156e-7 -1 0 3.5156e-7 0 -1 -1.732e-6 0 -1 1.84509e-5 0 -1 -1.84511e-5 0 -1 -1.84509e-5 0 -1 -2.48679e-5 0 -1 -3.69025e-5 0 -1 -1.11511e-6 0 -1 1.00158e-6 0 -1 7.96312e-6 0.2019101 0.9779086 -0.054102 0.05410128 0.9779088 -0.2019094 -0.05410182 0.9779088 -0.2019093 -0.2019138 0.977908 -0.05410176 -0.2019101 0.9779087 0.054102 -0.05410188 0.9779095 0.2019064 0.8092148 -0.5861666 -0.03975039 0.8748666 -0.4520227 -0.174023 0.8906534 -0.4525774 -0.04370617 0.9332363 -0.3075892 -0.1856314 0.9502542 -0.3079705 -0.0465967 0.1588158 -0.9872764 -0.007935941 0 -0.9996834 -0.02516299 0.1581101 -0.9869205 -0.0314511 0.9688267 -0.1556839 -0.1927102 0.9865919 -0.1558781 -0.04835689 0.3074156 -0.9496087 -0.06114894 0.3111889 -0.950223 -0.01541787 0.998032 -0.03916531 -0.04897081 0.9800326 -0.03916543 -0.1949416 0.4490684 -0.889021 -0.08932673 0.4558104 -0.8897923 -0.02250587 0.579618 -0.8066912 -0.1152929 0.5891299 -0.807517 -0.02902424 0.6959065 -0.7046653 -0.1384231 0.7078911 -0.7054629 -0.03481715 0.7951183 -0.5854675 -0.1581614 0.912615 -0.1556828 -0.3780171 0.9231706 -0.03916531 -0.3823902 0.2895808 -0.949608 -0.1199486 0.4230105 -0.8890225 -0.1752177 0.5459896 -0.8066903 -0.2261552 0.6555304 -0.7046639 -0.2715304 0.7489851 -0.5854679 -0.3102399 0.8241057 -0.452023 -0.3413577 0.8790903 -0.3075886 -0.3641288 0.1489368 -0.9869204 -0.06169223 0.6740702 -0.5854675 -0.4503969 0.741675 -0.4520228 -0.4955741 0.7911611 -0.3075879 -0.528634 0.1340382 -0.9869207 -0.08956265 0.8213319 -0.155683 -0.5487957 0.2606148 -0.9496086 -0.1741368 0.8308317 -0.03916549 -0.5551441 0.3807019 -0.889021 -0.2543776 0.4913775 -0.8066904 -0.3283273 0.5899598 -0.7046653 -0.394201 0.6728273 -0.3075889 -0.6728244 0.6984857 -0.1556826 -0.6984845 0.1139915 -0.9869207 -0.1139894 0.2216334 -0.949609 -0.2216335 0.7065644 -0.03916382 -0.7065641 0.3237585 -0.8890228 -0.3237576 0.4178832 -0.8066899 -0.4178817 0.5017199 -0.7046661 -0.50172 0.5732498 -0.5854679 -0.573247 0.6307418 -0.4520233 -0.6307455 0.3283287 -0.8066895 -0.491378 0.394201 -0.704665 -0.58996 0.4503996 -0.5854675 -0.6740683 0.4955701 -0.4520229 -0.7416775 0.5286369 -0.3075893 -0.7911586 0.08956229 -0.9869205 -0.1340394 0.5487962 -0.1556825 -0.8213316 0.1741368 -0.9496083 -0.2606157 0.5551437 -0.03916472 -0.830832 0.2543762 -0.8890212 -0.3807021 0.06169205 -0.9869203 -0.148938 0.3641327 -0.3075882 -0.8790887 0.378018 -0.1556829 -0.9126145 0.1199467 -0.9496092 -0.2895776 0.3823887 -0.03916418 -0.9231713 0.1752162 -0.8890216 -0.4230129 0.2261547 -0.8066902 -0.5459899 0.2715308 -0.7046651 -0.6555289 0.3102412 -0.5854675 -0.7489848 0.3413546 -0.4520221 -0.8241074 0.1384255 -0.704665 -0.6959064 0.1581595 -0.5854674 -0.7951186 0.1740192 -0.4520221 -0.8748676 0.1856337 -0.3075882 -0.9332361 0.03145271 -0.9869205 -0.15811 0.1927122 -0.1556831 -0.9688266 0.06114882 -0.9496086 -0.3074157 0.1949376 -0.03916412 -0.9800335 0.08932393 -0.8890221 -0.4490669 0.1152923 -0.8066899 -0.57962 2.01395e-6 -0.3075888 -0.9515194 0 -0.9869205 -0.1612081 1.0147e-6 -0.155683 -0.9878072 -1.53755e-7 -0.9496081 -0.3134397 -2.85721e-6 -0.03916364 -0.9992328 2.01084e-7 -0.8890209 -0.4578667 -9.89389e-7 -0.8066902 -0.5909745 2.63525e-6 -0.7046648 -0.7095405 8.02629e-7 -0.5854673 -0.8106961 -3.14917e-6 -0.4520223 -0.8920067 -0.08932542 -0.8890218 -0.4490671 -0.1152933 -0.8066918 -0.579617 -0.1384227 -0.7046651 -0.6959068 -0.1581582 -0.5854669 -0.7951193 -0.1740244 -0.4520227 -0.8748664 -0.18563 -0.3075889 -0.9332367 -0.03144985 -0.9869204 -0.1581115 -0.1927115 -0.1556825 -0.9688268 -0.06114846 -0.9496093 -0.3074139 -0.1949428 -0.03916412 -0.9800324 -0.3641286 -0.3075881 -0.8790905 -0.06169152 -0.9869201 -0.1489391 -0.3780175 -0.1556828 -0.9126148 -0.1199473 -0.9496089 -0.2895787 -0.3823925 -0.0391646 -0.9231696 -0.1752197 -0.8890215 -0.423012 -0.2261571 -0.8066895 -0.5459901 -0.2715286 -0.704665 -0.65553 -0.3102392 -0.5854671 -0.748986 -0.3413579 -0.4520226 -0.8241058 -0.3283292 -0.8066903 -0.4913763 -0.3941977 -0.7046654 -0.5899618 -0.4503974 -0.5854672 -0.67407 -0.4955744 -0.4520224 -0.741675 -0.5286357 -0.3075875 -0.7911602 -0.08956271 -0.9869204 -0.1340403 -0.5487954 -0.1556819 -0.8213325 -0.1741379 -0.9496082 -0.2606152 -0.5551456 -0.03916424 -0.8308306 -0.2543781 -0.8890208 -0.3807019 -0.5732482 -0.5854669 -0.5732495 -0.630746 -0.4520221 -0.6307421 -0.6728269 -0.3075886 -0.6728249 -0.1139922 -0.9869207 -0.1139891 -0.698484 -0.1556826 -0.6984863 -0.221634 -0.9496091 -0.2216328 -0.7065648 -0.03916335 -0.7065638 -0.3237579 -0.8890228 -0.3237581 -0.4178816 -0.8066908 -0.4178814 -0.5017195 -0.7046653 -0.5017215 -0.8213312 -0.1556829 -0.5487969 -0.8308326 -0.03916311 -0.5551428 -0.3807032 -0.8890204 -0.2543774 -0.4913782 -0.8066897 -0.3283279 -0.5899602 -0.7046652 -0.3942006 -0.6740684 -0.5854674 -0.4503995 -0.7416779 -0.4520223 -0.4955702 -0.7911592 -0.3075891 -0.5286361 -0.1340398 -0.9869204 -0.08956223 -0.2606161 -0.9496082 -0.1741369 -0.655529 -0.7046651 -0.2715306 -0.7489854 -0.5854671 -0.3102406 -0.8241078 -0.4520221 -0.3413537 -0.8790886 -0.3075881 -0.364133 -0.1489353 -0.9869207 -0.06169331 -0.9126147 -0.1556825 -0.378018 -0.2895784 -0.9496089 -0.1199473 -0.9231716 -0.03916388 -0.3823876 -0.4230117 -0.8890223 -0.175216 -0.5459899 -0.8066905 -0.2261541 -0.3074169 -0.9496082 -0.06114894 -0.9688267 -0.1556824 -0.192712 -0.9800331 -0.03916382 -0.1949393 -0.4490692 -0.8890208 -0.08932548 -0.5796192 -0.8066905 -0.1152919 -0.695906 -0.7046653 -0.1384264 -0.7951198 -0.585466 -0.1581586 -0.8748677 -0.4520217 -0.17402 -0.933236 -0.3075882 -0.1856342 -0.1581117 -0.9869204 -0.03144913 -0.7078922 -0.7054618 -0.03481876 -0.8092144 -0.5861675 -0.03974962 -0.890653 -0.4525784 -0.04370552 -0.950254 -0.3079709 -0.0465973 -0.1588165 -0.9872763 -0.007933855 -0.9865923 -0.1558762 -0.04835736 -0.3111885 -0.9502233 -0.01541817 -0.9980322 -0.03916293 -0.04896992 -0.4558088 -0.8897932 -0.02250552 -0.5891289 -0.8075177 -0.02902376 -1.56351e-6 -0.03916114 0.9992329 0.1927094 -0.1556822 0.9688272 0.1949399 -0.039164 0.980033 -1.67401e-6 -0.8890212 0.4578661 0.06114834 -0.9496084 0.3074163 0.08932417 -0.8890221 0.4490669 -2.05346e-6 -0.8066903 0.5909745 0.1152916 -0.8066904 0.5796194 -1.69601e-6 -0.7046651 0.7095401 0.1384238 -0.7046647 0.6959071 -2.59657e-6 -0.5854683 0.8106953 0.1581591 -0.5854666 0.7951193 -7.13552e-7 -0.4520215 0.8920071 0.1740217 -0.4520194 0.8748685 -2.98849e-6 -0.3075891 0.9515193 0.1856315 -0.3075865 0.9332371 -2.17722e-7 -0.9869205 0.161208 -5.57122e-7 -0.9996834 0.02516287 0.03145271 -0.9869205 0.1581097 -2.0378e-6 -0.1556822 0.9878072 -5.93332e-7 -0.9496087 0.3134381 0.2261575 -0.8066895 0.5459899 0.271529 -0.7046662 0.6555286 0.31024 -0.5854694 0.7489838 0.3413578 -0.4520227 0.8241058 0.3641298 -0.3075892 0.8790895 0.06169164 -0.9869205 0.148937 0.3780161 -0.1556842 0.9126151 0.1199473 -0.9496091 0.2895777 0.3823918 -0.03916454 0.92317 0.175219 -0.889021 0.423013 0.5286351 -0.3075874 0.7911605 0.08956199 -0.9869205 0.1340398 0.5487956 -0.1556829 0.821332 0.1741377 -0.9496083 0.2606155 0.555146 -0.0391649 0.8308304 0.254375 -0.8890225 0.3807 0.3283293 -0.80669 0.4913769 0.3941974 -0.7046656 0.5899617 0.450397 -0.5854678 0.6740697 0.4955738 -0.4520223 0.7416755 0.3237606 -0.8890206 0.3237617 0.4178822 -0.8066906 0.4178814 0.5017186 -0.7046658 0.5017216 0.5732493 -0.5854667 0.5732488 0.6307455 -0.4520217 0.6307429 0.6728255 -0.3075894 0.672826 0.1139918 -0.9869205 0.1139901 0.6984843 -0.1556844 0.6984856 0.2216335 -0.9496088 0.2216342 0.7065655 -0.03916513 0.7065631 0.7911584 -0.3075884 0.5286378 0.1340385 -0.9869206 0.08956319 0.8213313 -0.1556829 0.5487966 0.2606132 -0.9496091 0.1741361 0.8308324 -0.03916364 0.555143 0.3806984 -0.889023 0.2543753 0.4913766 -0.8066906 0.3283278 0.5899598 -0.7046654 0.3942005 0.6740689 -0.5854685 0.4503972 0.741677 -0.4520227 0.4955711 0.4230121 -0.8890218 0.1752176 0.5459892 -0.8066899 0.2261576 0.655529 -0.704665 0.2715311 0.7489848 -0.5854676 0.3102411 0.8241076 -0.4520222 0.341354 0.8790884 -0.3075883 0.3641333 0.1489375 -0.9869204 0.06169271 0.9126145 -0.1556835 0.378018 0.2895806 -0.9496082 0.119948 0.9231714 -0.03916525 0.3823882 0.7951187 -0.5854671 0.1581601 0.8748676 -0.4520223 0.1740189 0.9332359 -0.3075886 0.1856342 0.1581106 -0.9869205 0.03145152 0.9688265 -0.1556837 0.192712 0.3074154 -0.9496088 0.06114852 0.980033 -0.03916543 0.1949395 0.4490685 -0.8890211 0.08932477 0.5796201 -0.8066897 0.1152931 0.6959072 -0.7046644 0.1384246 0.4558108 -0.8897922 0.02250534 0.5891287 -0.8075179 0.02902328 0.7078903 -0.7054638 0.03481715 0.8092148 -0.5861669 0.03974986 0.8906534 -0.4525777 0.04370528 0.9502543 -0.3079704 0.04659718 0.1588153 -0.9872765 0.007936239 0.9865921 -0.1558772 0.04835736 0.3111881 -0.9502233 0.01541757 0.9980321 -0.03916507 0.0489701 -0.950254 -0.3079709 0.04659694 -0.9688267 -0.1556836 0.1927106 -0.9865922 -0.1558771 0.04835706 -0.31119 -0.9502227 0.01541793 -0.158111 -0.9869204 0.03144919 -0.3074143 -0.949609 0.06114917 -0.9980321 -0.03916335 0.04897129 -0.9800326 -0.03916281 0.1949422 -0.4490682 -0.8890212 0.08932602 -0.4558093 -0.8897929 0.02250546 -0.5891299 -0.8075169 0.02902466 -0.5796182 -0.8066909 0.1152947 -0.6959069 -0.704665 0.1384229 -0.7078913 -0.7054628 0.03481715 -0.8092142 -0.5861676 0.03974997 -0.7951191 -0.585467 0.1581583 -0.8906533 -0.4525775 0.04370695 -0.8748667 -0.452022 0.1740241 -0.9332363 -0.3075891 0.1856314 -0.158816 -0.9872763 0.007933855 -0.6555302 -0.7046652 0.2715277 -0.748986 -0.5854672 0.3102391 -0.8241057 -0.4520221 0.3413587 -0.8790902 -0.3075882 0.3641292 -0.1489363 -0.9869204 0.06169342 0.9987956 0 -0.04906606 0.9987956 0 0.0490663 -0.912615 -0.1556826 0.3780171 -0.2895805 -0.9496082 0.1199481 -0.9231703 -0.03916287 0.3823913 -0.423013 -0.8890211 0.1752185 -0.545989 -0.8066902 0.2261573 -0.9987956 1.41336e-6 0.04906648 -0.1340405 -0.9869203 0.08956253 -0.7911603 -0.3075872 0.5286356 -0.821332 -0.1556825 0.5487957 -0.2606148 -0.9496086 0.1741361 -0.8308302 -0.03916168 0.5551465 -0.3807002 -0.8890221 0.2543763 -0.4913768 -0.8066902 0.3283291 -0.5899623 -0.7046649 0.3941978 -0.6740697 -0.5854673 0.4503976 -0.7416752 -0.4520218 0.4955747 -0.1950876 0 -0.9807859 -0.5017215 -0.7046653 0.5017195 -0.5732492 -0.5854673 0.5732482 -0.6307421 -0.4520218 0.6307462 -0.6728262 -0.3075893 0.6728252 -0.113993 -0.9869204 0.1139903 -0.6984859 -0.1556836 0.6984841 -0.2216336 -0.9496091 0.2216333 0.382681 0 0.9238806 -0.7065625 -0.03916364 0.7065661 -0.3237581 -0.8890225 0.3237591 -0.8314705 4.338e-6 0.5555689 -0.4178805 -0.806691 0.4178823 -0.5286375 -0.3075882 0.7911586 -0.08956277 -0.9869205 0.1340394 1.83143e-6 0 -1 -0.5487962 -0.1556824 0.8213317 -0.1741378 -0.9496082 0.2606151 -0.9987956 0 -0.0490663 -0.9807855 0 -0.1950898 -0.5551413 -0.03916341 0.8308335 -0.2543765 -0.8890208 0.3807029 0.3826832 0 -0.9238798 0.5555679 -1.27209e-6 -0.8314712 0.1950855 0 0.9807863 -0.3283283 -0.8066899 0.4913777 -0.194939 -0.03916305 0.9800332 -0.3826845 1.21641e-7 0.9238791 -0.3823866 -0.03916329 0.9231722 -3.02545e-6 0 1 -0.1950893 0 0.9807856 -0.394201 -0.7046655 0.5899596 0.831468 -1.41856e-6 -0.5555728 0.9238784 -1.19587e-6 -0.3826863 -0.4503992 -0.5854674 0.6740686 0.8314695 0 0.5555704 -0.4955698 -0.4520223 0.7416781 0.7071076 0 0.7071061 -0.2261566 -0.8066903 0.5459891 0.195092 0 -0.980785 0.9807853 0 0.1950901 -0.2715309 -0.7046654 0.6555286 -0.7071091 0 -0.7071046 -0.5555709 0 -0.8314692 -0.3102408 -0.5854665 0.7489858 0.555568 -5.97936e-7 0.8314711 -0.3413535 -0.4520218 0.8241081 0.707105 -2.22688e-7 -0.7071086 -0.3641324 -0.3075887 0.8790886 -0.06169146 -0.9869206 0.1489365 -0.8314698 0 -0.5555701 -0.3780173 -0.1556827 0.9126148 -0.1199475 -0.9496092 0.2895775 -0.9238793 6.68081e-7 0.3826842 -0.1752169 -0.8890215 0.4230129 -0.9238787 0 -0.3826853 -0.1581609 -0.5854671 0.7951185 -0.174021 -0.4520213 0.8748678 -0.3826822 -2.43281e-7 -0.9238801 -0.1856356 -0.3075881 0.9332358 -0.03144991 -0.9869205 0.158111 -0.192713 -0.1556826 0.9688264 -0.06114941 -0.9496079 0.3074176 -0.08932411 -0.8890226 0.4490659 0.9807854 0 -0.1950904 -0.1152961 -0.8066905 0.5796182 0.9238784 0 0.3826863 -0.1384261 -0.7046649 0.6959064 -0.9807853 3.58753e-6 0.1950909 -0.5555714 0 0.8314689 -0.7071082 0 0.7071055 0 1 1.83737e-6 0 1 -1.24076e-6 0 1 1.26509e-6 0 1 5.36607e-7 0 1 -2.49208e-7 0 1 -6.26567e-7 0 1 -2.89242e-7 0 1 -2.1865e-7 0 1 0 0 1 4.41978e-7 0 1 0 0 1 4.02411e-7 0 1 -5.75921e-7 0 1 -2.91253e-7 0 1 0 0 1 0 0 1 5.64855e-7 0 1 -1.21483e-7 0 1 -2.99469e-7 0 1 5.16611e-7 0 1 -3.44958e-7 0 1 0 0 1 0 0 1 -1.60691e-7 0 1 -3.13283e-7 0 1 4.98416e-7 0 1 1.07321e-6 0 1 -1.94758e-7 0 1 0 0 1 -3.67462e-6 -0.5877851 -0.8090171 0 -0.3826838 0 -0.9238794 -0.9951848 0 -0.09801673 -0.9951848 0 -0.09801709 -1 3.03118e-6 2.42777e-7 -0.2902845 0 -0.9569405 0 -1 0 -3.29054e-7 1 -2.87983e-7 0 -1 0 0 1 0 -0.980623 0 -0.1959049 -0.9976261 -3.27692e-7 -0.06886398 -0.4019604 0 -0.9156572 0.923879 0 -0.3826845 0 0 -1 -0.9951848 0 0.09801667 -0.2902848 -3.06561e-6 0.9569403 -0.7071066 0 0.707107 -0.2902846 2.99327e-6 0.9569404 -0.9919391 0 0.1267154 -0.3826819 0 0.9238802 -0.3301278 0 0.9439363 -1 3.99254e-6 0 -2.04347e-7 7.4419e-7 -1 -2.13996e-7 8.37214e-7 -1 0 -1.11629e-6 1 -0.8128471 0 -0.5824772 0 -1 0 0.9951848 0 -0.09801703 1 0 0 0.2902846 0 -0.9569404 0.7071055 0 -0.7071081 0.9951848 0 -0.09801721 0.9919391 0 -0.1267153 0 -1.11628e-6 1 0.7071069 0 -0.7071067 -0.923879 0 0.3826847 0.9919392 0 0.1267151 0.980623 0 0.1959043 0.290285 0 -0.9569402 0.3826823 0 -0.9238801 0 -1 0 0.3301288 0 -0.9439359 0.3826842 0 0.9238793 0.9951848 -2.50166e-7 0.09801656 0.2902855 -2.99325e-6 0.9569401 0 1 0 1 -4.51009e-7 -2.42777e-7 0.3301292 0 0.9439358 0 -7.4419e-7 1 1 1.49791e-6 0 0 9.30239e-7 -1 0.8128471 7.97577e-7 0.5824772 -1.91735e-7 7.4419e-7 -1 -5.78756e-7 0 -1 -2.31502e-7 0 -1 0 -7.50821e-7 1 5.13421e-7 -1.70392e-4 1 -2.05367e-7 -1.69813e-4 -1 -0.6879929 -0.6879944 0.230932 0 -0.8068521 -0.5907535</float_array>
          <technique_common>
            <accessor source="#Sphere_004-mesh-normals-array" count="2955" stride="3">
              <param name="X" type="float"/>
              <param name="Y" type="float"/>
              <param name="Z" type="float"/>
            </accessor>
          </technique_common>
        </source>
        <source id="Sphere_004-mesh-map">
          <float_array id="Sphere_004-mesh-map-array" count="26676">0.6188703 0.1539189 0.745043 0.1341797 0.7450432 0.1539176 0.6188701 0.134181 0.7450428 0.114442 0.745043 0.1341797 0.7450428 0.114442 0.6188698 0.09470558 0.7450424 0.09470421 0.6188698 0.09470558 0.7450423 0.07496649 0.7450424 0.09470421 0.6188697 0.07496786 0.7450421 0.05522865 0.7450423 0.07496649 0.5398499 0.4876739 0.5292881 0.476555 0.5398496 0.4786555 0.5327401 0.008017182 0.5401201 0.01102215 0.5333387 0.01102715 0.9828383 0.2936907 0.9740096 0.3304842 0.9740095 0.2936908 0.9454724 0.5371688 0.9543007 0.2590264 0.9543011 0.5371688 0.1424235 0.9690066 0.1347514 0.9183838 0.1424235 0.9183838 0.1424235 0.9690066 0.1500954 0.9183837 0.1500954 0.9690066 0.9828383 0.2201034 0.9740095 0.2568972 0.9740095 0.2201035 0.1270791 0.9690064 0.1347514 0.9183838 0.1347514 0.9690066 0.1270791 0.9690064 0.1194071 0.9183837 0.1270791 0.9183837 0.9391363 0.5827783 0.9303078 0.5459847 0.9391363 0.5459847 0.1731118 0.9690066 0.1807838 0.9183838 0.180784 0.9690063 0.1654397 0.9690066 0.1731117 0.9183838 0.1731118 0.9690066 0.4693328 0.9837623 0.4836198 0.9749338 0.4836198 0.9837623 0.1577675 0.9690066 0.1654397 0.9183837 0.1654397 0.9690066 0.1761221 0.1219251 0.1868025 0.1571341 0.00271964 0.1924968 0.9828381 0.1833099 0.9740095 0.2201035 0.9740095 0.18331 0.9740096 0.3304842 0.9828383 0.3672778 0.9740096 0.3672778 0.5121937 0.9837623 0.526481 0.9749338 0.526481 0.9837623 0.5121937 0.9837623 0.4979068 0.9749338 0.5121937 0.9749338 0.9828381 0.1109735 0.9740095 0.1465165 0.9740095 0.1109735 0.9828383 0.2568972 0.9740095 0.2936908 0.9740095 0.2568972 0.4487391 0.9749338 0.4693328 0.9837623 0.4487391 0.9837623 0.4979068 0.9837623 0.4836198 0.9749338 0.4979068 0.9749338 0.9828381 0.1465164 0.9740095 0.18331 0.9740095 0.1465165 0.9543011 0.5727118 0.9454725 0.6095054 0.9454724 0.5727118 0.744993 0.7593504 0.7361643 0.7736374 0.7361643 0.7593504 0.7361643 0.8085182 0.744993 0.7879245 0.744993 0.8085182 0.7278617 0.5294452 0.727861 0.4678061 0.7368668 0.3600085 0.9543011 0.6830924 0.9454725 0.719886 0.9454725 0.6830924 0.9543011 0.5371688 0.9454724 0.5727118 0.9454724 0.5371688 0.744993 0.7593504 0.7361643 0.7450634 0.744993 0.7450634 0.744993 0.7450634 0.7361643 0.7307763 0.744993 0.7307763 0.5507794 0.9597026 0.4425276 0.9685311 0.4425276 0.9597024 0.2737045 0.816386 0.2880185 0.8108825 0.2800823 0.8227623 0.5060201 0.4650712 0.5203347 0.4705728 0.5139577 0.4769503 0.9543011 0.7566794 0.9454725 0.793473 0.9454725 0.7566794 0.9222137 0.6969857 0.906118 0.6636547 0.9147254 0.6609624 0.9543011 0.6095054 0.9454725 0.6462987 0.9454725 0.6095054 0.7498325 0.9196349 0.7831637 0.9357308 0.7471404 0.9282422 0.8816985 0.8348054 0.8938858 0.7998552 0.9018759 0.8040379 0.8860331 0.9074035 0.9209833 0.8952164 0.8902158 0.9153935 0.744993 0.7879245 0.7361643 0.7736374 0.744993 0.7736374 0.9543011 0.6462987 0.9454725 0.6830924 0.9454725 0.6462987 0.906118 0.6636547 0.9003531 0.6270921 0.9147254 0.6609624 0.9543011 0.719886 0.9454725 0.7566794 0.9454725 0.719886 0.71327 0.9138695 0.7498325 0.9196349 0.7471404 0.9282422 0.8218461 0.2191793 0.7888808 0.184142 0.821846 0.1841421 0.3518985 0.6087049 0.3189333 0.5979371 0.3518984 0.5979371 0.3518987 0.6454911 0.3189334 0.6203495 0.3518985 0.6203494 0.7888808 0.1140909 0.821846 0.0790652 0.821846 0.114091 0.7888808 0.2533957 0.8218461 0.2191793 0.8218461 0.2533957 0.3518984 0.5871687 0.3189333 0.5979371 0.3189332 0.5871688 0.3518984 0.5871687 0.318933 0.5764006 0.3518982 0.5764006 0.9972836 0.2805411 0.9882755 0.002852857 0.9972825 0.003306806 0.821846 0.04403966 0.7888808 0.002721428 0.821846 0.002721369 0.7888808 0.184142 0.821846 0.1491164 0.821846 0.1841421 0.3518985 0.6203494 0.3189332 0.6087051 0.3518985 0.6087049 0.7888808 0.1491163 0.821846 0.114091 0.821846 0.1491164 0.7888808 0.0790652 0.821846 0.04403966 0.821846 0.0790652 0.5032318 0.4304649 0.5122076 0.4501745 0.5032324 0.4510588 0.2818288 0.7959865 0.2908021 0.7762758 0.2908043 0.7968693 0.5032324 0.4510588 0.514352 0.4616198 0.5060201 0.4650712 0.2796862 0.807432 0.2908043 0.7968693 0.2880185 0.8108825 0.8199559 0.9360476 0.8535596 0.9205282 0.8561028 0.9291806 0.9070107 0.7673816 0.9225303 0.7337783 0.9156631 0.7699251 0.6838365 0.8939454 0.7175793 0.9059473 0.71327 0.9138695 0.7831637 0.9357308 0.8191492 0.9270654 0.8199559 0.9360476 0.8924309 0.6314016 0.8804293 0.5976585 0.9003531 0.6270921 0.9135479 0.7329715 0.9222137 0.6969857 0.9225303 0.7337783 0.8535596 0.9205282 0.8902158 0.9153935 0.8561028 0.9291806 0.9018759 0.8040379 0.9070107 0.7673816 0.9156631 0.7699251 0.5139577 0.4769503 0.5292881 0.476555 0.5258371 0.4848871 0.2647519 0.822369 0.2800823 0.8227623 0.2682041 0.8307009 0.9685757 0.6830943 0.9597469 0.6463006 0.9685757 0.6463006 0.3801385 0.675059 0.3985885 0.6825706 0.3816353 0.6825836 0.8218461 0.2533957 0.7888813 0.5306298 0.7888808 0.2533957 0.1500954 0.9690066 0.1577675 0.9183837 0.1577675 0.9690066 0.7034824 0.9206091 0.6929216 0.9317291 0.6894697 0.9233973 0.8332362 0.9734855 0.8190706 0.9594857 0.8360242 0.9594731 0.223017 0.9685308 0.2598104 0.9597021 0.2598104 0.9685308 0.9270114 0.8414698 0.9776341 0.8491418 0.9270113 0.8491418 0.977634 0.833798 0.9270114 0.8414698 0.9270113 0.833798 0.296604 0.968531 0.3333975 0.9597023 0.3333975 0.9685308 0.9776341 0.8491418 0.9270114 0.856814 0.9270113 0.8491418 0.1168382 0.4507052 0.1257988 0.4682917 0.06580036 0.4877865 0.977634 0.856814 0.9270114 0.8644863 0.9270114 0.856814 0.977634 0.8031094 0.9270113 0.8107817 0.9270113 0.8031096 0.977634 0.8107817 0.9270113 0.8184538 0.9270113 0.8107817 0.9970967 0.8345347 0.9882678 0.8488217 0.9882678 0.8345347 0.977634 0.8184538 0.9270113 0.8261259 0.9270113 0.8184538 0.1958506 0.2147672 0.3113728 0.2966513 0.1982437 0.3525209 0.3333975 0.9685308 0.3701911 0.9597023 0.3701912 0.9685311 0.1862235 0.9685307 0.223017 0.9597021 0.223017 0.9685308 0.9970963 0.7916736 0.9882676 0.8059607 0.9882675 0.7916737 0.9970964 0.8059606 0.9882678 0.8202477 0.9882676 0.8059607 0.4069846 0.9685311 0.4425276 0.9597024 0.4425276 0.9685311 0.2598104 0.9685308 0.296604 0.9597023 0.296604 0.968531 0.9882678 0.8488217 0.9970967 0.8694154 0.9882679 0.8694154 0.9882678 0.8202477 0.9970967 0.8345347 0.9882678 0.8345347 0.3701912 0.9685311 0.4069848 0.9597024 0.4069846 0.9685311 0.9454721 0.2234835 0.9543007 0.1866899 0.9543007 0.2234835 0.9241278 0.4694814 0.9152989 0.4551944 0.9241278 0.4551944 0.9241278 0.4203137 0.9152989 0.4409074 0.9152989 0.4203135 0.945472 0.0763092 0.9543007 0.1131026 0.945472 0.1131026 0.9454721 0.2590264 0.9543007 0.2234835 0.9543007 0.2590264 0.9152989 0.4837685 0.9241278 0.4694814 0.9241278 0.4837685 0.9152989 0.4980553 0.9241278 0.4837685 0.9241278 0.4980553 0.9315645 0.943212 0.9172502 0.937709 0.9236274 0.9313325 0.6696546 0.9432152 0.6839688 0.9377123 0.6779868 0.9466661 0.945472 0.03951561 0.9543007 0.002722084 0.9543007 0.03951561 0.9372417 0.204223 0.9211459 0.2375543 0.9282748 0.2032617 0.9454721 0.1866898 0.9543007 0.1498961 0.9543007 0.1866899 0.1032678 0.8904296 0.06993651 0.9065258 0.06724435 0.8979184 0.8967272 0.06640332 0.9089146 0.1013537 0.8877237 0.06588327 0.2410874 0.930944 0.2061371 0.9187567 0.2103198 0.9107669 0.9152989 0.4551944 0.9241278 0.4409074 0.9241278 0.4551944 0.945472 0.1131026 0.9543007 0.1498961 0.945472 0.1498961 0.9153808 0.2741166 0.9211459 0.2375543 0.9297533 0.2402464 0.945472 0.03951561 0.9543007 0.0763092 0.945472 0.0763092 0.03337413 0.9122908 0.06993651 0.9065258 0.03768366 0.9202134 0.8218464 0.5648463 0.7888813 0.5998835 0.7888812 0.5648465 0.3518981 0.4522206 0.3189328 0.4629887 0.3189328 0.4522206 0.3189328 0.4746332 0.3518981 0.499775 0.3189328 0.499775 0.8218464 0.7049604 0.7888813 0.6699348 0.8218464 0.6699348 0.8218464 0.5648463 0.7888813 0.5306298 0.8218464 0.5306298 0.3189328 0.4414525 0.3518981 0.4522206 0.3189328 0.4522206 0.351898 0.4306842 0.3189328 0.4414525 0.3189328 0.4306842 0.8218465 0.7813041 0.7888813 0.739986 0.8218464 0.7399859 0.8218464 0.5998835 0.7888813 0.634909 0.7888813 0.5998835 0.3518981 0.4629888 0.3189328 0.4746332 0.3189328 0.4629887 0.8218464 0.6699348 0.7888813 0.634909 0.8218463 0.634909 0.8218464 0.7399859 0.7888813 0.7049604 0.8218464 0.7049604 0.6668696 0.9778216 0.6758434 0.9581111 0.6741138 0.9831937 0.9343498 0.9778181 0.9253758 0.9581082 0.934351 0.9572245 0.6668682 0.9572281 0.6779868 0.9466661 0.6758434 0.9581111 0.934351 0.9572245 0.9232322 0.9466627 0.9315645 0.943212 0.176207 0.8969798 0.1392532 0.8990952 0.14006 0.890113 0.9306917 0.1312837 0.9285761 0.1682374 0.9220392 0.1338273 0.003940582 0.9322147 0.03768366 0.9202134 0.009365558 0.9394192 0.14006 0.890113 0.1042289 0.8993967 0.1032678 0.8904296 0.895457 0.3035504 0.9074584 0.2698074 0.9153808 0.2741166 0.9375586 0.1674309 0.9282748 0.2032617 0.9285761 0.1682374 0.2103198 0.9107669 0.1736634 0.9056323 0.176207 0.8969798 0.9169046 0.09717071 0.9220392 0.1338273 0.9089146 0.1013537 0.6775912 0.9313356 0.6929216 0.9317291 0.6839688 0.9377123 0.9236274 0.9313325 0.9082971 0.9317262 0.9117486 0.9233944 0.9597465 0.1498981 0.9685752 0.1131044 0.9685752 0.1498981 0.08104658 0.9183838 0.08871883 0.9690064 0.08104664 0.9690066 0.977634 0.8261259 0.9270113 0.833798 0.9270113 0.8261259 0.9828381 0.1109735 0.9740094 0.002722084 0.9828381 0.002721965 0.9971057 0.3411231 0.9882775 0.2876426 0.997106 0.2876427 0.9971054 0.3616698 0.988277 0.341123 0.9971057 0.3411231 0.6923499 0.488353 0.6743806 0.4678066 0.727861 0.4678061 0.988276 0.4412638 0.9971044 0.4947441 0.9882757 0.4947441 0.6743813 0.529446 0.6923501 0.5088993 0.7278617 0.5294452 0.9971048 0.4412639 0.9882761 0.4207172 0.997105 0.4207172 0.9971054 0.3796384 0.9882769 0.3616697 0.9971054 0.3616698 0.9971054 0.385958 0.9882768 0.3796384 0.9971054 0.3796384 0.9882762 0.4027485 0.997105 0.4207172 0.9882761 0.4207172 0.1603047 0.4992293 0.1958162 0.5403223 0.1603046 0.5197758 0.9971051 0.4027485 0.9882764 0.3964293 0.9971052 0.3964293 0.9971052 0.3964293 0.9882764 0.3911935 0.9971052 0.3911936 0.9971052 0.3911936 0.9882768 0.3859578 0.9971054 0.385958 0.7450417 0.002724111 0.6188694 0.05522996 0.6188689 0.002725601 0.8977365 0.9206064 0.8871743 0.9317252 0.8837233 0.923393 0.06580036 0.4877865 0.002713501 0.4877867 0.00580126 0.4682918 0.3575848 0.9749336 0.3409851 0.9837915 0.3409851 0.9749336 0.4667403 0.1963271 0.5486273 0.3118474 0.4542886 0.2296177 0.1457218 0.002714931 0.4238643 0.002714693 0.2045736 0.127287 0.7450441 0.2328686 0.618871 0.2131323 0.7450439 0.2131308 0.195716 0.1903734 0.2045736 0.1371933 0.2045737 0.1903735 0.1028814 0.4367485 0.1168382 0.4507052 0.06580036 0.4877865 0.04630529 0.4277878 0.06580036 0.4877865 0.0287187 0.4367487 0.0287187 0.4367487 0.06580036 0.4877865 0.01476222 0.4507054 0.01476222 0.4507054 0.06580036 0.4877865 0.00580126 0.4682918 0.3243854 0.9749338 0.3409851 0.9837915 0.3243854 0.9837915 0.2579863 0.9837915 0.2413865 0.9749339 0.2579863 0.9749339 0.4432988 0.9749336 0.3915737 0.9837915 0.3915737 0.9749336 0.3393078 0.3532158 0.4266607 0.2692372 0.4417309 0.2942407 0.3790085 0.7448409 0.395404 0.7422441 0.3954031 0.795301 0.3524798 0.7641145 0.364218 0.7523769 0.3954031 0.795301 0.7450439 0.2131308 0.6188708 0.1933945 0.7450437 0.1933931 0.9391363 0.3988105 0.9303078 0.3632674 0.9391363 0.3632674 0.3422235 0.7960799 0.3449438 0.7789044 0.3954031 0.795301 0.569342 0.9749336 0.583629 0.9837622 0.569342 0.9837622 0.7361643 0.7307763 0.744993 0.7164893 0.744993 0.7307763 0.195816 0.4786828 0.204823 0.3708851 0.1958162 0.5403223 0.5398499 0.4876739 0.5504109 0.4765543 0.5538626 0.4848864 0.05803036 0.9183838 0.06570249 0.9690066 0.05803036 0.9690063 0.9970911 0.5542728 0.9882624 0.5748192 0.9882624 0.5542728 0.9685757 0.7198879 0.9597469 0.6830943 0.9685757 0.6830943 0.9391363 0.5459847 0.9303078 0.5091912 0.9391363 0.5091912 0.1040629 0.9183838 0.1117348 0.9690066 0.1040629 0.9690066 0.9828329 0.4828909 0.9740042 0.5184338 0.9740042 0.4828909 0.9391363 0.4723974 0.9303078 0.435604 0.9391363 0.435604 0.9391363 0.5827783 0.9303078 0.6195718 0.9303078 0.5827783 0.526481 0.9749338 0.540768 0.9837622 0.526481 0.9837623 0.7361643 0.7164893 0.744993 0.7022023 0.744993 0.7164893 0.9828329 0.3746391 0.9740042 0.4828909 0.9740041 0.3746391 0.1423356 0.5403223 0.1603046 0.5197758 0.1958162 0.5403223 0.583629 0.9837622 0.6042227 0.9749336 0.6042227 0.9837622 0.744993 0.7022023 0.7361643 0.687915 0.744993 0.687915 0.9597465 0.2590281 0.9685757 0.5371706 0.9597469 0.5371706 0.744993 0.6736282 0.7361643 0.6530346 0.744993 0.6530346 0.351898 0.5324516 0.3189328 0.5073102 0.3518981 0.5073098 0.9970911 0.5748192 0.9882624 0.5927881 0.9882624 0.5748192 0.5550549 0.9837622 0.569342 0.9749336 0.569342 0.9837622 0.9391363 0.435604 0.9303078 0.3988105 0.9391363 0.3988105 0.5736783 0.4650692 0.5593642 0.4705718 0.5653463 0.4616184 0.09639102 0.9690066 0.1040629 0.9183838 0.1040629 0.9690066 0.351898 0.3615935 0.3189328 0.3867354 0.3189328 0.3615935 0.8734773 0.3129736 0.889573 0.3463049 0.8809657 0.3489968 0.9685757 0.6095072 0.9597469 0.5727136 0.9685757 0.5727136 0.9685757 0.7566814 0.9597469 0.7198879 0.9685757 0.7198879 0.7834445 0.5306276 0.7504792 0.5648437 0.7504794 0.5306274 0.07337462 0.9183838 0.08104664 0.9690066 0.07337462 0.9690066 0.750479 0.1140885 0.7834443 0.149114 0.750479 0.1491139 0.7504792 0.219177 0.7834443 0.2533934 0.750479 0.2533934 0.5764652 0.4510566 0.5653463 0.4616184 0.5674901 0.4501728 0.9685757 0.793475 0.9597468 0.7566814 0.9685757 0.7566814 0.540768 0.9749336 0.5550549 0.9837622 0.540768 0.9837622 0.9397158 0.7370927 0.923619 0.7704237 0.9307485 0.7361313 0.9685757 0.6463006 0.9597469 0.6095072 0.9685757 0.6095072 0.318933 0.5440961 0.351898 0.5324516 0.3518982 0.5440958 0.8992044 0.599272 0.9113909 0.6342226 0.890201 0.598752 0.318933 0.5764006 0.3518984 0.5656321 0.3518982 0.5764006 0.8734773 0.3129736 0.8821431 0.276988 0.8824444 0.3120124 0.8979286 0.8364191 0.9099309 0.8026763 0.9178532 0.8069858 0.9685757 0.5727136 0.9597469 0.5371706 0.9685757 0.5371706 0.2282984 0.8227677 0.243629 0.8223714 0.2401788 0.8307039 0.2410366 0.9135364 0.2060861 0.9013493 0.2102687 0.8933593 0.8731607 0.2761813 0.8886801 0.2425777 0.8821431 0.276988 0.5657413 0.4769487 0.5504109 0.4765543 0.5593642 0.4705718 0.9178532 0.8069858 0.923619 0.7704237 0.9322264 0.773116 0.2175713 0.7968775 0.2286917 0.8074374 0.2203599 0.8108897 0.9400335 0.7003004 0.9245146 0.6666966 0.9331672 0.6641534 0.5764645 0.430463 0.5674901 0.4501728 0.5692207 0.4250907 0.9152616 0.4123008 0.9032604 0.378558 0.9224659 0.4068758 0.3518984 0.5656321 0.318933 0.5548643 0.3518981 0.5548641 0.7504792 0.219177 0.7834443 0.1841397 0.7834443 0.2191769 0.7504788 0.002719104 0.7834443 0.04403716 0.750479 0.04403716 0.9397158 0.7370927 0.9310508 0.7011066 0.9400335 0.7003004 0.7504789 0.07906287 0.7834443 0.1140885 0.750479 0.1140885 0.2192676 0.6328945 0.2102624 0.3552057 0.2192693 0.35566 0.9193809 0.6300402 0.9245146 0.6666966 0.9113909 0.6342226 0.6040444 0.07768523 0.6070492 0.07030516 0.6122818 0.07768559 0.2175692 0.7762836 0.2265462 0.7959924 0.2175713 0.7968775 0.750479 0.1841396 0.7834443 0.149114 0.7834443 0.1841397 0.2203599 0.8108897 0.2346752 0.8163899 0.2282984 0.8227677 0.9139924 0.1751539 0.9018048 0.2101044 0.8938149 0.2059214 0.750479 0.04403716 0.7834442 0.07906293 0.7504789 0.07906287 0.8938149 0.2059214 0.8886801 0.2425777 0.8800279 0.2400341 0.9270114 0.8951748 0.9776341 0.9028469 0.9270114 0.9028469 0.9391363 0.5091912 0.9303078 0.4723975 0.9391363 0.4723974 0.9270114 0.8875026 0.9776341 0.8951748 0.9270114 0.8951748 0.9685752 0.0395174 0.9597465 0.002723813 0.9685752 0.002723813 0.08871883 0.9183838 0.09639102 0.9690066 0.08871883 0.9690064 0.9882672 0.7345256 0.9970961 0.7488123 0.9882673 0.7488123 0.9270114 0.8875026 0.9776341 0.8798305 0.9776341 0.8875026 0.318933 0.5548643 0.3518982 0.5440958 0.3518981 0.5548641 0.9241278 0.5757972 0.9152989 0.5552038 0.9241278 0.5552038 0.8953382 0.3828674 0.889573 0.3463049 0.9032604 0.378558 0.9882674 0.7773864 0.9970963 0.7916736 0.9882675 0.7916737 0.8760136 0.8527426 0.8802859 0.8668262 0.8066528 0.8074619 0.997096 0.7139319 0.9882672 0.7345256 0.9882671 0.7139319 0.9241278 0.5123427 0.9152989 0.4980553 0.9241278 0.4980553 0.9270114 0.8721585 0.9776341 0.8798305 0.9270113 0.8798305 0.9828331 0.5184338 0.9740042 0.5552272 0.9740042 0.5184338 0.7373132 0.9432108 0.7229983 0.9377096 0.729375 0.9313321 0.9270114 0.910519 0.9776341 0.9181909 0.9270114 0.9181909 0.9828331 0.6288146 0.9740042 0.6656081 0.9740042 0.6288145 0.5984785 0.05747675 0.5905136 0.05743294 0.5936887 0.05268144 0.9270114 0.9181909 0.9776341 0.9258632 0.9270114 0.9258632 0.9685753 0.2590281 0.9597465 0.2234852 0.9685753 0.2234851 0.7834445 0.5306276 0.750479 0.2533934 0.7834443 0.2533934 0.9828331 0.5552272 0.9740042 0.5920208 0.9740042 0.5552272 0.9828331 0.7024015 0.9740045 0.7391951 0.9740042 0.7024015 0.9685753 0.2234851 0.9597465 0.1866915 0.9685752 0.1866915 0.7034824 0.9206091 0.7140443 0.9317278 0.7034829 0.9296277 0.8860332 0.8878296 0.920983 0.8756417 0.8902159 0.8958196 0.729375 0.9313321 0.7140443 0.9317278 0.7174953 0.9233954 0.9270114 0.9028469 0.9776341 0.910519 0.9270114 0.910519 0.9303078 0.3632674 0.9391363 0.2550159 0.9391363 0.3632674 0.9241278 0.5266295 0.9152989 0.5123427 0.9241278 0.5123427 0.7834446 0.7049576 0.7504794 0.7399833 0.7504794 0.7049576 0.8535598 0.9009546 0.8902159 0.8958196 0.8561034 0.9096073 0.8722378 0.9466601 0.861118 0.9572207 0.8639059 0.9432086 0.2654395 0.1963003 0.302214 0.197483 0.3113728 0.2966513 0.1041778 0.88199 0.06719326 0.8805118 0.1032165 0.8730229 0.9685752 0.1866915 0.9597465 0.1498981 0.9685752 0.1498981 0.9882673 0.7630994 0.9970963 0.7773864 0.9882674 0.7773864 0.7834446 0.6699323 0.7504794 0.7049576 0.7504794 0.6699322 0.9597465 0.07631087 0.9685752 0.0395174 0.9685752 0.07631087 0.9882673 0.7630994 0.9970961 0.7488123 0.9970961 0.7630993 0.6838363 0.8743752 0.7175794 0.886376 0.7132699 0.8942987 0.7841253 0.9071916 0.8199563 0.9164748 0.7831641 0.9161585 0.03763252 0.9028069 0.003889501 0.9148085 0.03332293 0.8948847 0.8782204 0.937707 0.8639059 0.9432086 0.8718438 0.9313296 0.8700931 0.9581052 0.8611168 0.9778144 0.861118 0.9572207 0.8191497 0.9074925 0.8561034 0.9096073 0.8199563 0.9164748 0.7401011 0.9572232 0.7289811 0.9466626 0.7373132 0.9432108 0.06988561 0.8891191 0.03332293 0.8948847 0.06719326 0.8805118 0.3189328 0.4199159 0.351898 0.4091478 0.3518981 0.4199159 0.1761559 0.8795726 0.1392022 0.8816881 0.1400086 0.8727057 0.7132699 0.8942987 0.7498327 0.9000633 0.7471407 0.9086708 0.3189328 0.4199159 0.351898 0.4306842 0.3189328 0.4306842 0.7834446 0.7399833 0.7504792 0.7813017 0.7504794 0.7399833 0.3189328 0.3983797 0.351898 0.4091478 0.3189328 0.4091478 0.1400086 0.8727057 0.1041778 0.88199 0.1032165 0.8730229 0.3189328 0.3867354 0.3518979 0.3983796 0.3189328 0.3983797 0.7471407 0.9086708 0.7841253 0.9071916 0.7831641 0.9161585 0.7834446 0.6349067 0.7504794 0.6699322 0.7504794 0.6349066 0.7504792 0.5648437 0.7834445 0.599881 0.7504794 0.599881 0.8871743 0.9317252 0.8718438 0.9313296 0.8837233 0.923393 0.9882625 0.7078937 0.9970911 0.6544134 0.9970912 0.7078937 0.2102687 0.8933593 0.1736124 0.888225 0.1761559 0.8795726 0.9970911 0.633867 0.9882624 0.6544135 0.9882624 0.633867 0.9597465 0.1131044 0.9685752 0.07631087 0.9685752 0.1131044 0.7401024 0.977817 0.7311261 0.9581076 0.7401011 0.9572232 0.9241278 0.5266295 0.9152989 0.5409166 0.9152989 0.5266295 0.7504794 0.599881 0.7834446 0.6349067 0.7504794 0.6349066 0.9882624 0.633867 0.9970911 0.615898 0.9970911 0.633867 0.9828331 0.6656081 0.9740042 0.7024015 0.9740042 0.6656081 0.1603047 0.4992293 0.1423355 0.4786829 0.195816 0.4786828 0.9970911 0.6095786 0.9882624 0.615898 0.9882624 0.6095786 0.997091 0.5007925 0.9882624 0.5542728 0.9882624 0.5007925 0.9970911 0.6043431 0.9882624 0.6095786 0.9882624 0.6043431 0.1903782 0.4706394 0.06580615 0.4117878 0.1903783 0.1924968 0.274586 0.9837915 0.2579863 0.9749339 0.274586 0.9749339 0.6188715 0.252608 0.7450449 0.3051111 0.618872 0.3051123 0.00271964 0.4117878 0.05589962 0.4206455 0.00271964 0.4206455 0.9970911 0.5991073 0.9882624 0.6043431 0.9882624 0.5991073 0.08529484 0.4277878 0.1028814 0.4367485 0.06580036 0.4877865 0.9970911 0.5927881 0.9882624 0.5991073 0.9882624 0.5927881 0.08529484 0.4277878 0.06580036 0.4877865 0.06580024 0.4247002 0.243629 0.8223714 0.2541917 0.8334897 0.2401788 0.8307039 0.2239973 0.9837915 0.1722723 0.9749339 0.2239973 0.9749339 0.5322117 0.5098065 0.5158162 0.4971802 0.5322118 0.4997769 0.3449438 0.7789044 0.3524798 0.7641145 0.3954031 0.795301 0.8134186 0.9933011 0.8133107 0.973389 0.8252981 0.9853643 0.9098624 0.5837729 0.8957175 0.5823427 0.8363533 0.5087094 0.06580036 0.4877865 0.1257988 0.4682917 0.1288866 0.4877864 0.5826717 0.4631157 0.5832498 0.4838015 0.5751354 0.4779062 0.7278617 0.5294452 0.6923499 0.488353 0.727861 0.4678061 0.5633977 0.4896441 0.5517066 0.5067191 0.5486073 0.4971801 0.5486073 0.4971801 0.5322117 0.5098065 0.5322118 0.4997769 0.3077855 0.9749338 0.3243854 0.9837915 0.3077855 0.9837915 0.1288866 0.540291 0.06580036 0.4877865 0.1288866 0.4877864 0.3915737 0.9749336 0.3741846 0.9837915 0.3741846 0.9749336 0.2413865 0.9837915 0.2239973 0.9749339 0.2413865 0.9749339 0.5010257 0.4896441 0.5127169 0.5067191 0.4951304 0.4977582 0.4892878 0.4779061 0.4951304 0.4977582 0.4811736 0.4838015 0.4817518 0.4631157 0.4811736 0.4838015 0.472213 0.466215 0.4817518 0.4631157 0.4691251 0.4467204 0.4790316 0.4459406 0.00271964 0.1924968 0.06580615 0.4117878 0.05589967 0.4117878 0.4790316 0.4459406 0.4691253 0.3942157 0.4790316 0.3942157 0.7450435 0.1736553 0.6188703 0.1539189 0.7450432 0.1539176 0.7450443 0.2526065 0.6188714 0.23287 0.7450441 0.2328686 0.7450437 0.1933931 0.6188706 0.1736568 0.7450435 0.1736553 0.4485835 0.7960813 0.3954031 0.795301 0.4458637 0.7789061 0.4458637 0.7789061 0.3954031 0.795301 0.4383274 0.7641156 0.4383274 0.7641156 0.3954031 0.795301 0.4265897 0.7523778 0.4265897 0.7523778 0.3954031 0.795301 0.4117997 0.7448413 0.5952982 0.3942157 0.5853919 0.4459406 0.585392 0.3942157 0.3422235 0.7960799 0.3954025 0.8478054 0.3422227 0.8478047 0.3077855 0.9837915 0.2911857 0.9749338 0.3077855 0.9749338 0.5952982 0.4467204 0.5826717 0.4631157 0.5853919 0.4459406 0.5832498 0.4838015 0.5633977 0.4896441 0.5751354 0.4779062 0.3741846 0.9749336 0.3575848 0.9837915 0.3575848 0.9749336 0.3958016 0.6965829 0.3816353 0.6825836 0.3985885 0.6825706 0.5401203 0.002784669 0.5310353 0.005465507 0.5284837 0.003760516 0.7330194 0.8668262 0.7372917 0.8527426 0.8066528 0.8074619 0.364218 0.7523769 0.3790085 0.7448409 0.3954031 0.795301 0.06580036 0.4877865 0.002713739 0.5402912 0.002713501 0.4877867 0.3954025 0.8478054 0.4485835 0.7960813 0.4485828 0.8478061 0.4117997 0.7448413 0.3954031 0.795301 0.395404 0.7422441 0.9082971 0.9317262 0.8977365 0.9206064 0.9117486 0.9233944 0.9241278 0.5552038 0.9152989 0.5409166 0.9241278 0.5409166 0.9828331 0.5920208 0.9740042 0.6288145 0.9740042 0.5920208 0.5212159 0.4271362 0.6051924 0.3397809 0.5462203 0.4422059 0.9270114 0.8644863 0.9776341 0.8721585 0.9270114 0.8721585 0.2647519 0.822369 0.2541917 0.8334897 0.2541906 0.8244712 0.7361643 0.687915 0.744993 0.6736282 0.744993 0.687915 0.1117348 0.9183837 0.1194071 0.9690066 0.1117348 0.9690066 0.6076378 0.1903733 0.4238644 0.1903734 0.6066938 0.1537566 0.5254738 0.003161728 0.5224639 0.003760337 0.5108273 0.002783596 0.06570249 0.9183838 0.07337462 0.9690066 0.06570249 0.9690066 0.2911857 0.9837915 0.274586 0.9749339 0.2911857 0.9749338 0.04630529 0.4277878 0.06580024 0.4247002 0.06580036 0.4877865 0.7994059 0.9960877 0.791882 0.9776505 0.7994066 0.9791476 0.5199118 0.01658821 0.519868 0.02455312 0.5151164 0.02137804 0.5390051 0.01662713 0.5333387 0.01102715 0.5401201 0.01102215 0.343806 0.6901088 0.3360807 0.7084623 0.3281431 0.6965833 0.8133122 0.9455815 0.8360251 0.9388795 0.8175743 0.9519609 0.1868025 0.1571341 0.1903783 0.1924968 0.00271964 0.1924968 0.00271964 0.1924968 0.002719581 0.008723616 0.0393362 0.009667634 0.002719581 0.008723616 0.01024425 0.007226943 0.0393362 0.009667634 0.01024425 0.007226943 0.01662331 0.002964556 0.0393362 0.009667634 0.0393362 0.009667634 0.07454532 0.02034819 0.00271964 0.1924968 0.07454532 0.02034819 0.1069942 0.03769254 0.00271964 0.1924968 0.1069942 0.03769254 0.1354362 0.0610342 0.00271964 0.1924968 0.1354362 0.0610342 0.1587777 0.08947622 0.00271964 0.1924968 0.1587777 0.08947622 0.1761221 0.1219251 0.00271964 0.1924968 0.7368704 0.6372427 0.7278631 0.637697 0.7278617 0.5294452 0.727861 0.4678061 0.7278597 0.3595545 0.7368668 0.3600085 0.7368704 0.6372427 0.7278617 0.5294452 0.7368668 0.3600085 0.5254731 0.0256682 0.5284833 0.01829349 0.5310782 0.02455347 0.3480685 0.6964876 0.3479597 0.7163996 0.3360807 0.7084623 0.3281431 0.6965833 0.3423093 0.6825838 0.343806 0.6901088 0.5182069 0.01403653 0.5151164 0.02137804 0.5119416 0.01662617 0.609601 0.06860035 0.6122818 0.07768559 0.6070492 0.07030516 0.3619723 0.7191869 0.3694971 0.70075 0.3759852 0.7163994 0.3759852 0.7163994 0.375876 0.6964874 0.3878642 0.7084622 0.5905131 0.06864297 0.598478 0.06859982 0.5936878 0.07339489 0.6040458 0.04839199 0.6070498 0.05577224 0.60404 0.05517333 0.3253557 0.6619771 0.3480682 0.66868 0.3438061 0.675059 0.5486273 0.3118474 0.457794 0.3385281 0.4494587 0.3026911 0.4494587 0.3026911 0.4482749 0.2659167 0.5486273 0.3118474 0.4482749 0.2659167 0.4542886 0.2296177 0.5486273 0.3118474 0.9094573 0.3214771 0.9079849 0.3194225 0.9079849 0.3153133 0.9079849 0.3194225 0.9075794 0.3173679 0.9079849 0.3153133 0.9079849 0.3153133 0.9094573 0.3132585 0.9094573 0.3214771 0.9094573 0.3132585 0.9022697 0.3132585 0.9022697 0.30504 0.9022697 0.30504 0.9236619 0.30504 0.9094573 0.3132585 0.6791263 0.4616884 0.6544705 0.3115615 0.6791263 0.3115615 0.9094573 0.3214771 0.9236619 0.30504 0.9236619 0.3296958 0.9022697 0.3296959 0.9022697 0.3214771 0.9094573 0.3214771 0.9236619 0.3296958 0.9022697 0.3296959 0.9094573 0.3214771 0.6923501 0.5088993 0.6886693 0.5037626 0.6923499 0.488353 0.6886693 0.5037626 0.6876556 0.4986261 0.6886692 0.4934895 0.6923499 0.488353 0.6886693 0.5037626 0.6886692 0.4934895 0.5893985 0.06303793 0.5967734 0.06002825 0.5961746 0.06303822 0.5310782 0.02455347 0.5310349 0.01658856 0.5358299 0.02137869 0.3878642 0.7084622 0.3801387 0.6901085 0.3958016 0.6965829 0.5358299 0.02137869 0.53274 0.01403707 0.5390051 0.01662713 0.7627922 0.9388761 0.7855044 0.9455801 0.7812418 0.9519592 0.4417309 0.2942407 0.443721 0.3016503 0.3393078 0.3532158 0.5486273 0.3118474 0.5212159 0.4271362 0.4943755 0.4019696 0.3113728 0.2966513 0.338051 0.2058174 0.3715738 0.2209832 0.4014935 0.2423974 0.3113728 0.2966513 0.3715738 0.2209832 0.3985885 0.6619768 0.3758758 0.6686799 0.369497 0.6644175 0.195816 0.4786828 0.1958159 0.3704309 0.204823 0.3708851 0.204823 0.3708851 0.2048232 0.6481196 0.1958162 0.5403223 0.2048232 0.6481196 0.195816 0.6485739 0.1958162 0.5403223 0.1603046 0.5197758 0.1566238 0.514639 0.1566238 0.5043659 0.1566238 0.5043659 0.1566238 0.514639 0.1556101 0.5095025 0.1566238 0.5043659 0.1603047 0.4992293 0.1603046 0.5197758 0.5254731 0.0256682 0.5224635 0.01829332 0.5254732 0.0188921 0.7855032 0.9733878 0.7853934 0.9932999 0.7735148 0.9853619 0.7812412 0.9670085 0.7735148 0.9853619 0.7655778 0.9734824 0.5984394 0.07657003 0.6040393 0.07090377 0.6040444 0.07768523 0.6122832 0.04839229 0.6096015 0.05747729 0.6070498 0.05577224 0.8802859 0.8668262 0.8817161 0.8809713 0.8066528 0.8074619 0.6119048 0.06303894 0.6113063 0.06002897 0.6122832 0.04839229 0.6113063 0.06002897 0.6096015 0.05747729 0.6122832 0.04839229 0.8690759 0.8397629 0.8760136 0.8527426 0.8066528 0.8074619 0.8597393 0.8283861 0.8690759 0.8397629 0.8066528 0.8074619 0.8483626 0.8190496 0.8597393 0.8283861 0.8066528 0.8074619 0.8483626 0.8190496 0.8066528 0.8074619 0.835383 0.8121119 0.8066528 0.8074619 0.8212994 0.8078393 0.835383 0.8121119 0.8252981 0.9853643 0.8175738 0.96701 0.8332362 0.9734855 0.8360242 0.9594731 0.8175743 0.9519609 0.8360251 0.9388795 0.5984407 0.04950654 0.60404 0.05517333 0.6010301 0.05577188 0.3801385 0.675059 0.3758758 0.6686799 0.3985885 0.6619768 0.302214 0.197483 0.338051 0.2058174 0.3113728 0.2966513 0.2045736 0.127287 0.4238644 0.1903734 0.2045736 0.1371933 0.2291407 0.2023147 0.2654395 0.1963003 0.3113728 0.2966513 0.3619723 0.7191869 0.3544477 0.7007501 0.3619724 0.7022469 0.5936878 0.07339489 0.6010295 0.07030493 0.5984394 0.07657003 0.510827 0.01102119 0.5182071 0.008016824 0.5176083 0.01102662 0.7655778 0.9734824 0.7797448 0.9594838 0.7812412 0.9670085 0.5327401 0.008017182 0.5310353 0.005465507 0.5401203 0.002784669 0.938301 0.05709487 0.9240964 0.07353204 0.9240964 0.06531357 0.3253558 0.6825708 0.3438061 0.675059 0.3423093 0.6825838 0.7535661 0.8283862 0.7649427 0.8190495 0.8066528 0.8074619 0.8957175 0.5823427 0.8816336 0.5780705 0.8363533 0.5087094 0.8686541 0.5711327 0.8572774 0.5617962 0.8363533 0.5087094 0.7442294 0.8397629 0.7535661 0.8283862 0.8066528 0.8074619 0.7649427 0.8190495 0.7779223 0.8121119 0.8066528 0.8074619 0.05589967 0.4117878 0.00271964 0.4117878 0.00271964 0.1924968 0.4238644 0.1903734 0.2045737 0.1903735 0.2045736 0.1371933 0.5967732 0.06604814 0.5893985 0.06303793 0.5961746 0.06303822 0.8069315 0.9776512 0.7994059 0.9960877 0.7994066 0.9791476 0.6010301 0.05577188 0.5936887 0.05268144 0.5984407 0.04950654 0.7627912 0.9594696 0.7812418 0.9519592 0.7797448 0.9594838 0.5108273 0.002783596 0.5199122 0.005465269 0.5182071 0.008016824 0.5284837 0.003760516 0.5254738 0.003161728 0.5401203 0.002784669 0.722427 0.3115614 0.6791263 0.4616884 0.6791263 0.3115615 0.8479408 0.5504194 0.8410028 0.5374399 0.8363533 0.5087094 0.8572774 0.5617962 0.8479408 0.5504194 0.8363533 0.5087094 0.8410028 0.5374399 0.8367307 0.5233561 0.8363533 0.5087094 0.8363533 0.5087094 0.8367307 0.494063 0.8410028 0.4799792 0.8479408 0.4669995 0.8572773 0.4556229 0.8363533 0.5087094 0.8816336 0.5780705 0.8686541 0.5711327 0.8363533 0.5087094 0.8410028 0.4799792 0.8479408 0.4669995 0.8363533 0.5087094 0.7372917 0.8527426 0.7442294 0.8397629 0.8066528 0.8074619 0.8572773 0.4556229 0.868654 0.4462863 0.8363533 0.5087094 0.3544475 0.6644177 0.3480682 0.66868 0.3253557 0.6619771 0.5119416 0.01662617 0.5176083 0.01102662 0.5182069 0.01403653 0.4943755 0.4019696 0.4729607 0.3720502 0.5486273 0.3118474 0.4729607 0.3720502 0.457794 0.3385281 0.5486273 0.3118474 0.6051924 0.3397809 0.5536296 0.4441955 0.5462203 0.4422059 0.6544705 0.3115615 0.6111699 0.4616884 0.6111699 0.3115615 0.7315893 0.8809713 0.7330194 0.8668262 0.8066528 0.8074619 0.6122818 0.07768559 0.609601 0.06860035 0.6113061 0.06604874 0.6113061 0.06604874 0.6119048 0.06303894 0.6122818 0.07768559 0.4238644 0.1903734 0.4238643 0.002714693 0.459227 0.006290316 0.459227 0.006290316 0.4944362 0.01697093 0.4238644 0.1903734 0.4944362 0.01697093 0.5268852 0.0343151 0.4238644 0.1903734 0.5268852 0.0343151 0.5553272 0.05765664 0.4238644 0.1903734 0.5553272 0.05765664 0.5786687 0.08609861 0.4238644 0.1903734 0.5786687 0.08609861 0.5960132 0.1185475 0.4238644 0.1903734 0.5960132 0.1185475 0.6066938 0.1537566 0.4238644 0.1903734 0.6066938 0.1537566 0.6133969 0.1764695 0.6091346 0.1828485 0.6091346 0.1828485 0.6076378 0.1903733 0.6066938 0.1537566 0.5224639 0.003760337 0.5199122 0.005465269 0.5108273 0.002783596 0.9098624 0.433646 0.9098624 0.5837729 0.8363533 0.5087094 0.8957173 0.4350762 0.9098624 0.433646 0.8363533 0.5087094 0.8816336 0.4393485 0.8957173 0.4350762 0.8363533 0.5087094 0.868654 0.4462863 0.8816336 0.4393485 0.8363533 0.5087094 0.938301 0.08175069 0.9169086 0.08175075 0.9240964 0.07353204 0.9169086 0.08175075 0.9169087 0.07353204 0.9240964 0.07353204 0.9240964 0.07353204 0.9226239 0.07147747 0.9226239 0.06736814 0.9226239 0.07147747 0.9222185 0.0694229 0.9226239 0.06736814 0.9226239 0.06736814 0.9240964 0.06531357 0.9240964 0.07353204 0.9240964 0.06531357 0.9169088 0.06531351 0.9169088 0.05709493 0.9169088 0.05709493 0.938301 0.05709487 0.9240964 0.06531357 0.7779223 0.8121119 0.7920061 0.8078394 0.8066528 0.8074619 0.4266607 0.2692372 0.3113728 0.2966513 0.4014935 0.2423974 0.4125553 0.3499861 0.4173862 0.5107399 0.4124619 0.5107399 0.4075562 0.3500173 0.4124619 0.5107399 0.4074966 0.51074 0.4422445 0.5107401 0.4471505 0.3500173 0.4472097 0.51074 0.4373202 0.51074 0.4421513 0.3499861 0.4422445 0.5107401 0.432357 0.5107398 0.4371853 0.3499691 0.4373202 0.51074 0.4273532 0.5107398 0.4322592 0.3499583 0.432357 0.5107398 0.4224478 0.3499583 0.4273532 0.5107398 0.4223495 0.51074 0.4175212 0.349969 0.4223495 0.51074 0.4173862 0.5107399 0.4121832 0.3258705 0.4175212 0.349969 0.4125553 0.3499861 0.4071774 0.3261423 0.4125553 0.3499861 0.4075562 0.3500173 0.4421513 0.3499861 0.4475292 0.3261423 0.4471505 0.3500173 0.4371853 0.3499691 0.4425237 0.3258705 0.4421513 0.3499861 0.4322592 0.3499583 0.4375026 0.3253333 0.4371853 0.3499691 0.4273535 0.3499489 0.4324449 0.3248203 0.4322592 0.3499583 0.4222617 0.3248203 0.4273535 0.3499489 0.4224478 0.3499583 0.4172041 0.3253332 0.4224478 0.3499583 0.4175212 0.349969 0.004270732 0.8258499 0.02892267 0.8318433 0.003612637 0.8309928 0.02918297 0.8214902 0.004270732 0.8258499 0.004658043 0.8206032 0.02891409 0.8566165 0.004494071 0.8625068 0.004146635 0.8573418 0.003531873 0.8521304 0.02891409 0.8566165 0.004146635 0.8573418 0.002940297 0.8469086 0.02884435 0.851595 0.003531873 0.8521304 0.00272572 0.8415707 0.02882093 0.846591 0.002940297 0.8469086 0.02883565 0.8368184 0.00272572 0.8415707 0.003001332 0.83627 0.02892267 0.8318433 0.003001332 0.83627 0.003612637 0.8309928 0.02903461 0.8267134 0.05355578 0.8321376 0.02892267 0.8318433 0.05369853 0.8219647 0.02903461 0.8267134 0.02918297 0.8214902 0.05343687 0.8566024 0.02898216 0.8617963 0.02891409 0.8566165 0.02884435 0.851595 0.05343687 0.8566024 0.02891409 0.8566165 0.05344986 0.8467534 0.02884435 0.851595 0.02882093 0.846591 0.05346477 0.8419108 0.02882093 0.846591 0.02880793 0.8416978 0.02883565 0.8368184 0.05346477 0.8419108 0.02880793 0.8416978 0.02892267 0.8318433 0.05350506 0.8370403 0.02883565 0.8368184 0.07793998 0.8274258 0.05355578 0.8321376 0.0536046 0.8271229 0.07802164 0.8223231 0.0536046 0.8271229 0.05369853 0.8219647 0.05343687 0.8566024 0.0778076 0.8618775 0.05341696 0.8617599 0.05342948 0.8515869 0.07779645 0.8567475 0.05343687 0.8566024 0.05344986 0.8467534 0.07779866 0.8517166 0.05342948 0.8515869 0.07781654 0.8420149 0.05344986 0.8467534 0.05346477 0.8419108 0.05350506 0.8370403 0.07781654 0.8420149 0.05346477 0.8419108 0.05355578 0.8321376 0.07786566 0.837229 0.05350506 0.8370403 0.07793998 0.8274258 0.1019693 0.8325843 0.07790398 0.8323819 0.1020473 0.8226981 0.07793998 0.8274258 0.07802164 0.8223231 0.07779645 0.8567475 0.1019499 0.8616374 0.0778076 0.8618775 0.1019152 0.8517086 0.07779645 0.8567475 0.07779866 0.8517166 0.07781296 0.8468007 0.1019152 0.8517086 0.07779866 0.8517166 0.101925 0.8421305 0.07781296 0.8468007 0.07781654 0.8420149 0.07786566 0.837229 0.101925 0.8421305 0.07781654 0.8420149 0.1019693 0.8325843 0.07786566 0.837229 0.07790398 0.8323819 0.102006 0.8277356 0.1258664 0.8327144 0.1019693 0.8325843 0.1258918 0.8227653 0.102006 0.8277356 0.1020473 0.8226981 0.1019235 0.8565661 0.1257916 0.8616815 0.1019499 0.8616374 0.1258227 0.8517467 0.1019235 0.8565661 0.1019152 0.8517086 0.1258451 0.8470158 0.1019152 0.8517086 0.101926 0.8468892 0.1258468 0.8422773 0.101926 0.8468892 0.101925 0.8421305 0.1019493 0.8373991 0.1258468 0.8422773 0.101925 0.8421305 0.1019693 0.8325843 0.1258624 0.837512 0.1019493 0.8373991 0.1258968 0.8278107 0.149864 0.8327656 0.1258664 0.8327144 0.1498233 0.8227236 0.1258968 0.8278107 0.1258918 0.8227653 0.1258203 0.8566567 0.1497098 0.8619279 0.1257916 0.8616815 0.1498147 0.8518904 0.1258203 0.8566567 0.1258227 0.8517467 0.149848 0.8470306 0.1258227 0.8517467 0.1258451 0.8470158 0.1498494 0.8422969 0.1258451 0.8470158 0.1258468 0.8422773 0.1258624 0.837512 0.1498494 0.8422969 0.1258468 0.8422773 0.1258664 0.8327144 0.1498745 0.8375614 0.1258624 0.837512 0.1498519 0.8277851 0.1740586 0.832562 0.149864 0.8327656 0.1498233 0.8227236 0.1740148 0.8276095 0.1498519 0.8277851 0.1739445 0.8571518 0.1497098 0.8619279 0.1497709 0.8568677 0.174012 0.852197 0.1497709 0.8568677 0.1498147 0.8518904 0.1740639 0.8472818 0.1498147 0.8518904 0.149848 0.8470306 0.1740855 0.842378 0.149848 0.8470306 0.1498494 0.8422969 0.1498745 0.8375614 0.1740855 0.842378 0.1498494 0.8422969 0.149864 0.8327656 0.1740874 0.8374746 0.1498745 0.8375614 0.1740148 0.8276095 0.2204978 0.8324238 0.1740586 0.832562 0.1739805 0.8225631 0.220483 0.8274455 0.1740148 0.8276095 0.220415 0.8575282 0.173887 0.8622003 0.1739445 0.8571518 0.2204524 0.8525494 0.1739445 0.8571518 0.174012 0.852197 0.2204874 0.8475363 0.174012 0.852197 0.1740639 0.8472818 0.2205103 0.8424866 0.1740639 0.8472818 0.1740855 0.842378 0.1740874 0.8374746 0.2205103 0.8424866 0.1740855 0.842378 0.1740586 0.832562 0.2205098 0.8374372 0.1740874 0.8374746 0.3036642 0.5063954 0.3084949 0.3456417 0.3085884 0.5063954 0.3085884 0.5063954 0.3134942 0.3456729 0.3135537 0.5063954 0.2788057 0.5063954 0.2738999 0.3456729 0.2788991 0.3456418 0.2837299 0.5063954 0.2788991 0.3456418 0.2838653 0.3456248 0.2886934 0.5063954 0.2838653 0.3456248 0.2887912 0.3456141 0.2936971 0.5063954 0.2887912 0.3456141 0.2936969 0.3456045 0.2936971 0.5063954 0.2986027 0.345614 0.2987007 0.5063954 0.2987007 0.5063954 0.303529 0.3456246 0.3036642 0.5063954 0.303529 0.3456246 0.3088672 0.3215261 0.3084949 0.3456417 0.3084949 0.3456417 0.3138728 0.3217977 0.3134942 0.3456729 0.2788991 0.3456418 0.2735211 0.3217978 0.2785267 0.3215261 0.2838653 0.3456248 0.2785267 0.3215261 0.2835474 0.3209891 0.2887912 0.3456141 0.2835474 0.3209891 0.2886055 0.3204759 0.2936969 0.3456045 0.2886055 0.3204759 0.293697 0.3202714 0.2936969 0.3456045 0.2987884 0.3204758 0.2986027 0.345614 0.2986027 0.345614 0.3038461 0.320989 0.303529 0.3456246 0.4553474 0.8569607 0.4799163 0.8512101 0.4799808 0.8562232 0.4553474 0.8569607 0.4800621 0.8614277 0.455703 0.8621731 0.4555584 0.8257074 0.4801789 0.821399 0.4800956 0.8265572 0.4549093 0.8307952 0.4800956 0.8265572 0.4799909 0.8316 0.4549093 0.8307952 0.4799259 0.8365249 0.4542708 0.8359559 0.4539974 0.8412386 0.4799259 0.8365249 0.4798842 0.8413853 0.4539974 0.8412386 0.4798867 0.8462463 0.4541847 0.8465308 0.4541847 0.8465308 0.4799163 0.8512101 0.454739 0.8517805 0.4799808 0.8562232 0.5044836 0.8512775 0.5044962 0.856306 0.4799808 0.8562232 0.5044844 0.8614587 0.4800621 0.8614277 0.4801789 0.821399 0.5046161 0.8266221 0.4800956 0.8265572 0.4799909 0.8316 0.5046161 0.8266221 0.5045715 0.8316499 0.4799909 0.8316 0.5045523 0.8366346 0.4799259 0.8365249 0.4799259 0.8365249 0.5045354 0.8415142 0.4798842 0.8413853 0.4798867 0.8462463 0.5045354 0.8415142 0.5045038 0.8463637 0.4799163 0.8512101 0.5045038 0.8463637 0.5044836 0.8512775 0.5044836 0.8512775 0.5290421 0.856385 0.5044962 0.856306 0.5044962 0.856306 0.5290518 0.8615612 0.5044844 0.8614587 0.5046161 0.8266221 0.5292446 0.8215544 0.5291879 0.8267356 0.5045715 0.8316499 0.5291879 0.8267356 0.5291454 0.8318192 0.5045523 0.8366346 0.5291454 0.8318192 0.5291184 0.8367171 0.5045523 0.8366346 0.5290776 0.841548 0.5045354 0.8415142 0.5045038 0.8463637 0.5290776 0.841548 0.5290592 0.8464086 0.5044836 0.8512775 0.5290592 0.8464086 0.529044 0.8513046 0.5290421 0.856385 0.5534052 0.8512994 0.5533981 0.8562549 0.5290421 0.856385 0.5534404 0.8613558 0.5290518 0.8615612 0.5291879 0.8267356 0.5536359 0.8219942 0.5535462 0.8270971 0.5291879 0.8267356 0.5535075 0.8320554 0.5291454 0.8318192 0.5291184 0.8367171 0.5535075 0.8320554 0.55347 0.8369045 0.5291184 0.8367171 0.5534241 0.8416939 0.5290776 0.841548 0.5290592 0.8464086 0.5534241 0.8416939 0.5534126 0.8464553 0.5290592 0.8464086 0.5534052 0.8512994 0.529044 0.8513046 0.5533981 0.8562549 0.5774038 0.8513092 0.5773889 0.8561567 0.5533981 0.8562549 0.5773758 0.8611851 0.5534404 0.8613558 0.5535462 0.8270971 0.5775828 0.8223755 0.5775433 0.8274031 0.5535462 0.8270971 0.5775076 0.832244 0.5535075 0.8320554 0.5535075 0.8320554 0.5774853 0.8370485 0.55347 0.8369045 0.55347 0.8369045 0.5774437 0.8417915 0.5534241 0.8416939 0.5534126 0.8464553 0.5774437 0.8417915 0.5774216 0.8465681 0.5534052 0.8512994 0.5774216 0.8465681 0.5774038 0.8513092 0.5773889 0.8561567 0.6013261 0.8514567 0.6012734 0.8564146 0.5773889 0.8561567 0.6012049 0.8614557 0.5773758 0.8611851 0.5775433 0.8274031 0.6014011 0.8224016 0.6014168 0.8274414 0.5775433 0.8274031 0.601418 0.8323999 0.5775076 0.832244 0.5775076 0.832244 0.6014161 0.8371778 0.5774853 0.8370485 0.5774853 0.8370485 0.6013795 0.8418961 0.5774437 0.8417915 0.5774216 0.8465681 0.6013795 0.8418961 0.6013685 0.846614 0.5774038 0.8513092 0.6013685 0.846614 0.6013261 0.8514567 0.6012734 0.8564146 0.6254308 0.8518091 0.6253541 0.8567443 0.6012049 0.8614557 0.6253541 0.8567443 0.6252866 0.8617727 0.6014011 0.8224016 0.6254835 0.8273183 0.6014168 0.8274414 0.6014168 0.8274414 0.625517 0.832251 0.601418 0.8323999 0.601418 0.8323999 0.6255355 0.8371441 0.6014161 0.8371778 0.6014161 0.8371778 0.6255234 0.8420284 0.6013795 0.8418961 0.6013685 0.846614 0.6255234 0.8420284 0.6254922 0.8469129 0.6013261 0.8514567 0.6254922 0.8469129 0.6254308 0.8518091 0.6253541 0.8567443 0.6716873 0.8522533 0.6716402 0.8572121 0.6252866 0.8617727 0.6716402 0.8572121 0.6715933 0.8622122 0.6254596 0.8222922 0.6717681 0.8272484 0.6254835 0.8273183 0.6254835 0.8273183 0.6717728 0.8322072 0.625517 0.832251 0.625517 0.832251 0.6717751 0.8372006 0.6255355 0.8371441 0.6255355 0.8371441 0.6717653 0.84223 0.6255234 0.8420284 0.6254922 0.8469129 0.6717653 0.84223 0.6717321 0.8472599 0.6254308 0.8518091 0.6717321 0.8472599 0.6716873 0.8522533 0.4173862 0.5107399 0.412555 0.6714934 0.4124619 0.5107399 0.4124619 0.5107399 0.4075557 0.6714624 0.4074966 0.51074 0.4422445 0.5107401 0.4471501 0.6714624 0.4421509 0.6714935 0.4373202 0.51074 0.4421509 0.6714935 0.4371849 0.6715108 0.432357 0.5107398 0.4371849 0.6715108 0.4322588 0.6715211 0.4273532 0.5107398 0.4322588 0.6715211 0.427353 0.6715304 0.4273532 0.5107398 0.4224474 0.6715211 0.4223495 0.51074 0.4223495 0.51074 0.4175208 0.6715108 0.4173862 0.5107399 0.4175208 0.6715108 0.4121828 0.695609 0.412555 0.6714934 0.412555 0.6714934 0.4071769 0.6953375 0.4075557 0.6714624 0.4421509 0.6714935 0.4475287 0.6953375 0.4425233 0.695609 0.4371849 0.6715108 0.4425233 0.695609 0.4375023 0.6961461 0.4322588 0.6715211 0.4375023 0.6961461 0.4324442 0.6966592 0.427353 0.6715304 0.4324442 0.6966592 0.4273529 0.6968636 0.427353 0.6715304 0.4222613 0.6966592 0.4224474 0.6715211 0.4224474 0.6715211 0.4172036 0.6961461 0.4175208 0.6715108 0.8325837 0.004152238 0.8384526 0.02869278 0.8334397 0.02878165 0.8325837 0.004152238 0.8282358 0.02888822 0.8273731 0.004532873 0.8638374 0.004212319 0.8682644 0.02881151 0.8631061 0.0287531 0.8638374 0.004212319 0.858063 0.02867257 0.8587465 0.003587722 0.8587465 0.003587722 0.8531379 0.02863132 0.8535828 0.002974033 0.8482987 0.002725958 0.8531379 0.02863132 0.8482773 0.02861332 0.8482987 0.002725958 0.8434163 0.02863925 0.8430078 0.002938985 0.8377605 0.003518819 0.8434163 0.02863925 0.8384526 0.02869278 0.8384526 0.02869278 0.8334751 0.05329698 0.8334397 0.02878165 0.8334397 0.02878165 0.8283228 0.05330997 0.8282358 0.02888822 0.8631061 0.0287531 0.8683369 0.053258 0.8631595 0.05327367 0.858063 0.02867257 0.8631595 0.05327367 0.8581317 0.05325317 0.858063 0.02867257 0.8531467 0.05325824 0.8531379 0.02863132 0.8531379 0.02863132 0.8482673 0.05326491 0.8482773 0.02861332 0.8434163 0.02863925 0.8482673 0.05326491 0.8434177 0.0532568 0.8384526 0.02869278 0.8434177 0.0532568 0.8385037 0.05326008 0.8385037 0.05326008 0.8335149 0.07784324 0.8334751 0.05329698 0.8283228 0.05330997 0.8335149 0.07784324 0.8283388 0.07787781 0.8683369 0.053258 0.8631649 0.07784593 0.8631595 0.05327367 0.8581317 0.05325317 0.8631649 0.07784593 0.858081 0.07782793 0.8531467 0.05325824 0.858081 0.07782793 0.8531829 0.07782453 0.8531467 0.05325824 0.8483517 0.07780665 0.8482673 0.05326491 0.8434177 0.0532568 0.8483517 0.07780665 0.8434913 0.07781213 0.8385037 0.05326008 0.8434913 0.07781213 0.8385952 0.07782059 0.8385952 0.07782059 0.8337627 0.1021984 0.8335149 0.07784324 0.8283388 0.07787781 0.8337627 0.1021984 0.828662 0.1022653 0.8631649 0.07784593 0.8680242 0.1022706 0.8629208 0.1022057 0.8631649 0.07784593 0.8579623 0.1021907 0.858081 0.07782793 0.858081 0.07782793 0.8531131 0.1021767 0.8531829 0.07782453 0.8483517 0.07780665 0.8531131 0.1021767 0.8483237 0.1021538 0.8483517 0.07780665 0.8435619 0.1021654 0.8434913 0.07781213 0.8385952 0.07782059 0.8435619 0.1021654 0.838718 0.1021814 0.8337627 0.1021984 0.8388242 0.1261796 0.8339769 0.1261882 0.8337627 0.1021984 0.8289481 0.1261997 0.828662 0.1022653 0.8629208 0.1022057 0.8677583 0.1262193 0.862731 0.1262037 0.8629208 0.1022057 0.85789 0.1261916 0.8579623 0.1021907 0.8579623 0.1021907 0.8530851 0.1261922 0.8531131 0.1021767 0.8531131 0.1021767 0.8483418 0.1261736 0.8483237 0.1021538 0.8435619 0.1021654 0.8483418 0.1261736 0.8435654 0.1261745 0.838718 0.1021814 0.8435654 0.1261745 0.8388242 0.1261796 0.8339769 0.1261882 0.8387922 0.1501025 0.8338342 0.1500738 0.8339769 0.1261882 0.8287928 0.1500295 0.8289481 0.1261997 0.862731 0.1262037 0.8678473 0.1500373 0.8628077 0.1500772 0.862731 0.1262037 0.857849 0.1501023 0.85789 0.1261916 0.85789 0.1261916 0.8530712 0.1501236 0.8530851 0.1261922 0.8530851 0.1261922 0.8483529 0.1501096 0.8483418 0.1261736 0.8435654 0.1261745 0.8483529 0.1501096 0.843635 0.1501215 0.8388242 0.1261796 0.843635 0.1501215 0.8387922 0.1501025 0.8338342 0.1500738 0.8385562 0.1742085 0.8336208 0.1741555 0.8287928 0.1500295 0.8336208 0.1741555 0.8285919 0.1741126 0.8678473 0.1500373 0.8630468 0.1741431 0.8628077 0.1500772 0.8628077 0.1500772 0.8581146 0.1742005 0.857849 0.1501023 0.857849 0.1501023 0.8532214 0.1742425 0.8530712 0.1501236 0.8530712 0.1501236 0.8483372 0.1742541 0.8483529 0.1501096 0.843635 0.1501215 0.8483372 0.1742541 0.8434526 0.1742464 0.8387922 0.1501025 0.8434526 0.1742464 0.8385562 0.1742085 0.8336208 0.1741555 0.8383352 0.2204669 0.833376 0.2204438 0.8285919 0.1741126 0.833376 0.2204438 0.8283759 0.2204209 0.8680729 0.1740951 0.8633401 0.2204269 0.8630468 0.1741431 0.8630468 0.1741431 0.8583816 0.2204556 0.8581146 0.1742005 0.8581146 0.1742005 0.8533883 0.220482 0.8532214 0.1742425 0.8532214 0.1742425 0.8483584 0.2204964 0.8483372 0.1742541 0.8434526 0.1742464 0.8483584 0.2204964 0.843329 0.2204875 0.8385562 0.1742085 0.843329 0.2204875 0.8383352 0.2204669 0.3084951 0.6671491 0.3036642 0.5063954 0.3085884 0.5063954 0.3134945 0.6671179 0.3085884 0.5063954 0.3135537 0.5063954 0.2788057 0.5063954 0.2739002 0.667118 0.2738406 0.5063954 0.2837299 0.5063954 0.2788994 0.6671493 0.2788057 0.5063954 0.2886934 0.5063954 0.2838656 0.6671664 0.2837299 0.5063954 0.2936971 0.5063954 0.2887916 0.6671771 0.2886934 0.5063954 0.298603 0.6671771 0.2936971 0.5063954 0.2987007 0.5063954 0.3035292 0.6671665 0.2987007 0.5063954 0.3036642 0.5063954 0.3088673 0.6912649 0.3035292 0.6671665 0.3084951 0.6671491 0.3138731 0.6909929 0.3084951 0.6671491 0.3134945 0.6671179 0.2788994 0.6671493 0.2735213 0.690993 0.2739002 0.667118 0.2838656 0.6671664 0.278527 0.6912649 0.2788994 0.6671493 0.2887916 0.6671771 0.2835478 0.6918018 0.2838656 0.6671664 0.2936973 0.6671864 0.2886057 0.6923151 0.2887916 0.6671771 0.2987888 0.692315 0.2936973 0.6671864 0.298603 0.6671771 0.3038465 0.6918019 0.298603 0.6671771 0.3035292 0.6671665 0.7257033 0.6437122 0.7197096 0.6683642 0.7205604 0.6430541 0.7300626 0.6686245 0.7257033 0.6437122 0.7309502 0.6440994 0.6942116 0.643588 0.6897566 0.6684235 0.6890466 0.6439355 0.6999582 0.6682857 0.6942116 0.643588 0.6994228 0.6429731 0.704962 0.6682621 0.6994228 0.6429731 0.7046445 0.6423818 0.7099824 0.6421672 0.704962 0.6682621 0.7046445 0.6423818 0.7147346 0.6682772 0.7099824 0.6421672 0.7152835 0.6424427 0.7205604 0.6430541 0.7147346 0.6682772 0.7152835 0.6424427 0.7244299 0.693046 0.7197096 0.6683642 0.7248398 0.6684762 0.7295879 0.69314 0.7248398 0.6684762 0.7300626 0.6686245 0.6949362 0.6683555 0.6897932 0.6928583 0.6897566 0.6684235 0.6999582 0.6682857 0.6949502 0.6928781 0.6949362 0.6683555 0.7047993 0.6928912 0.6999582 0.6682857 0.704962 0.6682621 0.7096419 0.6929063 0.704962 0.6682621 0.7098551 0.6682494 0.7147346 0.6682772 0.7096419 0.6929063 0.7098551 0.6682494 0.7197096 0.6683642 0.7145123 0.6929466 0.7147346 0.6682772 0.7241266 0.7173816 0.7194152 0.6929971 0.7244299 0.693046 0.7295879 0.69314 0.7241266 0.7173816 0.7244299 0.693046 0.694805 0.7172378 0.6897932 0.6928583 0.6949502 0.6928781 0.6999655 0.6928708 0.694805 0.7172378 0.6949502 0.6928781 0.7047993 0.6928912 0.6998358 0.7172402 0.6999655 0.6928708 0.7095376 0.7172582 0.7047993 0.6928912 0.7096419 0.6929063 0.7145123 0.6929466 0.7095376 0.7172582 0.7096419 0.6929063 0.7194152 0.6929971 0.7143234 0.7173071 0.7145123 0.6929466 0.7238166 0.7414474 0.7191703 0.7173454 0.7241266 0.7173816 0.7292292 0.7174631 0.7238166 0.7414474 0.7241266 0.7173816 0.694805 0.7172378 0.6899147 0.7413914 0.6896752 0.7172489 0.6998437 0.7413564 0.694805 0.7172378 0.6998358 0.7172402 0.7046629 0.7413675 0.6998358 0.7172402 0.7047515 0.7172544 0.7095376 0.7172582 0.7046629 0.7413675 0.7047515 0.7172544 0.7141529 0.7413907 0.7095376 0.7172582 0.7143234 0.7173071 0.7191703 0.7173454 0.7141529 0.7413907 0.7143234 0.7173071 0.7238166 0.7414474 0.7188379 0.765308 0.7189681 0.741411 0.7287869 0.7653335 0.7238166 0.7414474 0.7288545 0.7414891 0.6949859 0.7413648 0.6898708 0.7652328 0.6899147 0.7413914 0.6998056 0.7652641 0.6949859 0.7413648 0.6998437 0.7413564 0.7045364 0.7652866 0.6998437 0.7413564 0.7046629 0.7413675 0.7092747 0.7652881 0.7046629 0.7413675 0.7094216 0.7413665 0.7141529 0.7413907 0.7092747 0.7652881 0.7094216 0.7413665 0.7189681 0.741411 0.7140405 0.765304 0.7141529 0.7413907 0.7237415 0.7653384 0.7187865 0.7893059 0.7188379 0.765308 0.7288286 0.7892649 0.7237415 0.7653384 0.7287869 0.7653335 0.6948956 0.7652615 0.6896242 0.7891511 0.6898708 0.7652328 0.6996619 0.789256 0.6948956 0.7652615 0.6998056 0.7652641 0.7045216 0.7892895 0.6998056 0.7652641 0.7045364 0.7652866 0.709255 0.789291 0.7045364 0.7652866 0.7092747 0.7652881 0.7140405 0.765304 0.709255 0.789291 0.7092747 0.7652881 0.7188379 0.765308 0.7139907 0.7893161 0.7140405 0.765304 0.7237669 0.7892933 0.7189899 0.8135002 0.7187865 0.7893059 0.7288286 0.7892649 0.7239422 0.8134563 0.7237669 0.7892933 0.6943999 0.8133858 0.6896242 0.7891511 0.6946845 0.7892123 0.699355 0.8134533 0.6946845 0.7892123 0.6996619 0.789256 0.70427 0.8135052 0.6996619 0.789256 0.7045216 0.7892895 0.7091738 0.8135269 0.7045216 0.7892895 0.709255 0.789291 0.7139907 0.7893161 0.7091738 0.8135269 0.709255 0.789291 0.7187865 0.7893059 0.7140772 0.8135289 0.7139907 0.7893161 0.7239422 0.8134563 0.7191272 0.8599394 0.7189899 0.8135002 0.7289883 0.8134222 0.7241058 0.8599246 0.7239422 0.8134563 0.694023 0.8598564 0.6893517 0.8133282 0.6943999 0.8133858 0.6990016 0.8598936 0.6943999 0.8133858 0.699355 0.8134533 0.7040147 0.8599286 0.699355 0.8134533 0.70427 0.8135052 0.7090644 0.8599518 0.70427 0.8135052 0.7091738 0.8135269 0.7140772 0.8135289 0.7090644 0.8599518 0.7091738 0.8135269 0.7189899 0.8135002 0.7141141 0.8599515 0.7140772 0.8135289 0.07132256 0.006220698 0.07979959 0.002719044 0.08330154 0.01119601 0.147893 0.05491983 0.1563668 0.05843007 0.1528568 0.06690359 0.1409821 0.03210425 0.1374724 0.02363061 0.1459459 0.02012062 0.6000605 0.002723991 0.6085369 0.006226837 0.6050344 0.01470351 0.07482433 0.01469796 0.07131773 0.01118475 0.07132256 0.006220698 0.07132256 0.006220698 0.07483589 0.002714216 0.07979959 0.002719044 0.07979959 0.002719044 0.08330625 0.006232261 0.08330154 0.01119601 0.08330154 0.01119601 0.07978814 0.01470279 0.07482433 0.01469796 0.07482433 0.01469796 0.07132256 0.006220698 0.08330154 0.01119601 0.1528568 0.06690359 0.1478929 0.06690353 0.144383 0.06339365 0.144383 0.06339365 0.144383 0.05843007 0.147893 0.05491983 0.147893 0.05491983 0.1528568 0.05491983 0.1563668 0.05843007 0.1563668 0.05843007 0.1563668 0.06339365 0.1528568 0.06690359 0.1528568 0.06690359 0.144383 0.06339365 0.147893 0.05491983 0.1459459 0.02012062 0.149456 0.02363044 0.149456 0.02859431 0.149456 0.02859431 0.1459459 0.03210425 0.1409821 0.03210425 0.1409821 0.03210425 0.1374723 0.02859431 0.1374724 0.02363061 0.1374724 0.02363061 0.1409822 0.02012068 0.1459459 0.02012062 0.1459459 0.02012062 0.149456 0.02859431 0.1409821 0.03210425 0.5965576 0.01120072 0.5965535 0.00623691 0.6000605 0.002723991 0.6000605 0.002723991 0.6050243 0.002719879 0.6085369 0.006226837 0.6085369 0.006226837 0.6085412 0.01119053 0.6050344 0.01470351 0.6050344 0.01470351 0.6000704 0.01470768 0.5965576 0.01120072 0.5965576 0.01120072 0.6000605 0.002723991 0.6050344 0.01470351 0.6084972 0.8865983 0.6777517 0.8817007 0.6777523 0.8869029 0.6084555 0.8916189 0.6777523 0.8869029 0.6777439 0.8920692 0.6083835 0.8966753 0.6777439 0.8920692 0.6777322 0.8971959 0.6082412 0.9017877 0.6777322 0.8971959 0.6776857 0.9023087 0.6776483 0.9074203 0.6082412 0.9017877 0.6776857 0.9023087 0.6777281 0.8713475 0.6084261 0.8664413 0.6777098 0.8661925 0.677744 0.8765027 0.6084859 0.8715369 0.6777281 0.8713475 0.6777517 0.8817007 0.6085148 0.8765612 0.677744 0.8765027 0.5838648 0.8863744 0.608447 0.8815794 0.6084972 0.8865983 0.5839101 0.8912245 0.6084972 0.8865983 0.6084555 0.8916189 0.5838109 0.8961895 0.6084555 0.8916189 0.6083835 0.8966753 0.5836039 0.9012642 0.6083835 0.8966753 0.6082412 0.9017877 0.6082219 0.9069129 0.5836039 0.9012642 0.6082412 0.9017877 0.6084859 0.8715369 0.5838838 0.8670102 0.6084261 0.8664413 0.6085148 0.8765612 0.5839585 0.871998 0.6084859 0.8715369 0.608447 0.8815794 0.5839949 0.8768516 0.6085148 0.8765612 0.5598326 0.8864759 0.5838802 0.8815945 0.5838648 0.8863744 0.5839101 0.8912245 0.5598326 0.8864759 0.5838648 0.8863744 0.5597603 0.8962022 0.5839101 0.8912245 0.5838109 0.8961895 0.5595911 0.9012266 0.5838109 0.8961895 0.5836039 0.9012642 0.5595513 0.9062027 0.5836039 0.9012642 0.5835469 0.9064192 0.5839585 0.871998 0.5598788 0.8673477 0.5838838 0.8670102 0.5599654 0.8770418 0.5839585 0.871998 0.5839949 0.8768516 0.5838802 0.8815945 0.5599654 0.8770418 0.5839949 0.8768516 0.5598326 0.8864759 0.5361909 0.8818333 0.5599656 0.8817782 0.5598195 0.8912876 0.5360315 0.8865342 0.5598326 0.8864759 0.5360478 0.8961496 0.5598195 0.8912876 0.5597603 0.8962022 0.5595911 0.9012266 0.5360478 0.8961496 0.5597603 0.8962022 0.5359355 0.9060793 0.5595911 0.9012266 0.5595513 0.9062027 0.5599123 0.8722776 0.5361098 0.8674861 0.5598788 0.8673477 0.5360419 0.8771359 0.5599123 0.8722776 0.5599654 0.8770418 0.5361909 0.8818333 0.5599654 0.8770418 0.5599656 0.8817782 0.5360315 0.8865342 0.5124312 0.8817849 0.5361909 0.8818333 0.5360413 0.8912523 0.5124219 0.8864305 0.5360315 0.8865342 0.512399 0.8960181 0.5360413 0.8912523 0.5360478 0.8961496 0.5122256 0.900971 0.5360478 0.8961496 0.5358707 0.9010993 0.5359355 0.9060793 0.5122256 0.900971 0.5358707 0.9010993 0.5361082 0.8723819 0.5124297 0.8674381 0.5361098 0.8674861 0.5123183 0.8771058 0.5361082 0.8723819 0.5360419 0.8771359 0.5124312 0.8817849 0.5360419 0.8771359 0.5361909 0.8818333 0.4885562 0.8861815 0.5124312 0.8817849 0.5124219 0.8864305 0.5123657 0.8911742 0.4885562 0.8861815 0.5124219 0.8864305 0.4886328 0.8958666 0.5123657 0.8911742 0.512399 0.8960181 0.5122256 0.900971 0.4886328 0.8958666 0.512399 0.8960181 0.4886879 0.9059115 0.5122256 0.900971 0.5123001 0.9059522 0.5123875 0.8723289 0.4887344 0.8670691 0.5124297 0.8674381 0.4885903 0.8767284 0.5123875 0.8723289 0.5123183 0.8771058 0.5124312 0.8817849 0.4885903 0.8767284 0.5123183 0.8771058 0.4637297 0.886632 0.4885812 0.881435 0.4885562 0.8861815 0.4643145 0.8916522 0.4885562 0.8861815 0.4886049 0.8909689 0.4886328 0.8958666 0.4643145 0.8916522 0.4886049 0.8909689 0.4652503 0.901512 0.4886328 0.8958666 0.4885466 0.9008934 0.4886879 0.9059115 0.4652503 0.901512 0.4885466 0.9008934 0.4642744 0.8714087 0.4887344 0.8670691 0.4886415 0.8719817 0.4885903 0.8767284 0.4642744 0.8714087 0.4886415 0.8719817 0.4634741 0.8815789 0.4885903 0.8767284 0.4885812 0.881435 0.6629839 0.9324972 0.6377646 0.9275403 0.6631668 0.9273312 0.6377456 0.9371858 0.6629839 0.9324972 0.6624543 0.9376203 0.6618995 0.9426121 0.6377456 0.9371858 0.6624543 0.9376203 0.6377028 0.9473357 0.6618995 0.9426121 0.6616381 0.9475995 0.6617849 0.9525894 0.6377028 0.9473357 0.6616381 0.9475995 0.6376846 0.9178704 0.6616889 0.9121296 0.6622966 0.917167 0.6628884 0.9222025 0.6376846 0.9178704 0.6622966 0.917167 0.6377646 0.9275403 0.6628884 0.9222025 0.6631668 0.9273312 0.6377531 0.9323195 0.6134002 0.9275479 0.6377646 0.9275403 0.6377456 0.9371858 0.6133994 0.9324455 0.6377531 0.9323195 0.6377289 0.9422196 0.6134185 0.937351 0.6377456 0.9371858 0.6377028 0.9473357 0.6134411 0.9422934 0.6377289 0.9422196 0.6134268 0.9522604 0.6377028 0.9473357 0.6376703 0.9524649 0.6134427 0.9177489 0.6376267 0.9128974 0.6376846 0.9178704 0.6134103 0.9226507 0.6376846 0.9178704 0.6377348 0.9227523 0.6134002 0.9275479 0.6377348 0.9227523 0.6377646 0.9275403 0.5604649 0.9274705 0.6134103 0.9226507 0.6134002 0.9275479 0.6134505 0.9472777 0.5604496 0.9423477 0.6134411 0.9422934 0.5604701 0.9224736 0.6134427 0.9177489 0.6134103 0.9226507 0.6134411 0.9422934 0.5604549 0.9374242 0.6134185 0.937351 0.5604396 0.9521793 0.6134505 0.9472777 0.6134268 0.9522604 0.5604752 0.9175158 0.6134775 0.9127804 0.6134427 0.9177489 0.6133994 0.9324455 0.5604649 0.9274705 0.6134002 0.9275479 0.6134185 0.937351 0.5604598 0.9324672 0.6133994 0.9324455 0.2257304 0.8709046 0.2951639 0.876357 0.2256907 0.87612 0.2256907 0.87612 0.2951527 0.8813972 0.2256597 0.8812966 0.2256597 0.8812966 0.2951895 0.8864719 0.2256317 0.8864361 0.2256317 0.8864361 0.2952985 0.8916058 0.2256369 0.8915636 0.2256326 0.8966906 0.2952985 0.8916058 0.2952739 0.8967465 0.2258315 0.8605126 0.2954489 0.8561061 0.2953473 0.8612271 0.2257767 0.8656888 0.2953473 0.8612271 0.2952635 0.8662763 0.2257304 0.8709046 0.2952635 0.8662763 0.2952726 0.87132 0.2952726 0.87132 0.3197684 0.8763493 0.2951639 0.876357 0.2951639 0.876357 0.3197626 0.8812285 0.2951527 0.8813972 0.2951527 0.8813972 0.3198567 0.8862215 0.2951895 0.8864719 0.2951895 0.8864719 0.3200634 0.891347 0.2952985 0.8916058 0.2952739 0.8967465 0.3200634 0.891347 0.3200287 0.8964958 0.2953473 0.8612271 0.3201462 0.8568825 0.3200685 0.8618999 0.2952635 0.8662763 0.3200685 0.8618999 0.3199811 0.8668002 0.2952726 0.87132 0.3199811 0.8668002 0.3199247 0.8715903 0.3199247 0.8715903 0.3439108 0.8762042 0.3197684 0.8763493 0.3197626 0.8812285 0.3439108 0.8762042 0.3439915 0.8810212 0.3197626 0.8812285 0.3440818 0.8859528 0.3198567 0.8862215 0.3198567 0.8862215 0.3442872 0.8909857 0.3200634 0.891347 0.3200634 0.891347 0.3443607 0.8961262 0.3200287 0.8964958 0.3200685 0.8618999 0.3441773 0.8570728 0.3441601 0.8619922 0.3200685 0.8618999 0.3440805 0.8667598 0.3199811 0.8668002 0.3199247 0.8715903 0.3440805 0.8667598 0.3439279 0.8714632 0.3439108 0.8762042 0.367685 0.8715215 0.3678602 0.8762152 0.3439915 0.8810212 0.3678602 0.8762152 0.367915 0.8809334 0.3439915 0.8810212 0.367985 0.8858391 0.3440818 0.8859528 0.3440818 0.8859528 0.3682009 0.890807 0.3442872 0.8909857 0.3443607 0.8961262 0.3682009 0.890807 0.3683723 0.8958178 0.3441601 0.8619922 0.3678644 0.8572345 0.3678731 0.8621038 0.3441601 0.8619922 0.3678199 0.8668373 0.3440805 0.8667598 0.3440805 0.8667598 0.367685 0.8715215 0.3439279 0.8714632 0.3678602 0.8762152 0.3913637 0.8712561 0.3914688 0.8758795 0.367915 0.8809334 0.3914688 0.8758795 0.3915225 0.8806011 0.367915 0.8809334 0.3915454 0.885424 0.367985 0.8858391 0.367985 0.8858391 0.3917839 0.8903499 0.3682009 0.890807 0.3682009 0.890807 0.3919637 0.8952997 0.3683723 0.8958178 0.3678731 0.8621038 0.3913393 0.8570544 0.3914197 0.8618912 0.3678731 0.8621038 0.3914344 0.8665975 0.3678199 0.8668373 0.3678199 0.8668373 0.3913637 0.8712561 0.367685 0.8715215 0.3913637 0.8712561 0.4150504 0.8754078 0.3914688 0.8758795 0.3915225 0.8806011 0.4150504 0.8754078 0.415121 0.8801533 0.3915225 0.8806011 0.4151215 0.885015 0.3915454 0.885424 0.3915454 0.885424 0.4152994 0.8900109 0.3917839 0.8903499 0.3919637 0.8952997 0.4152994 0.8900109 0.4153292 0.8949336 0.3914197 0.8618912 0.4146682 0.8564999 0.4148378 0.8613451 0.3914197 0.8618912 0.4149926 0.8660359 0.3914344 0.8665975 0.3914344 0.8665975 0.4151229 0.8707002 0.3913637 0.8712561 0.4151229 0.8707002 0.4396603 0.8753408 0.4150504 0.8754078 0.415121 0.8801533 0.4396603 0.8753408 0.4391663 0.8803219 0.415121 0.8801533 0.4386555 0.8852353 0.4151215 0.885015 0.4151215 0.885015 0.4384374 0.8900862 0.4152994 0.8900109 0.4153292 0.8949336 0.4384374 0.8900862 0.4386087 0.8949947 0.4148378 0.8613451 0.4382027 0.8554174 0.4388792 0.8603388 0.4148378 0.8613451 0.4395204 0.8653179 0.4149926 0.8660359 0.4151229 0.8707002 0.4395204 0.8653179 0.4398374 0.8703262 0.4576632 0.9273279 0.4831448 0.932177 0.4578964 0.9324757 0.4584432 0.937532 0.4831448 0.932177 0.4831578 0.9370806 0.4584432 0.937532 0.4831718 0.9420843 0.4590041 0.9425876 0.4590041 0.9425876 0.4831894 0.9471902 0.4592925 0.9475941 0.4591743 0.9525738 0.4831894 0.9471902 0.4832323 0.9523167 0.4584694 0.9170075 0.4833213 0.912733 0.483257 0.9177247 0.4584694 0.9170075 0.4832023 0.9225896 0.4578922 0.9221457 0.4576632 0.9273279 0.4832023 0.9225896 0.4831517 0.9273746 0.4831448 0.932177 0.5075277 0.9274409 0.5075187 0.93234 0.4831578 0.9370806 0.5075187 0.93234 0.5074902 0.9372469 0.4831718 0.9420843 0.5074902 0.9372469 0.5074585 0.9421884 0.4831894 0.9471902 0.5074585 0.9421884 0.5074401 0.947171 0.4831894 0.9471902 0.5074545 0.952152 0.4832323 0.9523167 0.4833213 0.912733 0.5075059 0.9176402 0.483257 0.9177247 0.483257 0.9177247 0.5075278 0.9225428 0.4832023 0.9225896 0.4832023 0.9225896 0.5075277 0.9274409 0.4831517 0.9273746 0.5075278 0.9225428 0.5604649 0.9274705 0.5075277 0.9274409 0.5074401 0.947171 0.5604496 0.9423477 0.5604447 0.9472628 0.5075059 0.9176402 0.5604701 0.9224736 0.5075278 0.9225428 0.5074585 0.9421884 0.5604549 0.9374242 0.5604496 0.9423477 0.5074401 0.947171 0.5604396 0.9521793 0.5074545 0.952152 0.5074815 0.9126707 0.5604752 0.9175158 0.5075059 0.9176402 0.5075187 0.93234 0.5604649 0.9274705 0.5604598 0.9324672 0.5074902 0.9372469 0.5604598 0.9324672 0.5604549 0.9374242 0.8481248 0.7910792 0.8533762 0.7210252 0.8533978 0.7911083 0.8533978 0.7911083 0.8584421 0.7209992 0.8586288 0.7910899 0.8586288 0.7910899 0.8635477 0.7209212 0.8638182 0.7910676 0.8638182 0.7910676 0.8687642 0.7208166 0.8690509 0.7910464 0.8324334 0.7909417 0.8278931 0.7207141 0.8330977 0.7208355 0.8376209 0.7909934 0.8330977 0.7208355 0.8381969 0.7209299 0.8428521 0.7910415 0.8381969 0.7209299 0.8432588 0.7209903 0.8481248 0.7910792 0.8432588 0.7209903 0.8483179 0.7209509 0.8483179 0.7209509 0.8530851 0.6963297 0.8533762 0.7210252 0.8533762 0.7210252 0.8579729 0.6962955 0.8584421 0.7209992 0.8584421 0.7209992 0.8630011 0.6961867 0.8635477 0.7209212 0.8635477 0.7209212 0.8681384 0.6960154 0.8687642 0.7208166 0.8330977 0.7208355 0.8286282 0.6959956 0.8337404 0.6961374 0.8381969 0.7209299 0.8337404 0.6961374 0.8387038 0.6962559 0.8432588 0.7209903 0.8387038 0.6962559 0.8435736 0.6963112 0.8483179 0.7209509 0.8435736 0.6963112 0.8483273 0.6963357 0.8483273 0.6963357 0.8529105 0.6722424 0.8530851 0.6963297 0.8579729 0.6962955 0.8529105 0.6722424 0.857679 0.6721467 0.8579729 0.6962955 0.8625624 0.6721509 0.8630011 0.6961867 0.8681384 0.6960154 0.8625624 0.6721509 0.8675892 0.6720041 0.8286282 0.6959956 0.8338326 0.6722593 0.8337404 0.6961374 0.8387038 0.6962559 0.8338326 0.6722593 0.83875 0.6722694 0.8387038 0.6962559 0.8434854 0.6722608 0.8435736 0.6963112 0.8483273 0.6963357 0.8434854 0.6722608 0.848201 0.6724114 0.8529105 0.6722424 0.8482251 0.6488233 0.8528579 0.6486516 0.8529105 0.6722424 0.8575082 0.6486008 0.857679 0.6721467 0.857679 0.6721467 0.8622649 0.648589 0.8625624 0.6721509 0.8625624 0.6721509 0.8672225 0.6484729 0.8675892 0.6720041 0.8338326 0.6722593 0.8291887 0.6486977 0.8341704 0.648721 0.8338326 0.6722593 0.8389181 0.6487503 0.83875 0.6722694 0.8434854 0.6722608 0.8389181 0.6487503 0.8435985 0.6486848 0.8434854 0.6722608 0.8482251 0.6488233 0.848201 0.6724114 0.8528579 0.6486516 0.8480626 0.6254369 0.852644 0.6253522 0.8575082 0.6486008 0.852644 0.6253522 0.8573243 0.6253252 0.8575082 0.6486008 0.8621027 0.6252225 0.8622649 0.648589 0.8622649 0.648589 0.8670353 0.6251166 0.8672225 0.6484729 0.8341704 0.648721 0.8290391 0.6254478 0.833954 0.6254227 0.8389181 0.6487503 0.833954 0.6254227 0.8387426 0.6254028 0.8389181 0.6487503 0.8434494 0.6253544 0.8435985 0.6486848 0.8435985 0.6486848 0.8480626 0.6254369 0.8482251 0.6488233 0.8480626 0.6254369 0.8522377 0.6018655 0.852644 0.6253522 0.8573243 0.6253252 0.8522377 0.6018655 0.8569742 0.601817 0.8573243 0.6253252 0.8618581 0.6017629 0.8621027 0.6252225 0.8621027 0.6252225 0.8668107 0.6017639 0.8670353 0.6251166 0.833954 0.6254227 0.8284317 0.6022902 0.8333479 0.6021669 0.8387426 0.6254028 0.8333479 0.6021669 0.8381956 0.6019783 0.8387426 0.6254028 0.8428878 0.6019063 0.8434494 0.6253544 0.8434494 0.6253544 0.84754 0.6017801 0.8480626 0.6254369 0.84754 0.6017801 0.8522129 0.5770859 0.8522377 0.6018655 0.8569742 0.601817 0.8522129 0.5770859 0.8572624 0.5775876 0.8569742 0.601817 0.8622488 0.5781204 0.8618581 0.6017629 0.8618581 0.6017629 0.8672501 0.5784024 0.8668107 0.6017639 0.8333479 0.6021669 0.8273029 0.5790544 0.8322173 0.5786259 0.8381956 0.6019783 0.8322173 0.5786259 0.8371058 0.5779269 0.8381956 0.6019783 0.8420627 0.57726 0.8428878 0.6019063 0.84754 0.6017801 0.8420627 0.57726 0.8471331 0.5769167 0.246917 0.9235898 0.2723603 0.9283809 0.247137 0.9287744 0.247137 0.9287744 0.2723853 0.9332542 0.2477134 0.9338468 0.2483101 0.9389168 0.2723853 0.9332542 0.2724182 0.9382209 0.2483101 0.9389168 0.2724785 0.9432849 0.2486578 0.9440138 0.2483417 0.9082643 0.2725113 0.903966 0.2724499 0.9090198 0.2483417 0.9082643 0.2724056 0.9139843 0.2477344 0.9133337 0.2477344 0.9133337 0.2723702 0.9188565 0.2471475 0.9184052 0.246917 0.9235898 0.2723702 0.9188565 0.2723284 0.9236186 0.2723603 0.9283809 0.2966424 0.9236374 0.296633 0.9285301 0.2723853 0.9332542 0.296633 0.9285301 0.2965992 0.9334294 0.2724182 0.9382209 0.2965992 0.9334294 0.2965559 0.9383622 0.2724785 0.9432849 0.2965559 0.9383622 0.2965255 0.9433848 0.2725113 0.903966 0.2965748 0.9089139 0.2724499 0.9090198 0.2724499 0.9090198 0.296612 0.9138463 0.2724056 0.9139843 0.2724056 0.9139843 0.2966393 0.9187455 0.2723702 0.9188565 0.2723702 0.9188565 0.2966424 0.9236374 0.2723284 0.9236186 0.2966393 0.9187455 0.349665 0.9236706 0.2966424 0.9236374 0.2965255 0.9433848 0.3496558 0.9385972 0.3496528 0.9435864 0.296612 0.9138463 0.349668 0.918658 0.2966393 0.9187455 0.2965559 0.9383622 0.3496588 0.9336565 0.3496558 0.9385972 0.2965505 0.9038922 0.3496739 0.9087442 0.2965748 0.9089139 0.2965748 0.9089139 0.349671 0.913685 0.296612 0.9138463 0.296633 0.9285301 0.349665 0.9236706 0.3496619 0.9286831 0.2965992 0.9334294 0.3496619 0.9286831 0.3496588 0.9336565 0.8433205 0.3709998 0.8481833 0.440935 0.8429211 0.4409357 0.8382663 0.3709316 0.8429211 0.4409357 0.8376945 0.440926 0.8331727 0.3708286 0.8376945 0.440926 0.8325108 0.4408744 0.8279711 0.3706983 0.8325108 0.4408744 0.827286 0.4408235 0.8638253 0.4408833 0.8687449 0.3708715 0.8690401 0.4408618 0.8586536 0.4409067 0.8635506 0.370967 0.8638253 0.4408833 0.8534399 0.4409258 0.8584644 0.3710362 0.8586536 0.4409067 0.8481833 0.440935 0.8534149 0.3710522 0.8534399 0.4409258 0.8437254 0.3463984 0.8483697 0.3709681 0.8433205 0.3709998 0.8388637 0.3463035 0.8433205 0.3709998 0.8382663 0.3709316 0.8339035 0.3461484 0.8382663 0.3709316 0.8331727 0.3708286 0.8287875 0.3459739 0.8331727 0.3708286 0.8279711 0.3706983 0.8635506 0.370967 0.8681965 0.3462098 0.8687449 0.3708715 0.8584644 0.3710362 0.8630748 0.3463388 0.8635506 0.370967 0.8534149 0.3710522 0.8581106 0.3464438 0.8584644 0.3710362 0.8483697 0.3709681 0.8532442 0.3464406 0.8534149 0.3710522 0.8438969 0.3223774 0.8484855 0.3462818 0.8437254 0.3463984 0.8388637 0.3463035 0.8438969 0.3223774 0.8437254 0.3463984 0.8342251 0.3221786 0.8388637 0.3463035 0.8339035 0.3461484 0.8287875 0.3459739 0.8342251 0.3221786 0.8339035 0.3461484 0.8629829 0.3223251 0.8681965 0.3462098 0.8630748 0.3463388 0.8581106 0.3464438 0.8629829 0.3223251 0.8630748 0.3463388 0.8532971 0.3224557 0.8581106 0.3464438 0.8532442 0.3464406 0.8484855 0.3462818 0.8532971 0.3224557 0.8532442 0.3464406 0.8438969 0.3223774 0.8486633 0.2988052 0.8485966 0.3224198 0.8391215 0.3222824 0.843989 0.2986366 0.8438969 0.3223774 0.8344489 0.2986231 0.8391215 0.3222824 0.8342251 0.3221786 0.8292385 0.3221333 0.8344489 0.2986231 0.8342251 0.3221786 0.8629096 0.2986134 0.867982 0.3222817 0.8629829 0.3223251 0.8580806 0.3223943 0.8629096 0.2986134 0.8629829 0.3223251 0.8533413 0.2986639 0.8580806 0.3223943 0.8532971 0.3224557 0.8486633 0.2988052 0.8532971 0.3224557 0.8485966 0.3224198 0.843989 0.2986366 0.8486329 0.2752857 0.8486633 0.2988052 0.8393043 0.2986339 0.844024 0.2751353 0.843989 0.2986366 0.8346033 0.2751681 0.8393043 0.2986339 0.8344489 0.2986231 0.8296621 0.2751078 0.8344489 0.2986231 0.8294547 0.2985683 0.8629096 0.2986134 0.867719 0.2752386 0.8678763 0.29865 0.8580365 0.2986451 0.8627416 0.2752241 0.8629096 0.2986134 0.8532386 0.275135 0.8580365 0.2986451 0.8533413 0.2986639 0.8486329 0.2752857 0.8533413 0.2986639 0.8486633 0.2988052 0.8440512 0.2517225 0.8486329 0.2752857 0.844024 0.2751353 0.8393523 0.2751964 0.8440512 0.2517225 0.844024 0.2751353 0.8344621 0.2518089 0.8393523 0.2751964 0.8346033 0.2751681 0.8296621 0.2751078 0.8344621 0.2518089 0.8346033 0.2751681 0.8629207 0.251803 0.867719 0.2752386 0.8627416 0.2752241 0.8579472 0.2751626 0.8629207 0.251803 0.8627416 0.2752241 0.85338 0.251646 0.8579472 0.2751626 0.8532386 0.275135 0.8486329 0.2752857 0.85338 0.251646 0.8532386 0.275135 0.8434355 0.2270374 0.8487079 0.2516661 0.8440512 0.2517225 0.8384581 0.2276521 0.8440512 0.2517225 0.8393182 0.2517672 0.8344621 0.2518089 0.8384581 0.2276521 0.8393182 0.2517672 0.8285906 0.2286986 0.8344621 0.2518089 0.8295364 0.2518661 0.8629207 0.251803 0.8685607 0.2284747 0.8678752 0.2518696 0.8586437 0.2275379 0.8629207 0.251803 0.8580857 0.2516685 0.85338 0.251646 0.8586437 0.2275379 0.8580857 0.2516685 0.848519 0.2267494 0.85338 0.251646 0.8487079 0.2516661 0.4521151 0.9288966 0.4269757 0.9236943 0.4523761 0.923745 0.4269389 0.9333305 0.4521151 0.9288966 0.4515303 0.9339535 0.4268937 0.9383196 0.4515303 0.9339535 0.4509339 0.9389427 0.4268368 0.9433772 0.4509339 0.9389427 0.4506031 0.944029 0.4509897 0.9083949 0.4268357 0.9040572 0.4506368 0.9033023 0.4269345 0.9140831 0.4509897 0.9083949 0.4515921 0.9134603 0.4521458 0.9185917 0.4269345 0.9140831 0.4515921 0.9134603 0.4269757 0.9236943 0.4521458 0.9185917 0.4523761 0.923745 0.4269672 0.9284644 0.4026874 0.9236993 0.4269757 0.9236943 0.4269389 0.9333305 0.4026913 0.9285919 0.4269672 0.9284644 0.4268937 0.9383196 0.4027193 0.9334918 0.4269389 0.9333305 0.4268368 0.9433772 0.4027571 0.9384258 0.4268937 0.9383196 0.4027722 0.9089775 0.4268357 0.9040572 0.4268987 0.9091182 0.4027293 0.9139088 0.4268987 0.9091182 0.4269345 0.9140831 0.4026959 0.9188069 0.4269345 0.9140831 0.4269697 0.9189217 0.4026874 0.9236993 0.4269697 0.9189217 0.4269757 0.9236943 0.349665 0.9236706 0.4026959 0.9188069 0.4026874 0.9236993 0.4027815 0.9434493 0.3496558 0.9385972 0.4027571 0.9384258 0.349668 0.918658 0.4027293 0.9139088 0.4026959 0.9188069 0.4027571 0.9384258 0.3496588 0.9336565 0.4027193 0.9334918 0.3496739 0.9087442 0.4028024 0.9039568 0.4027722 0.9089775 0.349671 0.913685 0.4027722 0.9089775 0.4027293 0.9139088 0.4026913 0.9285919 0.349665 0.9236706 0.4026874 0.9236993 0.4027193 0.9334918 0.3496619 0.9286831 0.4026913 0.9285919 0.9246747 0.01119756 0.9281847 0.002723991 0.9366585 0.006233811 0.5790963 0.07124984 0.5706226 0.06773978 0.5741325 0.05926614 0.1387121 0.03885102 0.1352079 0.04732722 0.1267318 0.04382306 0.1441577 0.04102981 0.1526291 0.03751403 0.1561447 0.04598534 0.9331485 0.0147075 0.9281848 0.0147075 0.9246747 0.01119756 0.9246747 0.01119756 0.9246747 0.006233811 0.9281847 0.002723991 0.9281847 0.002723991 0.9331486 0.002723991 0.9366585 0.006233811 0.9366585 0.006233811 0.9366585 0.01119756 0.9331485 0.0147075 0.9331485 0.0147075 0.9246747 0.01119756 0.9366585 0.006233811 0.5741325 0.05926614 0.5790962 0.0592662 0.5826061 0.0627762 0.5826061 0.0627762 0.5826061 0.06773984 0.5790963 0.07124984 0.5790963 0.07124984 0.5741323 0.07124966 0.5706226 0.06773978 0.5706226 0.06773978 0.5706226 0.06277602 0.5741325 0.05926614 0.5741325 0.05926614 0.5826061 0.0627762 0.5790963 0.07124984 0.1267318 0.04382306 0.1267284 0.03885924 0.1302359 0.03534704 0.1302359 0.03534704 0.1351998 0.0353437 0.1387121 0.03885102 0.1387121 0.03885102 0.1387155 0.04381471 0.1352079 0.04732722 0.1352079 0.04732722 0.1302442 0.04733073 0.1267318 0.04382306 0.1267318 0.04382306 0.1302359 0.03534704 0.1387121 0.03885102 0.1476736 0.04950118 0.1441609 0.04599356 0.1441577 0.04102981 0.1441577 0.04102981 0.1476652 0.03751748 0.1526291 0.03751403 0.1526291 0.03751403 0.1561415 0.04102164 0.1561447 0.04598534 0.1561447 0.04598534 0.1526375 0.04949778 0.1476736 0.04950118 0.1476736 0.04950118 0.1441577 0.04102981 0.1561447 0.04598534 0.4577086 0.7474226 0.4529442 0.7124543 0.4579949 0.7125353 0.4628843 0.7474225 0.4579949 0.7125353 0.4631119 0.7127288 0.4682324 0.7126008 0.4628843 0.7474225 0.4631119 0.7127288 0.4732766 0.7125951 0.4680565 0.7474237 0.4682324 0.7126008 0.4782783 0.712643 0.4731693 0.747435 0.4732766 0.7125951 0.4832456 0.7128157 0.478196 0.7475027 0.4782783 0.712643 0.4880964 0.7476211 0.4832456 0.7128157 0.4882159 0.712664 0.4931381 0.7476613 0.4882159 0.712664 0.493215 0.7126363 0.4577086 0.7474226 0.4526652 0.7820855 0.4525896 0.7474316 0.4628843 0.7474225 0.4576368 0.7816988 0.4577086 0.7474226 0.4675949 0.7818062 0.4628843 0.7474225 0.4680565 0.7474237 0.4725834 0.7823024 0.4680565 0.7474237 0.4731693 0.747435 0.4776655 0.7828012 0.4731693 0.747435 0.478196 0.7475027 0.4828409 0.7830475 0.478196 0.7475027 0.4831446 0.7475704 0.4880964 0.7476211 0.4828409 0.7830475 0.4831446 0.7475704 0.4931381 0.7476613 0.4880136 0.7829177 0.4880964 0.7476211 0.3933855 0.6571757 0.398335 0.3490752 0.3983352 0.6575499 0.3884239 0.3496044 0.3933855 0.6571757 0.3884242 0.6570206 0.3834628 0.6571757 0.3884239 0.3496044 0.3884242 0.6570206 0.378513 0.3490752 0.3834628 0.6571757 0.3785132 0.6575499 0.3735632 0.3487009 0.3785132 0.6575499 0.3735635 0.6579242 0.368602 0.6580791 0.3735632 0.3487009 0.3735635 0.6579242 0.3636404 0.3487009 0.368602 0.6580791 0.3636406 0.6579242 0.358691 0.6575499 0.3636404 0.3487009 0.3636406 0.6579242 0.6023548 0.5040381 0.5972526 0.4691436 0.6022612 0.4695314 0.6075485 0.503964 0.6022612 0.4695314 0.6072661 0.4696622 0.6122711 0.4694196 0.6075485 0.503964 0.6072661 0.4696622 0.6172748 0.4689229 0.6127453 0.5038918 0.6122711 0.4694196 0.6223645 0.4684209 0.6178855 0.5038158 0.6172748 0.4689229 0.6275562 0.4681681 0.6229361 0.5038034 0.6223645 0.4684209 0.6328766 0.5038244 0.6275562 0.4681681 0.6327639 0.4682937 0.6379364 0.5038462 0.6327639 0.4682937 0.6378899 0.4686744 0.6023548 0.5040381 0.5977507 0.5390015 0.5972203 0.5041026 0.6075485 0.503964 0.6027787 0.5389118 0.6023548 0.5040381 0.6129992 0.5388169 0.6075485 0.503964 0.6127453 0.5038918 0.6180469 0.5388222 0.6127453 0.5038918 0.6178855 0.5038158 0.6230311 0.5387709 0.6178855 0.5038158 0.6229361 0.5038034 0.6279904 0.5385978 0.6229361 0.5038034 0.6279053 0.5038048 0.6328766 0.5038244 0.6279904 0.5385978 0.6279053 0.5038048 0.6379364 0.5038462 0.6329504 0.5387503 0.6328766 0.5038244 0.6027787 0.5389118 0.5981152 0.5737546 0.5977507 0.5390015 0.6078863 0.5387025 0.6030847 0.5736904 0.6027787 0.5389118 0.6131828 0.5736405 0.6078863 0.5387025 0.6129992 0.5388169 0.6181753 0.5736637 0.6129992 0.5388169 0.6180469 0.5388222 0.6231096 0.5736288 0.6180469 0.5388222 0.6230311 0.5387709 0.6280214 0.5734731 0.6230311 0.5387709 0.6279904 0.5385978 0.6329504 0.5387503 0.6280214 0.5734731 0.6279904 0.5385978 0.6379469 0.5387805 0.6329341 0.5736346 0.6329504 0.5387503 0.6030847 0.5736904 0.5982928 0.6085782 0.5981152 0.5737546 0.6081311 0.5735068 0.603223 0.6085394 0.6030847 0.5736904 0.6132335 0.608533 0.6081311 0.5735068 0.6131828 0.5736405 0.6181843 0.6085732 0.6131828 0.5736405 0.6181753 0.5736637 0.6230807 0.6085557 0.6181753 0.5736637 0.6231096 0.5736288 0.6279565 0.6084187 0.6231096 0.5736288 0.6280214 0.5734731 0.6329341 0.5736346 0.6279565 0.6084187 0.6280214 0.5734731 0.6378816 0.5736753 0.6328324 0.6085892 0.6329341 0.5736346 0.603223 0.6085394 0.5983058 0.6435617 0.5982928 0.6085782 0.6082262 0.6083832 0.6032078 0.6435448 0.603223 0.6085394 0.6131536 0.6435768 0.6082262 0.6083832 0.6132335 0.608533 0.6180741 0.6436323 0.6132335 0.608533 0.6181843 0.6085732 0.6229426 0.6436305 0.6181843 0.6085732 0.6230807 0.6085557 0.6277921 0.6435111 0.6230807 0.6085557 0.6279565 0.6084187 0.6328324 0.6085892 0.6277921 0.6435111 0.6279565 0.6084187 0.6377419 0.6086414 0.6326403 0.6436913 0.6328324 0.6085892 0.6032078 0.6435448 0.5981753 0.6787182 0.5983058 0.6435617 0.6081795 0.643412 0.6030587 0.678719 0.6032078 0.6435448 0.6129594 0.6787829 0.6081795 0.643412 0.6131536 0.6435768 0.6178569 0.6788516 0.6131536 0.6435768 0.6180741 0.6436323 0.6227039 0.6788639 0.6180741 0.6436323 0.6229426 0.6436305 0.6275315 0.6787593 0.6229426 0.6436305 0.6277921 0.6435111 0.6326403 0.6436913 0.6275315 0.6787593 0.6277921 0.6435111 0.6375212 0.6437553 0.6323572 0.6789487 0.6326403 0.6436913 0.6030587 0.678719 0.5979254 0.7140258 0.5981753 0.6787182 0.6080089 0.6786057 0.6027942 0.714025 0.6030587 0.678719 0.6127274 0.7141039 0.6080089 0.6786057 0.6129594 0.6787829 0.617607 0.7141876 0.6129594 0.6787829 0.6178569 0.6788516 0.6224165 0.7142121 0.6178569 0.6788516 0.6227039 0.6788639 0.6272103 0.7141176 0.6227039 0.6788639 0.6275315 0.6787593 0.6323572 0.6789487 0.6272103 0.7141176 0.6275315 0.6787593 0.637214 0.6790235 0.6320021 0.7142993 0.6323572 0.6789487 0.6027942 0.714025 0.5978136 0.7493762 0.5979254 0.7140258 0.607762 0.7139207 0.6025933 0.7489939 0.6027942 0.714025 0.6121692 0.7491359 0.607762 0.7139207 0.6127274 0.7141039 0.6169627 0.7496603 0.6127274 0.7141039 0.617607 0.7141876 0.6218402 0.7501824 0.617607 0.7141876 0.6224165 0.7142121 0.6268019 0.7504102 0.6224165 0.7142121 0.6272103 0.7141176 0.6320021 0.7142993 0.6268019 0.7504102 0.6272103 0.7141176 0.6368257 0.7143653 0.6317589 0.7502871 0.6320021 0.7142993 0.548267 0.5476004 0.543847 0.5121708 0.5486149 0.5126352 0.5532395 0.5477637 0.5486149 0.5126352 0.5533853 0.5128363 0.5581582 0.5126823 0.5532395 0.5477637 0.5533853 0.5128363 0.5629212 0.5122647 0.5582141 0.5476369 0.5581582 0.5126823 0.5677517 0.5118381 0.5630912 0.547613 0.5629212 0.5122647 0.5726664 0.5116608 0.5679087 0.5476382 0.5677517 0.5118381 0.5774841 0.5476368 0.5726664 0.5116608 0.577589 0.5118278 0.5822905 0.5476132 0.577589 0.5118278 0.5824353 0.5122505 0.5482319 0.582991 0.543381 0.5475334 0.548267 0.5476004 0.5531927 0.5831387 0.548267 0.5476004 0.5532395 0.5477637 0.5582141 0.5476369 0.5531927 0.5831387 0.5532395 0.5477637 0.5630912 0.547613 0.5581532 0.5829945 0.5582141 0.5476369 0.5679087 0.5476382 0.5630477 0.5829641 0.5630912 0.547613 0.5726967 0.5477765 0.5679059 0.5829867 0.5679087 0.5476382 0.5775625 0.5829657 0.5726967 0.5477765 0.5774841 0.5476368 0.5824109 0.5829235 0.5774841 0.5476368 0.5822905 0.5476132 0.5482034 0.6182568 0.5433247 0.5829522 0.5482319 0.582991 0.5531867 0.6184088 0.5482319 0.582991 0.5531927 0.5831387 0.5581532 0.5829945 0.5531867 0.6184088 0.5531927 0.5831387 0.5630477 0.5829641 0.5581713 0.6182626 0.5581532 0.5829945 0.5679059 0.5829867 0.5630899 0.6182317 0.5630477 0.5829641 0.5727346 0.583123 0.5679728 0.6182537 0.5679059 0.5829867 0.577679 0.6182302 0.5727346 0.583123 0.5775625 0.5829657 0.5825538 0.6181856 0.5775625 0.5829657 0.5824109 0.5829235 0.5481302 0.6533548 0.5432773 0.6182145 0.5482034 0.6182568 0.5531463 0.6535195 0.5482034 0.6182568 0.5531867 0.6184088 0.5581713 0.6182626 0.5531463 0.6535195 0.5531867 0.6184088 0.5630899 0.6182317 0.5581648 0.653377 0.5581713 0.6182626 0.5679728 0.6182537 0.5631154 0.6533516 0.5630899 0.6182317 0.5728257 0.6183921 0.5680282 0.6533785 0.5679728 0.6182537 0.5777939 0.653361 0.5728257 0.6183921 0.577679 0.6182302 0.5827001 0.6533171 0.577679 0.6182302 0.5825538 0.6181856 0.5479685 0.6883006 0.5431755 0.6533007 0.5481302 0.6533548 0.553029 0.688484 0.5481302 0.6533548 0.5531463 0.6535195 0.5581648 0.653377 0.553029 0.688484 0.5531463 0.6535195 0.5631154 0.6533516 0.5580934 0.6883498 0.5581648 0.653377 0.5680282 0.6533785 0.563086 0.6883342 0.5631154 0.6533516 0.5729109 0.6535241 0.5680395 0.6883705 0.5680282 0.6533785 0.5778835 0.6883673 0.5729109 0.6535241 0.5777939 0.653361 0.582831 0.6883275 0.5777939 0.653361 0.5827001 0.6533171 0.547693 0.7231767 0.5429731 0.6882287 0.5479685 0.6883006 0.5528137 0.7233723 0.5479685 0.6883006 0.553029 0.688484 0.5580934 0.6883498 0.5528137 0.7233723 0.553029 0.688484 0.563086 0.6883342 0.5579364 0.7232468 0.5580934 0.6883498 0.5680395 0.6883705 0.5629819 0.7232437 0.563086 0.6883342 0.5729606 0.6885279 0.5679843 0.7232939 0.5680395 0.6883705 0.5779213 0.7233194 0.5729606 0.6885279 0.5778835 0.6883673 0.5829194 0.7232934 0.5778835 0.6883673 0.582831 0.6883275 0.5474088 0.7580871 0.5426382 0.7230928 0.547693 0.7231767 0.5525875 0.7580853 0.547693 0.7231767 0.5528137 0.7233723 0.5579364 0.7232468 0.5525875 0.7580853 0.5528137 0.7233723 0.5629819 0.7232437 0.5577622 0.7580846 0.5579364 0.7232468 0.5679843 0.7232939 0.5628768 0.7580946 0.5629819 0.7232437 0.5729516 0.7234689 0.5679053 0.7581605 0.5679843 0.7232939 0.5778077 0.7582753 0.5729516 0.7234689 0.5779213 0.7233194 0.58285 0.758313 0.5779213 0.7233194 0.5829194 0.7232934 0.5474088 0.7580871 0.5423824 0.792773 0.5422865 0.7580975 0.5525875 0.7580853 0.5473573 0.792383 0.5474088 0.7580871 0.5573212 0.7924845 0.5525875 0.7580853 0.5577622 0.7580846 0.5623126 0.7929775 0.5577622 0.7580846 0.5628768 0.7580946 0.5673985 0.793473 0.5628768 0.7580946 0.5679053 0.7581605 0.5725769 0.7937154 0.5679053 0.7581605 0.5728552 0.7582264 0.5778077 0.7582753 0.5725769 0.7937154 0.5728552 0.7582264 0.58285 0.758313 0.5777508 0.7935817 0.5778077 0.7582753 0.2597281 0.3451004 0.2646702 0.6532008 0.2597203 0.6528264 0.2547667 0.3452552 0.2597203 0.6528264 0.254759 0.6526713 0.2498055 0.3451001 0.254759 0.6526713 0.2497978 0.6528262 0.2448479 0.6532002 0.2498055 0.3451001 0.2497978 0.6528262 0.2399061 0.3443511 0.2448479 0.6532002 0.2398983 0.6535746 0.234937 0.6537291 0.2399061 0.3443511 0.2398983 0.6535746 0.2299832 0.344351 0.234937 0.6537291 0.2299755 0.6535742 0.2250258 0.6531999 0.2299832 0.344351 0.2299755 0.6535742 0.6789143 0.7795959 0.6839702 0.8145176 0.6789593 0.8141227 0.6737174 0.779664 0.6789593 0.8141227 0.6739514 0.8139846 0.6689431 0.8142201 0.6737174 0.779664 0.6739514 0.8139846 0.6639358 0.8147094 0.6685181 0.7797306 0.6689431 0.8142201 0.6588423 0.8152039 0.6633757 0.7798005 0.6639358 0.8147094 0.6536472 0.8154487 0.6583235 0.779807 0.6588423 0.8152039 0.6483809 0.779774 0.6536472 0.8154487 0.6484387 0.8153151 0.6433206 0.7797458 0.6484387 0.8153151 0.643312 0.8149261 0.6789143 0.7795959 0.683553 0.7446105 0.6840525 0.7795371 0.6737174 0.779664 0.6785205 0.7446987 0.6789143 0.7795959 0.6682941 0.7447901 0.6737174 0.779664 0.6685181 0.7797306 0.6632454 0.7447831 0.6685181 0.7797306 0.6633757 0.7798005 0.6582602 0.744833 0.6633757 0.7798005 0.6583235 0.779807 0.653301 0.745004 0.6583235 0.779807 0.6533532 0.7797995 0.6483809 0.779774 0.653301 0.745004 0.6533532 0.7797995 0.6433206 0.7797458 0.6483414 0.7448492 0.6483809 0.779774 0.6785205 0.7446987 0.6831821 0.7098239 0.683553 0.7446105 0.6734094 0.7449064 0.6782077 0.709893 0.6785205 0.7446987 0.6681031 0.7099532 0.6734094 0.7449064 0.6682941 0.7447901 0.6631101 0.7099352 0.6682941 0.7447901 0.6632454 0.7447831 0.6581761 0.7099749 0.6632454 0.7447831 0.6582602 0.744833 0.6532656 0.7101356 0.6582602 0.744833 0.653301 0.745004 0.6483414 0.7448492 0.6532656 0.7101356 0.653301 0.745004 0.6433464 0.7448171 0.6483545 0.7099788 0.6483414 0.7448492 0.6782077 0.709893 0.6829407 0.6749585 0.6831821 0.7098239 0.6731574 0.7100816 0.6780044 0.6750122 0.6782077 0.709893 0.6679875 0.6750487 0.6731574 0.7100816 0.6681031 0.7099532 0.6630361 0.6750235 0.6681031 0.7099532 0.6631101 0.7099352 0.6581408 0.6750557 0.6631101 0.7099352 0.6581761 0.7099749 0.6532679 0.675207 0.6581761 0.7099749 0.6532656 0.7101356 0.6483545 0.7099788 0.6532679 0.675207 0.6532656 0.7101356 0.6434102 0.7099429 0.6483953 0.6750506 0.6483545 0.7099788 0.6780044 0.6750122 0.6827841 0.6399256 0.6829407 0.6749585 0.6729972 0.6751837 0.6778752 0.6399701 0.6780044 0.6750122 0.6679224 0.639994 0.6729972 0.6751837 0.6679875 0.6750487 0.6630021 0.6399662 0.6679875 0.6750487 0.6630361 0.6750235 0.6581355 0.6399949 0.6630361 0.6750235 0.6581408 0.6750557 0.6532905 0.6401413 0.6581408 0.6750557 0.6532679 0.675207 0.6483953 0.6750506 0.6532905 0.6401413 0.6532679 0.675207 0.6434904 0.6750125 0.6484464 0.639988 0.6483953 0.6750506 0.6778752 0.6399701 0.6826682 0.6047109 0.6827841 0.6399256 0.6728996 0.640131 0.6777766 0.6047531 0.6778752 0.6399701 0.6678683 0.604777 0.6728996 0.640131 0.6679224 0.639994 0.6629708 0.604752 0.6679224 0.639994 0.6630021 0.6399662 0.6581268 0.6047827 0.6630021 0.6399662 0.6581355 0.6399949 0.6533057 0.6049297 0.6581355 0.6399949 0.6532905 0.6401413 0.6484464 0.639988 0.6533057 0.6049297 0.6532905 0.6401413 0.6435724 0.6399505 0.6484849 0.6047829 0.6484464 0.639988 0.6777766 0.6047531 0.6825426 0.5693346 0.6826682 0.6047109 0.6728224 0.6049106 0.6776648 0.5693976 0.6777766 0.6047531 0.6677229 0.5694472 0.6728224 0.6049106 0.6678683 0.604777 0.662844 0.569427 0.6678683 0.604777 0.6629708 0.604752 0.658038 0.5694651 0.6629708 0.604752 0.6581268 0.6047827 0.6532527 0.5696203 0.6581268 0.6047827 0.6533057 0.6049297 0.6484849 0.6047829 0.6532527 0.5696203 0.6533057 0.6049297 0.643637 0.6047504 0.6484678 0.5694996 0.6484849 0.6047829 0.6776648 0.5693976 0.682128 0.5339089 0.6825426 0.5693346 0.6726922 0.569566 0.677344 0.534363 0.6776648 0.5693976 0.6677486 0.534399 0.6726922 0.569566 0.6677229 0.5694472 0.6629484 0.5339819 0.6677229 0.5694472 0.662844 0.569427 0.6580739 0.5335676 0.662844 0.569427 0.658038 0.5694651 0.653124 0.5334134 0.658038 0.5694651 0.6532527 0.5696203 0.6484678 0.5694996 0.653124 0.5334134 0.6532527 0.5696203 0.6436548 0.5694943 0.6481839 0.5336084 0.6484678 0.5694996 0.4575682 0.5371529 0.4525938 0.5018662 0.4573583 0.5022537 0.462536 0.5372468 0.4573583 0.5022537 0.4621205 0.5023781 0.4668817 0.5021127 0.462536 0.5372468 0.4621205 0.5023781 0.4716379 0.5015838 0.4675057 0.5370504 0.4668817 0.5021127 0.4764703 0.5010446 0.4723835 0.5369578 0.4716379 0.5015838 0.4813966 0.5007886 0.4772052 0.5369158 0.4764703 0.5010446 0.4867951 0.5367825 0.4813966 0.5007886 0.4863359 0.5008787 0.4916121 0.5366933 0.4863359 0.5008787 0.4912029 0.5012265 0.4579454 0.5724917 0.4526914 0.5371533 0.4575682 0.5371529 0.4629023 0.5725902 0.4575682 0.5371529 0.462536 0.5372468 0.4675057 0.5370504 0.4629023 0.5725902 0.462536 0.5372468 0.4723835 0.5369578 0.4678583 0.5723973 0.4675057 0.5370504 0.4772052 0.5369158 0.4727532 0.5723187 0.4723835 0.5369578 0.4820011 0.5369881 0.4776143 0.5722932 0.4772052 0.5369158 0.4872821 0.5721778 0.4820011 0.5369881 0.4867951 0.5367825 0.4921391 0.5720884 0.4867951 0.5367825 0.4916121 0.5366933 0.4581986 0.6077133 0.4530466 0.5725013 0.4579454 0.5724917 0.4631777 0.6078326 0.4579454 0.5724917 0.4629023 0.5725902 0.4678583 0.5723973 0.4631777 0.6078326 0.4629023 0.5725902 0.4727532 0.5723187 0.4681589 0.6076539 0.4678583 0.5723973 0.4776143 0.5722932 0.4730771 0.607591 0.4727532 0.5723187 0.4824491 0.5723829 0.477962 0.6075813 0.4776143 0.5722932 0.487677 0.6074948 0.4824491 0.5723829 0.4872821 0.5721778 0.4925589 0.6074191 0.4872821 0.5721778 0.4921391 0.5720884 0.4583011 0.6427735 0.4532797 0.6077029 0.4581986 0.6077133 0.4633134 0.6429187 0.4581986 0.6077133 0.4631777 0.6078326 0.4681589 0.6076539 0.4633134 0.6429187 0.4631777 0.6078326 0.4730771 0.607591 0.4683289 0.6427567 0.4681589 0.6076539 0.477962 0.6075813 0.473279 0.6427122 0.4730771 0.607591 0.4828199 0.6076884 0.4781932 0.6427201 0.477962 0.6075813 0.4879648 0.6426653 0.4828199 0.6076884 0.487677 0.6074948 0.4928761 0.6426029 0.487677 0.6074948 0.4925589 0.6074191 0.458234 0.677687 0.4533528 0.6427382 0.4583011 0.6427735 0.4632909 0.6778609 0.4583011 0.6427735 0.4633134 0.6429187 0.4683289 0.6427567 0.4632909 0.6778609 0.4633134 0.6429187 0.473279 0.6427122 0.4683529 0.6777172 0.4683289 0.6427567 0.4781932 0.6427201 0.4733444 0.6776922 0.473279 0.6427122 0.4830785 0.6428469 0.4782982 0.6777194 0.4781932 0.6427201 0.4881454 0.6776981 0.4830785 0.6428469 0.4879648 0.6426653 0.4930965 0.6776496 0.4879648 0.6426653 0.4928761 0.6426029 0.4579949 0.7125353 0.4532437 0.6776244 0.458234 0.677687 0.4631119 0.7127288 0.458234 0.677687 0.4632909 0.6778609 0.4683529 0.6777172 0.4631119 0.7127288 0.4632909 0.6778609 0.4733444 0.6776922 0.4682324 0.7126008 0.4683529 0.6777172 0.4782982 0.6777194 0.4732766 0.7125951 0.4733444 0.6776922 0.4832211 0.6778677 0.4782783 0.712643 0.4782982 0.6777194 0.4882159 0.712664 0.4832211 0.6778677 0.4881454 0.6776981 0.493215 0.7126363 0.4881454 0.6776981 0.4930965 0.6776496 0.8872253 0.0529688 0.8812157 0.04736888 0.8991296 0.03232491 0.8812157 0.04736888 0.8771533 0.04033797 0.8991296 0.03232491 0.8793845 0.04888015 0.8812157 0.04736888 0.8872253 0.0529688 0.8812157 0.04736888 0.8741305 0.04677313 0.8771533 0.04033797 0.8991438 0.06120312 0.8946896 0.05770951 0.8950813 0.0553677 0.8950813 0.0553677 0.8946896 0.05770951 0.8872253 0.0529688 0.8897647 0.777461 0.8912852 0.7860828 0.8744952 0.7724063 0.8753028 0.03233474 0.8771478 0.02433025 0.8991296 0.03232491 0.8771533 0.04033797 0.8749294 0.04116952 0.8753028 0.03233474 0.8753028 0.03233474 0.8749236 0.02350026 0.8771478 0.02433025 0.8771478 0.02433025 0.8741209 0.01789689 0.8812057 0.01729661 0.895066 0.009288132 0.903186 0.009285628 0.8991296 0.03232491 0.8872115 0.01169276 0.895066 0.009288132 0.8991296 0.03232491 0.891285 0.7587296 0.8897646 0.7673516 0.8744952 0.7724063 0.874495 0.745053 0.8744952 0.7176999 0.8912851 0.7313764 0.8872115 0.01169276 0.8946726 0.006946682 0.895066 0.009288132 0.9211195 0.04032278 0.9170619 0.0473566 0.8991296 0.03232491 0.8991296 0.03232491 0.9032018 0.05536502 0.8950813 0.0553677 0.9110419 0.01168459 0.9188826 0.01577317 0.9170515 0.01728463 0.9241365 0.01787978 0.9233381 0.02348381 0.921114 0.02431553 0.903186 0.009285628 0.9035776 0.006943821 0.9110419 0.01168459 0.921114 0.02431553 0.9233381 0.02348381 0.9229645 0.03231853 0.8991296 0.03232491 0.9170515 0.01728463 0.921114 0.02431553 0.891285 0.7040234 0.8897646 0.7126451 0.8744952 0.7176999 0.9229645 0.03231853 0.9233441 0.04115319 0.9211195 0.04032278 0.9211195 0.04032278 0.9241465 0.04675638 0.9170619 0.0473566 0.895066 0.009288132 0.8991239 0.003450036 0.903186 0.009285628 0.8897646 0.6579389 0.8876202 0.6629936 0.8744952 0.6629936 0.8897646 0.6680481 0.891285 0.67667 0.8744952 0.6629936 0.9170619 0.0473566 0.9188939 0.04886662 0.9110562 0.05296063 0.9110562 0.05296063 0.9032018 0.05536502 0.8991296 0.03232491 0.9110562 0.05296063 0.9035947 0.05770623 0.9032018 0.05536502 0.8812057 0.01729661 0.8793734 0.01578658 0.8872115 0.01169276 0.8812057 0.01729661 0.8991296 0.03232491 0.8771478 0.02433025 0.8793845 0.04888015 0.8741305 0.04677313 0.8812157 0.04736888 0.8741305 0.04677313 0.8749294 0.04116952 0.8771533 0.04033797 0.8950813 0.0553677 0.9032018 0.05536502 0.8991438 0.06120312 0.9032018 0.05536502 0.9035947 0.05770623 0.8991438 0.06120312 0.8749236 0.02350026 0.8741209 0.01789689 0.8771478 0.02433025 0.8741209 0.01789689 0.8793734 0.01578658 0.8812057 0.01729661 0.9233441 0.04115319 0.9241465 0.04675638 0.9211195 0.04032278 0.9241465 0.04675638 0.9188939 0.04886662 0.9170619 0.0473566 0.8946726 0.006946682 0.8991239 0.003450036 0.895066 0.009288132 0.8991239 0.003450036 0.9035776 0.006943821 0.903186 0.009285628 0.9188826 0.01577317 0.9241365 0.01787978 0.9170515 0.01728463 0.9170515 0.01728463 0.9241365 0.01787978 0.921114 0.02431553 0.4376798 0.243672 0.4103267 0.2436689 0.4103323 0.1962915 0.8991296 0.03232491 0.8950813 0.0553677 0.8872253 0.0529688 0.8876203 0.7997596 0.8744953 0.7997596 0.8897648 0.7947048 0.8744953 0.7997596 0.8744952 0.7724063 0.8912852 0.7860828 0.8897648 0.7947048 0.8744953 0.7997596 0.8912852 0.7860828 0.8744952 0.7724063 0.8876203 0.7724063 0.8897647 0.777461 0.8991296 0.03232491 0.8771533 0.04033797 0.8753028 0.03233474 0.8991296 0.03232491 0.8812057 0.01729661 0.8872115 0.01169276 0.8897646 0.7673516 0.8876203 0.7724063 0.8744952 0.7724063 0.8744952 0.7724063 0.874495 0.745053 0.891285 0.7587296 0.874495 0.745053 0.8876202 0.745053 0.8897647 0.7501077 0.891285 0.7587296 0.874495 0.745053 0.8897647 0.7501077 0.8744952 0.7176999 0.8876202 0.7176999 0.8897646 0.7227546 0.8897646 0.7227546 0.8912851 0.7313764 0.8744952 0.7176999 0.8912851 0.7313764 0.8897646 0.7399984 0.874495 0.745053 0.8897646 0.7399984 0.8876202 0.745053 0.874495 0.745053 0.903186 0.009285628 0.9110419 0.01168459 0.8991296 0.03232491 0.9110419 0.01168459 0.9170515 0.01728463 0.8991296 0.03232491 0.921114 0.02431553 0.9229645 0.03231853 0.8991296 0.03232491 0.9229645 0.03231853 0.9211195 0.04032278 0.8991296 0.03232491 0.8897646 0.7126451 0.8876202 0.7176999 0.8744952 0.7176999 0.8744952 0.7176999 0.874495 0.6903467 0.891285 0.7040234 0.874495 0.6903467 0.8876202 0.6903467 0.8897646 0.6954014 0.891285 0.7040234 0.874495 0.6903467 0.8897646 0.6954014 0.8744952 0.6629936 0.8744952 0.6356402 0.8912851 0.6493169 0.8744952 0.6356402 0.8876203 0.6356402 0.8897646 0.6406949 0.8912851 0.6493169 0.8744952 0.6356402 0.8897646 0.6406949 0.8912851 0.6493169 0.8897646 0.6579389 0.8744952 0.6629936 0.8876202 0.6903467 0.874495 0.6903467 0.8897647 0.6852923 0.874495 0.6903467 0.8744952 0.6629936 0.891285 0.67667 0.8897647 0.6852923 0.874495 0.6903467 0.891285 0.67667 0.8744952 0.6629936 0.8876202 0.6629936 0.8897646 0.6680481 0.8991296 0.03232491 0.9170619 0.0473566 0.9110562 0.05296063 0.4103267 0.2436689 0.3966528 0.2199787 0.4103323 0.1962915 0.4103323 0.1962915 0.4376856 0.1962948 0.4513595 0.2199847 0.4513595 0.2199847 0.4376798 0.243672 0.4103323 0.1962915 0.572455 0.0279994 0.5724522 0.05183374 0.5644484 0.04998576 0.5644484 0.04998576 0.5724522 0.05183374 0.5636175 0.05220985 0.5812866 0.05221033 0.5724522 0.05183374 0.5804557 0.04998588 0.5724522 0.05183374 0.572455 0.0279994 0.5804557 0.04998588 0.572455 0.0279994 0.5644484 0.04998576 0.5574163 0.04592567 0.5518143 0.039918 0.572455 0.0279994 0.5574163 0.04592567 0.572455 0.0279994 0.5518143 0.039918 0.5494123 0.0320627 0.5494123 0.0320627 0.5518143 0.039918 0.5470709 0.03245502 0.5518143 0.039918 0.5574163 0.04592567 0.5559053 0.0477572 0.09845209 0.9917243 0.1121287 0.9749342 0.1070739 0.9902038 0.09845209 0.9917243 0.0898301 0.9902038 0.08477544 0.9749342 0.1121287 0.9749342 0.09845209 0.9917243 0.08477544 0.9749342 0.08477544 0.9749342 0.0898301 0.9902038 0.08477544 0.9880594 0.08477544 0.9880594 0.07972085 0.9902038 0.08477544 0.9749342 0.5882722 0.7693535 0.6119521 0.810388 0.5882664 0.7967066 0.6356491 0.7693631 0.5882722 0.7693535 0.6119633 0.7556816 0.08477544 0.9749342 0.07109892 0.9917243 0.05742228 0.9749342 0.07972085 0.9902038 0.07109892 0.9917243 0.08477544 0.9749342 0.6356435 0.7967164 0.5882722 0.7693535 0.6356491 0.7693631 0.6119521 0.810388 0.5882722 0.7693535 0.6356435 0.7967164 0.1617802 0.9902037 0.1668348 0.9749341 0.1668348 0.9880594 0.002715766 0.9749342 0.007770478 0.9902039 0.002715826 0.9880595 0.03006887 0.9749345 0.01639252 0.9917244 0.002715766 0.9749342 0.1668348 0.9749341 0.1531583 0.991724 0.1394819 0.9749342 0.007770478 0.9902039 0.002715766 0.9749342 0.01639252 0.9917244 0.1531583 0.991724 0.1668348 0.9749341 0.1617802 0.9902037 0.5804562 0.00601989 0.5724526 0.004171907 0.5812873 0.003795623 0.1531583 0.991724 0.1445364 0.9902037 0.1394819 0.9749342 0.5724526 0.004171907 0.564449 0.006019473 0.563618 0.003795385 0.5804562 0.00601989 0.572455 0.0279994 0.5724526 0.004171907 0.5724526 0.004171907 0.572455 0.0279994 0.564449 0.006019473 0.572455 0.0279994 0.5574166 0.0100798 0.564449 0.006019473 0.5574166 0.0100798 0.572455 0.0279994 0.5518146 0.01608711 0.5518146 0.01608711 0.5494125 0.02394253 0.5470708 0.02354997 0.5574166 0.0100798 0.5518146 0.01608711 0.5559056 0.00824809 0.5518146 0.01608711 0.572455 0.0279994 0.5494125 0.02394253 0.5494125 0.02394253 0.572455 0.0279994 0.5494123 0.0320627 0.5470708 0.02354997 0.5494125 0.02394253 0.5435757 0.02800267 0.5494125 0.02394253 0.5494123 0.0320627 0.5435757 0.02800267 0.1121287 0.9749342 0.1171833 0.9902038 0.1121287 0.9880595 0.1070739 0.9902038 0.1121287 0.9749342 0.1121287 0.9880595 0.5435757 0.02800267 0.5494123 0.0320627 0.5470709 0.03245502 0.1171833 0.9902038 0.1121287 0.9749342 0.125805 0.9917241 0.1344271 0.9902038 0.125805 0.9917241 0.1394819 0.9749342 0.1394819 0.9749342 0.125805 0.9917241 0.1121287 0.9749342 0.5580143 0.002994596 0.5574166 0.0100798 0.5559056 0.00824809 0.1394819 0.9880594 0.1344271 0.9902038 0.1394819 0.9749342 0.1394819 0.9749342 0.1445364 0.9902037 0.1394819 0.9880594 0.563618 0.003795385 0.564449 0.006019473 0.5580143 0.002994596 0.564449 0.006019473 0.5574166 0.0100798 0.5580143 0.002994596 0.5874885 0.01008015 0.572455 0.0279994 0.5804562 0.00601989 0.5930906 0.01608788 0.572455 0.0279994 0.5874885 0.01008015 0.572455 0.0279994 0.5930906 0.01608788 0.5954921 0.02394318 0.5954921 0.02394318 0.5930906 0.01608788 0.5978338 0.02355068 0.5930906 0.01608788 0.5874885 0.01008015 0.5889995 0.008248448 0.5954921 0.02394318 0.5954921 0.0320633 0.572455 0.0279994 0.6013292 0.02800321 0.5954921 0.02394318 0.5978338 0.02355068 0.5954921 0.0320633 0.5954921 0.02394318 0.6013292 0.02800321 0.03006887 0.9749345 0.0351237 0.9902041 0.03006887 0.9880595 0.5978336 0.03245574 0.5954921 0.0320633 0.6013292 0.02800321 0.0250144 0.990204 0.03006887 0.9749345 0.03006887 0.9880595 0.04374557 0.9917243 0.0351237 0.9902041 0.03006887 0.9749345 0.5930904 0.03991848 0.5954921 0.0320633 0.5978336 0.03245574 0.04374557 0.9917243 0.05742228 0.9749342 0.0523675 0.9902038 0.5874882 0.04592603 0.5930904 0.03991848 0.5889989 0.04775762 0.05742228 0.9749342 0.04374557 0.9917243 0.03006887 0.9749345 0.572455 0.0279994 0.5930904 0.03991848 0.5874882 0.04592603 0.5930904 0.03991848 0.572455 0.0279994 0.5954921 0.0320633 0.5868904 0.05301094 0.5874882 0.04592603 0.5889989 0.04775762 0.5804557 0.04998588 0.5874882 0.04592603 0.5868904 0.05301094 0.5804557 0.04998588 0.572455 0.0279994 0.5874882 0.04592603 0.05742228 0.9749342 0.06247717 0.9902038 0.05742228 0.9880595 0.5812866 0.05221033 0.5804557 0.04998588 0.5868904 0.05301094 0.0523675 0.9902038 0.05742228 0.9749342 0.05742228 0.9880595 0.06247717 0.9902038 0.05742228 0.9749342 0.07109892 0.9917243 0.01639252 0.9917244 0.03006887 0.9749345 0.0250144 0.990204 0.5889995 0.008248448 0.5874885 0.01008015 0.5868912 0.002995073 0.5874885 0.01008015 0.5804562 0.00601989 0.5868912 0.002995073 0.5868912 0.002995073 0.5804562 0.00601989 0.5812873 0.003795623 0.5580137 0.05301052 0.5644484 0.04998576 0.5636175 0.05220985 0.5574163 0.04592567 0.5580137 0.05301052 0.5559053 0.0477572 0.5644484 0.04998576 0.5580137 0.05301052 0.5574163 0.04592567 0.01929867 0.7119708 0.04027444 0.7238722 0.03361606 0.7284844 0.002722918 0.6710034 0.02681529 0.6867098 0.008602797 0.692599 0.03781718 0.6292186 0.05714416 0.6441254 0.0396803 0.6467282 0.05002266 0.7426883 0.03361606 0.7284844 0.04027444 0.7238722 0.008602797 0.692599 0.03242641 0.7052603 0.01929867 0.7119708 0.002722918 0.6710034 0.02203583 0.647937 0.02341294 0.6679803 0.02341294 0.6679803 0.04373627 0.6839588 0.02681529 0.6867098 0.02198755 0.5924814 0.01068478 0.5708855 0.02213913 0.5728566 0.05002266 0.7426883 0.04027444 0.7238722 0.04784572 0.7217598 0.03242641 0.7052603 0.04373627 0.6839588 0.04576373 0.7022718 0.02203583 0.647937 0.04178082 0.6660705 0.02341294 0.6679803 0.04027444 0.7238722 0.04576373 0.7022718 0.04784572 0.7217598 0.05002266 0.7426883 0.04784572 0.7217598 0.05570673 0.7222525 0.04373627 0.6839588 0.05947613 0.7023273 0.04576373 0.7022718 0.04178082 0.6660705 0.05714416 0.6441254 0.06010663 0.6638916 0.04576373 0.7022718 0.05570673 0.7222525 0.04784572 0.7217598 0.04178082 0.6660705 0.0607587 0.6828989 0.04373627 0.6839588 0.04653519 0.5903674 0.03271943 0.5729645 0.0430746 0.5711157 0.05714416 0.6441254 0.08073192 0.6616375 0.06010663 0.6638916 0.05570673 0.7222525 0.07395321 0.7061892 0.06320309 0.725422 0.06010663 0.6638916 0.08056914 0.6844503 0.0607587 0.6828989 0.04653519 0.5903674 0.05410927 0.5677247 0.05843687 0.5879132 0.05002266 0.7426883 0.05570673 0.7222525 0.06320309 0.725422 0.05947613 0.7023273 0.08056914 0.6844503 0.07395321 0.7061892 0.1143621 0.704459 0.1353944 0.7158482 0.1288822 0.7205436 0.0968523 0.6637306 0.1214159 0.6791898 0.1032605 0.6854069 0.1141899 0.5854523 0.1018171 0.5644865 0.113602 0.5655918 0.1453757 0.7343106 0.1288822 0.7205436 0.1353944 0.7158482 0.1032605 0.6854069 0.1272894 0.6975179 0.1143621 0.704459 0.0968523 0.6637306 0.1158913 0.6407603 0.1178967 0.6605962 0.1141899 0.5854523 0.1243097 0.5653582 0.1266061 0.5844297 0.1453757 0.7343106 0.1353944 0.7158482 0.1428625 0.7136269 0.1272894 0.6975179 0.1382238 0.6760216 0.1404926 0.6943257 0.1178967 0.6605962 0.1334527 0.6390584 0.1360892 0.6580832 0.1353944 0.7158482 0.1404926 0.6943257 0.1428625 0.7136269 0.1178967 0.6605962 0.1382238 0.6760216 0.1214159 0.6791898 0.1453757 0.7343106 0.1428625 0.7136269 0.150653 0.7139862 0.1404926 0.6943257 0.1551777 0.6749991 0.1540865 0.6942089 0.1360892 0.6580832 0.1508619 0.6362406 0.1544145 0.6561419 0.1404926 0.6943257 0.150653 0.7139862 0.1428625 0.7136269 0.1382238 0.6760216 0.1544145 0.6561419 0.1551777 0.6749991 0.1389064 0.5824808 0.1243097 0.5653582 0.1347642 0.5630546 0.150653 0.7139862 0.1684312 0.6978375 0.1581169 0.7169988 0.1544145 0.6561419 0.1746925 0.6763576 0.1551777 0.6749991 0.1389064 0.5824808 0.1459351 0.5592036 0.1509049 0.5796563 0.1453757 0.7343106 0.150653 0.7139862 0.1581169 0.7169988 0.1551777 0.6749991 0.1684312 0.6978375 0.1540865 0.6942089 0.1544145 0.6561419 0.1693096 0.6314807 0.1746957 0.6539251 0.1640834 0.7989748 0.1755922 0.777544 0.1803807 0.7841706 0.1444472 0.8104242 0.1197354 0.7951154 0.1384126 0.7914412 0.04425048 0.8099225 0.02477639 0.7973456 0.04442888 0.7972494 0.09701198 0.6406751 0.1154497 0.6228458 0.1158913 0.6407603 0.1944281 0.7673986 0.1803807 0.7841706 0.1755922 0.777544 0.1640834 0.7989748 0.1384126 0.7914412 0.1570137 0.7857325 0.1221863 0.8158522 0.09962344 0.7966588 0.1197354 0.7951154 0.09927201 0.8154007 0.08179622 0.796815 0.09962344 0.7966588 0.09546387 0.7615913 0.074144 0.7504591 0.09089308 0.7436049 0.1944281 0.7673986 0.1755922 0.777544 0.1733767 0.7699478 0.1384126 0.7914412 0.1537135 0.772326 0.1570137 0.7857325 0.1197354 0.7951154 0.09814381 0.7790135 0.1170867 0.7767814 0.02198755 0.5924814 0.03271943 0.5729645 0.03432279 0.5919219 0.1570137 0.7857325 0.1733767 0.7699478 0.1755922 0.777544 0.1197354 0.7951154 0.1351069 0.7746117 0.1384126 0.7914412 0.04442888 0.7972494 0.02477914 0.7867701 0.0436964 0.7849363 0.1537135 0.772326 0.134282 0.7575176 0.1536575 0.7584926 0.1170867 0.7767814 0.09546387 0.7615913 0.1153377 0.7584018 0.2681771 0.6953281 0.280612 0.7179071 0.26353 0.7138231 0.1733767 0.7699478 0.1536575 0.7584926 0.1737065 0.7620401 0.1351069 0.7746117 0.1153377 0.7584018 0.134282 0.7575176 0.0420174 0.772751 0.02477914 0.7867701 0.0228306 0.776475 0.1468029 0.6191484 0.1693096 0.6314807 0.1508619 0.6362406 0.1944281 0.7673986 0.1733767 0.7699478 0.1737065 0.7620401 0.1536575 0.7584926 0.1767885 0.7543721 0.1737065 0.7620401 0.1153377 0.7584018 0.135568 0.737861 0.134282 0.7575176 0.0420174 0.772751 0.01919943 0.7654393 0.03943026 0.7608582 0.05336248 0.6269707 0.07520222 0.6396905 0.05714416 0.6441254 0.1944281 0.7673986 0.1737065 0.7620401 0.1767885 0.7543721 0.1536575 0.7584926 0.135568 0.737861 0.1571575 0.7441673 0.09546387 0.7615913 0.1128642 0.7378612 0.1153377 0.7584018 0.005910098 0.6289306 0.02203583 0.647937 0.002718269 0.6477023 0.2458359 0.6900131 0.2249075 0.7090716 0.2239235 0.6905251 0.3172941 0.7263259 0.340446 0.7199112 0.336141 0.7306429 0.2589338 0.7488367 0.2773637 0.7650884 0.2589599 0.7676643 0.164506 0.7180325 0.1825661 0.7053198 0.1854866 0.7130981 0.2239235 0.6905251 0.2056149 0.710039 0.2025288 0.6955467 0.2681771 0.6953281 0.2438346 0.7104614 0.2458359 0.6900131 0.1825661 0.7053198 0.2056149 0.710039 0.1854866 0.7130981 0.164506 0.7180325 0.1854866 0.7130981 0.185647 0.7210342 0.2249075 0.7090716 0.205321 0.7238117 0.2056149 0.710039 0.26353 0.7138231 0.2416152 0.7288009 0.2438346 0.7104614 0.08179622 0.796815 0.09814381 0.7790135 0.09962344 0.7966588 0.2056149 0.710039 0.185647 0.7210342 0.1854866 0.7130981 0.2249075 0.7090716 0.2416152 0.7288009 0.2237823 0.7263042 0.315108 0.7384375 0.336141 0.7306429 0.3340871 0.7410373 0.1312463 0.6217756 0.1508619 0.6362406 0.1334527 0.6390584 0.2606623 0.7311492 0.2387768 0.7470178 0.2416152 0.7288009 0.08090001 0.7810571 0.09546387 0.7615913 0.09814381 0.7790135 0.185647 0.7210342 0.2018054 0.7371967 0.1832834 0.7286166 0.2237823 0.7263042 0.2387768 0.7470178 0.2202427 0.7430741 0.3139895 0.7507457 0.3340871 0.7410373 0.3336888 0.7515249 0.2606623 0.7311492 0.2768201 0.7492366 0.2589338 0.7488367 0.164506 0.7180325 0.185647 0.7210342 0.1832834 0.7286166 0.205321 0.7238117 0.2202427 0.7430741 0.2018054 0.7371967 0.2018054 0.7371967 0.1783123 0.7352678 0.1832834 0.7286166 0.2202427 0.7430741 0.235991 0.767661 0.2139759 0.7618058 0.3139895 0.7507457 0.3346769 0.763096 0.3138085 0.7629609 0.26353 0.7138231 0.2779345 0.7334577 0.2606623 0.7311492 0.164506 0.7180325 0.1832834 0.7286166 0.1783123 0.7352678 0.2018054 0.7371967 0.2139759 0.7618058 0.1947365 0.7501705 0.2589338 0.7488367 0.235991 0.767661 0.2387768 0.7470178 0.1154497 0.6228458 0.1334527 0.6390584 0.1158913 0.6407603 0.01068478 0.5708855 0.02473288 0.5551132 0.02213913 0.5728566 0.02473288 0.5551132 0.03271943 0.5729645 0.02213913 0.5728566 0.03271943 0.5729645 0.03798878 0.554356 0.0430746 0.5711157 0.0430746 0.5711157 0.04407465 0.5515661 0.05410927 0.5677247 0.1018171 0.5644865 0.115289 0.547621 0.113602 0.5655918 0.115289 0.547621 0.1243097 0.5653582 0.113602 0.5655918 0.1221562 0.5473787 0.1347642 0.5630546 0.1243097 0.5653582 0.1347642 0.5630546 0.1350479 0.5429074 0.1459351 0.5592036 0.02290761 0.8088525 0.006991147 0.7948899 0.02477639 0.7973456 0.006991147 0.7948899 0.02477914 0.7867701 0.02477639 0.7973456 0.007294714 0.7881844 0.0228306 0.776475 0.02477914 0.7867701 0.006156861 0.7816331 0.01919943 0.7654393 0.0228306 0.776475 0.340446 0.7199112 0.353111 0.736792 0.336141 0.7306429 0.353111 0.736792 0.3340871 0.7410373 0.336141 0.7306429 0.3514481 0.7432927 0.3336888 0.7515249 0.3340871 0.7410373 0.3336888 0.7515249 0.3526958 0.7565444 0.3346769 0.763096 0.03432279 0.5919219 0.02217698 0.6108151 0.02198755 0.5924814 0.02217698 0.6108151 0.03781718 0.6292186 0.02205312 0.6301974 0.03781718 0.6292186 0.04954516 0.6082443 0.05336248 0.6269707 0.04954516 0.6082443 0.03432279 0.5919219 0.04653519 0.5903674 0.05336248 0.6269707 0.06243395 0.6050982 0.06852686 0.6227939 0.04954516 0.6082443 0.05843687 0.5879132 0.06243395 0.6050982 0.1018112 0.5855753 0.1151072 0.6036948 0.1016219 0.6035357 0.1151072 0.6036948 0.09965342 0.6222941 0.1016219 0.6035357 0.1266061 0.5844297 0.1151072 0.6036948 0.1141899 0.5854523 0.1287955 0.6026243 0.1154497 0.6228458 0.1151072 0.6036948 0.1468029 0.6191484 0.1287955 0.6026243 0.1424421 0.6004855 0.1424421 0.6004855 0.1266061 0.5844297 0.1389064 0.5824808 0.1620176 0.6145188 0.1424421 0.6004855 0.1553743 0.5969306 0.1424421 0.6004855 0.1509049 0.5796563 0.1553743 0.5969306 0.04425048 0.8099225 0.06274586 0.7967894 0.06245094 0.810293 0.06274586 0.7967894 0.08102673 0.8125016 0.06245094 0.810293 0.08179622 0.796815 0.06175613 0.7830957 0.08090001 0.7810571 0.06274586 0.7967894 0.0436964 0.7849363 0.06175613 0.7830957 0.07847571 0.7655262 0.06175613 0.7830957 0.05989211 0.7695537 0.05989211 0.7695537 0.0436964 0.7849363 0.0420174 0.772751 0.03943026 0.7608582 0.05989211 0.7695537 0.0420174 0.772751 0.05989211 0.7695537 0.074144 0.7504591 0.07847571 0.7655262 0.3203208 0.7142332 0.2992997 0.7224653 0.3030299 0.7095327 0.3030299 0.7095327 0.280612 0.7179071 0.2855006 0.7026435 0.280612 0.7179071 0.2969983 0.7360308 0.2779345 0.7334577 0.2992997 0.7224653 0.315108 0.7384375 0.2969983 0.7360308 0.2768201 0.7492366 0.2969983 0.7360308 0.2959628 0.7497283 0.2969983 0.7360308 0.3139895 0.7507457 0.2959628 0.7497283 0.3138085 0.7629609 0.2959628 0.7497283 0.3139895 0.7507457 0.2961464 0.763061 0.2768201 0.7492366 0.2959628 0.7497283 0.02205312 0.6301974 0.008664429 0.6101101 0.02217698 0.6108151 0.008664429 0.6101101 0.02198755 0.5924814 0.02217698 0.6108151 0.02203583 0.647937 0.03781718 0.6292186 0.0396803 0.6467282 0.1327196 0.02174788 0.1303059 0.0275855 0.1258422 0.03205502 0.1258422 0.03205502 0.1200077 0.0344758 0.1327196 0.02174788 0.1200077 0.0344758 0.1136908 0.03447991 0.1327196 0.02174788 0.1136908 0.03447991 0.1078534 0.03206628 0.1033841 0.02760231 0.1033841 0.02760231 0.1009629 0.02176797 0.1009591 0.01545113 0.1009591 0.01545113 0.1033728 0.009613633 0.1199877 0.002719342 0.1033728 0.009613633 0.1078366 0.005144357 0.1199877 0.002719342 0.1078366 0.005144357 0.1136711 0.002723157 0.1199877 0.002719342 0.1199877 0.002719342 0.1258253 0.005132913 0.1302947 0.009596824 0.1302947 0.009596824 0.1327156 0.01543122 0.1199877 0.002719342 0.1327156 0.01543122 0.1327196 0.02174788 0.1199877 0.002719342 0.1136908 0.03447991 0.1033841 0.02760231 0.1327196 0.02174788 0.1199877 0.002719342 0.1033841 0.02760231 0.1009591 0.01545113 0.7315893 0.8809713 0.8066528 0.8074619 0.8817161 0.8809713 0.5293085 0.8108814 0.5026764 0.8138917 0.5036361 0.8078773 0.5308617 0.679043 0.5051174 0.6876193 0.5045306 0.6815927 0.531426 0.6853629 0.5056491 0.6936401 0.5051174 0.6876193 0.5319337 0.691676 0.5321692 0.6948335 0.5300525 0.698166 0.5334885 0.7233815 0.5073074 0.7300479 0.5072085 0.7239822 0.5335943 0.7297033 0.5074263 0.7361065 0.5073074 0.7300479 0.5336397 0.7360164 0.5074069 0.7421655 0.5074263 0.7361065 0.5336243 0.7423217 0.5074173 0.7482187 0.5074069 0.7421655 0.5335482 0.7486175 0.5073063 0.7542755 0.5074173 0.7482187 0.5334091 0.7549042 0.5071374 0.7602839 0.5073063 0.7542755 0.5332118 0.761175 0.5069736 0.7663021 0.5071374 0.7602839 0.5329557 0.7674326 0.5328078 0.7705597 0.5303302 0.7735767 0.5306565 0.79857 0.5043972 0.801943 0.5049664 0.7960332 0.5300081 0.8047313 0.5036361 0.8078773 0.5043972 0.801943 0.3274346 0.8054717 0.3318424 0.8097713 0.2944195 0.8102357 0.5302402 0.6727117 0.5045306 0.6815927 0.5038017 0.6755043 0.5333212 0.7170524 0.5072085 0.7239822 0.506962 0.7179237 0.2904762 0.8200275 0.3365587 0.8217965 0.3365215 0.8255088 0.2904455 0.8336501 0.3349549 0.835269 0.3333531 0.8387579 0.2897449 0.8261699 0.3365551 0.8286277 0.3357903 0.8316515 0.3349549 0.835269 0.2897449 0.8261699 0.3357903 0.8316515 0.2897117 0.8230514 0.3365215 0.8255088 0.3365551 0.8286277 0.2929134 0.8129209 0.3349872 0.8150652 0.3358206 0.8180288 0.2913115 0.8164101 0.3358206 0.8180288 0.3365587 0.8217965 0.5295643 0.6663703 0.5038017 0.6755043 0.5028212 0.6693151 0.2988318 0.8462072 0.2944242 0.8419077 0.2904455 0.8336501 0.5312498 0.7923913 0.5049664 0.7960332 0.5055071 0.7901404 0.5028212 0.6693151 0.4995083 0.6761325 0.4985418 0.6702405 0.5776164 0.3055847 0.5769257 0.2988915 0.5802638 0.3022282 0.5045306 0.6815927 0.4995083 0.6761325 0.5038017 0.6755043 0.5706404 0.2964338 0.5769257 0.2988915 0.5735445 0.3014652 0.5051174 0.6876193 0.5002856 0.682092 0.5045306 0.6815927 0.5691563 0.2908021 0.5745831 0.2948135 0.5706404 0.2964338 0.5051174 0.6876193 0.5013911 0.6939416 0.5009308 0.6880093 0.5691563 0.2908021 0.5733918 0.2855753 0.5733791 0.2902706 0.5072085 0.7239822 0.5027293 0.7180877 0.506962 0.7179237 0.5884381 0.265891 0.5844109 0.2713303 0.5827878 0.2673691 0.5073074 0.7300479 0.5028749 0.7241042 0.5072085 0.7239822 0.5942612 0.2659171 0.588971 0.2701309 0.5884381 0.265891 0.5074263 0.7361065 0.5030634 0.7301238 0.5073074 0.7300479 0.5998712 0.2674455 0.5936814 0.270139 0.5942612 0.2659171 0.5074069 0.7421655 0.5030916 0.7361423 0.5074263 0.7361065 0.604887 0.270372 0.5982201 0.271366 0.5998712 0.2674455 0.5074069 0.7421655 0.5030749 0.7481788 0.5031633 0.7421597 0.604887 0.270372 0.6055875 0.2770569 0.6022801 0.2737255 0.5074173 0.7482187 0.5030399 0.7542112 0.5030749 0.7481788 0.6089664 0.2744916 0.6079277 0.2811236 0.6055875 0.2770569 0.5073063 0.7542755 0.5029338 0.7601541 0.5030399 0.7542112 0.6118424 0.2795093 0.6091324 0.2856591 0.6079277 0.2811236 0.5071374 0.7602839 0.502658 0.7661237 0.5029338 0.7601541 0.6133441 0.2850999 0.6091253 0.290354 0.6091324 0.2856591 0.5049664 0.7960332 0.5013452 0.7898141 0.5055071 0.7901404 0.5941381 0.3099941 0.5981308 0.3045848 0.5997353 0.3085079 0.5049664 0.7960332 0.5001924 0.8014603 0.5008552 0.7956306 0.5941381 0.3099941 0.5888902 0.3057876 0.593589 0.3057755 0.5043972 0.801943 0.4995012 0.8072844 0.5001924 0.8014603 0.5883426 0.309992 0.5843505 0.3045798 0.5888902 0.3057876 0.5026764 0.8138917 0.4995012 0.8072844 0.5036361 0.8078773 0.5777224 0.3056501 0.5843505 0.3045798 0.5827422 0.3085094 0.5060552 0.6996995 0.5020423 0.7060272 0.5017491 0.6999433 0.5736118 0.2743957 0.574623 0.2810447 0.5707117 0.2794109 0.5059496 0.7842233 0.5021104 0.7780541 0.5063233 0.7782898 0.6089084 0.3015577 0.6022047 0.3022562 0.605538 0.2989494 0.5064225 0.7057873 0.5024206 0.7121025 0.5020423 0.7060272 0.5777255 0.2702835 0.5769841 0.2769822 0.5736118 0.2743957 0.5063233 0.7782898 0.5024137 0.772119 0.5066664 0.7723224 0.611824 0.2965264 0.605538 0.2989494 0.6079004 0.2948892 0.5067166 0.7118738 0.5027293 0.7180877 0.5024206 0.7121025 0.5827878 0.2673691 0.5803217 0.2736693 0.5777255 0.2702835 0.5066664 0.7723224 0.502658 0.7661237 0.5069736 0.7663021 0.6133496 0.2909162 0.6079004 0.2948892 0.6091253 0.290354 0.5056491 0.6936401 0.5017491 0.6999433 0.5013911 0.6939416 0.5691864 0.2849954 0.574623 0.2810447 0.5733918 0.2855753 0.5055071 0.7901404 0.5017594 0.7839497 0.5059496 0.7842233 0.5997353 0.3085079 0.6022047 0.3022562 0.6047683 0.3056449 0.5287106 0.659473 0.502045 0.6564292 0.5277501 0.6534146 0.5262148 0.5332773 0.5004882 0.5246378 0.5268471 0.527225 0.525708 0.5393003 0.4999248 0.5309655 0.5262148 0.5332773 0.5013043 0.54377 0.4991857 0.5404379 0.4994201 0.5372802 0.4980417 0.5626308 0.498151 0.5594678 0.500617 0.5563862 0.5239956 0.5755889 0.4978742 0.5689495 0.5241451 0.5695098 0.5239677 0.5816631 0.4977685 0.5752657 0.5239956 0.5755889 0.5239002 0.5877284 0.4977247 0.5815768 0.5239677 0.5816631 0.5239454 0.5937985 0.4977418 0.58788 0.5239002 0.5877284 0.5240318 0.5998181 0.4978229 0.5941736 0.5239454 0.5937985 0.524203 0.6057919 0.4979652 0.6004517 0.5240318 0.5998181 0.5244024 0.6117692 0.4981651 0.6067124 0.524203 0.6057919 0.5010411 0.6190957 0.4985683 0.6160824 0.4984214 0.6129603 0.5001119 0.6379212 0.49984 0.634823 0.5018767 0.6315224 0.5270327 0.6474936 0.5007052 0.644109 0.526404 0.6416077 0.5277501 0.6534146 0.5013519 0.6502756 0.5270327 0.6474936 0.9444912 0.9402848 0.9542625 0.9329641 0.9663855 0.9315103 0.5268471 0.527225 0.501111 0.5182963 0.527611 0.5211192 0.5241451 0.5695098 0.4980417 0.5626308 0.524362 0.5634787 0.9397854 0.9523141 0.9858667 0.9505046 0.9398259 0.9560266 0.9414011 0.9657852 0.985909 0.9641274 0.9430061 0.9692727 0.9397953 0.9591452 0.9866032 0.9566466 0.9405627 0.9621684 0.9405627 0.9621684 0.9866437 0.9603588 0.9414011 0.9657852 0.9398259 0.9560266 0.9866337 0.9535278 0.9397953 0.9591452 0.9405202 0.9485458 0.9819146 0.9407163 0.9834229 0.9434002 0.9397854 0.9523141 0.9834229 0.9434002 0.985028 0.9468879 0.527611 0.5211192 0.5017879 0.5119428 0.5285767 0.5148889 0.9488179 0.9763606 0.9445146 0.9719566 0.9430061 0.9692727 0.526404 0.6416077 0.5001119 0.6379212 0.5258876 0.6356911 0.5329357 0.5158265 0.527611 0.5211192 0.5285767 0.5148889 0.8810861 0.1532325 0.8818567 0.1599519 0.8777409 0.1558849 0.5319049 0.5217761 0.5268471 0.527225 0.527611 0.5211192 0.8818567 0.1599519 0.8884978 0.1589151 0.886888 0.1628394 0.5311132 0.5277433 0.5262148 0.5332773 0.5268471 0.527225 0.886888 0.1628394 0.8930279 0.1601271 0.8924792 0.1643243 0.5262148 0.5332773 0.5299043 0.5396239 0.525708 0.5393003 0.8930279 0.1601271 0.8982674 0.1643289 0.8924792 0.1643243 0.528568 0.5636376 0.5241451 0.5695098 0.524362 0.5634787 0.9158762 0.1507757 0.9131588 0.1446017 0.9173786 0.1451625 0.5241451 0.5695098 0.5283526 0.5756564 0.5239956 0.5755889 0.9131588 0.1446017 0.9173743 0.1393446 0.9173786 0.1451625 0.5239956 0.5755889 0.5282242 0.581696 0.5239677 0.5816631 0.9131466 0.1398984 0.9158608 0.1337164 0.9173743 0.1393446 0.5239677 0.5816631 0.5282559 0.5877323 0.5239002 0.5877284 0.9158608 0.1337164 0.9095634 0.1312715 0.9129434 0.1286799 0.5282559 0.5877323 0.5239454 0.5937985 0.5239002 0.5877284 0.9095634 0.1312715 0.9088366 0.1245565 0.9129434 0.1286799 0.5282289 0.5937837 0.5240318 0.5998181 0.5239454 0.5937985 0.9088366 0.1245565 0.9021703 0.1255877 0.903787 0.1216541 0.5282609 0.5997571 0.524203 0.6057919 0.5240318 0.5998181 0.903787 0.1216541 0.8976325 0.1243712 0.8981825 0.1201682 0.524203 0.6057919 0.5286436 0.6115564 0.5244024 0.6117692 0.8976325 0.1243712 0.8923915 0.1201661 0.8981825 0.1201682 0.5300741 0.6353726 0.526404 0.6416077 0.5258876 0.6356911 0.8747373 0.1337381 0.8774734 0.1399039 0.873261 0.1393608 0.526404 0.6416077 0.5311235 0.6470142 0.5270327 0.6474936 0.8774734 0.1399039 0.8732725 0.1451582 0.873261 0.1393608 0.5270327 0.6474936 0.5319038 0.6527715 0.5277501 0.6534146 0.8774862 0.1446033 0.8747823 0.1507674 0.8732725 0.1451582 0.5277501 0.6534146 0.5329323 0.6585408 0.5287106 0.659473 0.8747823 0.1507674 0.8810861 0.1532325 0.8776639 0.1557905 0.5295445 0.545573 0.5248941 0.5513861 0.5252705 0.5453236 0.9038808 0.1628246 0.9063013 0.156544 0.9088904 0.1599 0.5250706 0.6237913 0.5296654 0.6294801 0.5254517 0.6297512 0.8843417 0.1279508 0.8776457 0.128687 0.8817551 0.1245715 0.5248941 0.5513861 0.5288762 0.5576785 0.5245999 0.5574516 0.9063013 0.156544 0.9129754 0.1558007 0.9088904 0.1599 0.529014 0.6175476 0.5250706 0.6237913 0.5246902 0.6177896 0.8867858 0.1216652 0.8843417 0.1279508 0.8817551 0.1245715 0.5288762 0.5576785 0.524362 0.5634787 0.5245999 0.5574516 0.9129754 0.1558007 0.9119507 0.1491433 0.9158762 0.1507757 0.5244024 0.6117692 0.529014 0.6175476 0.5246902 0.6177896 0.8929373 0.1243751 0.8867858 0.1216652 0.8923915 0.1201661 0.525708 0.5393003 0.5295445 0.545573 0.5252705 0.5453236 0.8977183 0.16012 0.9038808 0.1628246 0.8982674 0.1643289 0.5296654 0.6294801 0.5258876 0.6356911 0.5254517 0.6297512 0.8776457 0.128687 0.8786821 0.1353635 0.8747373 0.1337381 0.524362 0.5634787 0.500617 0.5563862 0.5245999 0.5574516 0.5284811 0.7077471 0.5064225 0.7057873 0.5278177 0.7046226 0.5060552 0.6996995 0.5300525 0.698166 0.5281378 0.7014446 0.5280639 0.7765673 0.5063233 0.7782898 0.5066664 0.7723224 0.5284811 0.7077471 0.5307418 0.7107993 0.5067166 0.7118738 0.5069736 0.7663021 0.5303302 0.7735767 0.5066664 0.7723224 0.5307418 0.7107993 0.5332113 0.713885 0.5333212 0.7170524 0.5258876 0.6356911 0.5018767 0.6315224 0.5254517 0.6297512 0.5276512 0.7827605 0.5063233 0.7782898 0.527376 0.7796351 0.5066664 0.7723224 0.5303302 0.7735767 0.5280639 0.7765673 0.5294898 0.7859997 0.5055071 0.7901404 0.5059496 0.7842233 0.5276512 0.7827605 0.5294898 0.7859997 0.5059496 0.7842233 0.5244024 0.6117692 0.5010411 0.6190957 0.4984214 0.6129603 0.5294898 0.7859997 0.5315225 0.7892969 0.5312498 0.7923913 0.3318424 0.8097713 0.3349872 0.8150652 0.2944195 0.8102357 0.2944195 0.8102357 0.298719 0.8058282 0.3160973 0.8009396 0.298719 0.8058282 0.3040127 0.8026836 0.3160973 0.8009396 0.3040127 0.8026836 0.3099404 0.8010162 0.3160973 0.8009396 0.3160973 0.8009396 0.3220642 0.8024594 0.2944195 0.8102357 0.3220642 0.8024594 0.3274346 0.8054717 0.2944195 0.8102357 0.2944242 0.8419077 0.2912794 0.8366139 0.2904455 0.8336501 0.2904455 0.8336501 0.3333531 0.8387579 0.3101692 0.8507393 0.3333531 0.8387579 0.331847 0.8414433 0.3275474 0.8458508 0.3222535 0.8489955 0.3333531 0.8387579 0.3275474 0.8458508 0.3222535 0.8489955 0.3163259 0.850663 0.3333531 0.8387579 0.3163259 0.850663 0.3101692 0.8507393 0.3333531 0.8387579 0.3101692 0.8507393 0.3042021 0.8492196 0.2904455 0.8336501 0.3042021 0.8492196 0.2988318 0.8462072 0.2904455 0.8336501 0.574623 0.2810447 0.5769841 0.2769822 0.5803217 0.2736693 0.5803217 0.2736693 0.5844109 0.2713303 0.588971 0.2701309 0.588971 0.2701309 0.5936814 0.270139 0.6055875 0.2770569 0.5936814 0.270139 0.5982201 0.271366 0.6055875 0.2770569 0.5982201 0.271366 0.6022801 0.2737255 0.6055875 0.2770569 0.6055875 0.2770569 0.6079277 0.2811236 0.6091324 0.2856591 0.6091324 0.2856591 0.6091253 0.290354 0.6079004 0.2948892 0.6079004 0.2948892 0.605538 0.2989494 0.6022047 0.3022562 0.6022047 0.3022562 0.5981308 0.3045848 0.593589 0.3057755 0.593589 0.3057755 0.5888902 0.3057876 0.5769257 0.2988915 0.5888902 0.3057876 0.5843505 0.3045798 0.5769257 0.2988915 0.5843505 0.3045798 0.5802638 0.3022282 0.5769257 0.2988915 0.5769257 0.2988915 0.5745831 0.2948135 0.5733791 0.2902706 0.5733791 0.2902706 0.5733918 0.2855753 0.574623 0.2810447 0.574623 0.2810447 0.5803217 0.2736693 0.588971 0.2701309 0.6055875 0.2770569 0.6091324 0.2856591 0.593589 0.3057755 0.6091324 0.2856591 0.6079004 0.2948892 0.593589 0.3057755 0.6079004 0.2948892 0.6022047 0.3022562 0.593589 0.3057755 0.5769257 0.2988915 0.5733791 0.2902706 0.574623 0.2810447 0.9096077 0.1532157 0.8976325 0.1243712 0.9119127 0.1353551 0.593589 0.3057755 0.5769257 0.2988915 0.574623 0.2810447 0.6055875 0.2770569 0.574623 0.2810447 0.588971 0.2701309 0.5013043 0.54377 0.5252705 0.5453236 0.5032162 0.5470464 0.5281378 0.7014446 0.5064225 0.7057873 0.5060552 0.6996995 0.503719 0.628279 0.5250706 0.6237913 0.5254517 0.6297512 0.5245999 0.5574516 0.500617 0.5563862 0.502873 0.5533384 0.525708 0.5393003 0.5013043 0.54377 0.4994201 0.5372802 0.5307418 0.7107993 0.506962 0.7179237 0.5067166 0.7118738 0.5010411 0.6190957 0.5246902 0.6177896 0.503306 0.6220802 0.5032162 0.5470464 0.5248941 0.5513861 0.503535 0.5502194 0.503306 0.6220802 0.5250706 0.6237913 0.5039958 0.6251497 0.5254517 0.6297512 0.5018767 0.6315224 0.503719 0.628279 0.5056491 0.6936401 0.5300525 0.698166 0.5060552 0.6996995 0.9819146 0.9407163 0.9413512 0.9455814 0.9444912 0.9402848 0.9444912 0.9402848 0.9488951 0.9359813 0.9542625 0.9329641 0.9542625 0.9329641 0.9602283 0.9314391 0.9663855 0.9315103 0.9663855 0.9315103 0.9723144 0.9331722 0.9776111 0.9363126 0.9776111 0.9363126 0.9819146 0.9407163 0.9663855 0.9315103 0.9819146 0.9407163 0.9444912 0.9402848 0.9663855 0.9315103 0.985909 0.9641274 0.9850778 0.9670914 0.9819379 0.9723882 0.9819379 0.9723882 0.9775339 0.9766917 0.985909 0.9641274 0.9775339 0.9766917 0.9721663 0.9797086 0.985909 0.9641274 0.9721663 0.9797086 0.9662006 0.9812336 0.985909 0.9641274 0.9662006 0.9812336 0.9600436 0.9811627 0.9430061 0.9692727 0.985909 0.9641274 0.9662006 0.9812336 0.9430061 0.9692727 0.9600436 0.9811627 0.9541148 0.9795007 0.9430061 0.9692727 0.9541148 0.9795007 0.9488179 0.9763606 0.9430061 0.9692727 0.9096077 0.1532157 0.9063013 0.156544 0.9022461 0.1588972 0.9022461 0.1588972 0.8977183 0.16012 0.9096077 0.1532157 0.8977183 0.16012 0.8930279 0.1601271 0.9096077 0.1532157 0.8930279 0.1601271 0.8884978 0.1589151 0.8844342 0.1565672 0.8844342 0.1565672 0.8810861 0.1532325 0.8787189 0.1491398 0.8787189 0.1491398 0.8774862 0.1446033 0.8774734 0.1399039 0.8774734 0.1399039 0.8786821 0.1353635 0.8787189 0.1491398 0.8786821 0.1353635 0.8810268 0.1312832 0.8787189 0.1491398 0.8810268 0.1312832 0.8843417 0.1279508 0.888405 0.1255948 0.888405 0.1255948 0.8929373 0.1243751 0.8810268 0.1312832 0.8929373 0.1243751 0.8976325 0.1243712 0.8810268 0.1312832 0.8976325 0.1243712 0.9021703 0.1255877 0.9062381 0.1279414 0.9062381 0.1279414 0.9095634 0.1312715 0.9119127 0.1353551 0.9119127 0.1353551 0.9131466 0.1398984 0.9131588 0.1446017 0.9131588 0.1446017 0.9119507 0.1491433 0.9119127 0.1353551 0.9119507 0.1491433 0.9096077 0.1532157 0.9119127 0.1353551 0.8930279 0.1601271 0.8844342 0.1565672 0.9096077 0.1532157 0.8844342 0.1565672 0.8787189 0.1491398 0.9096077 0.1532157 0.8976325 0.1243712 0.9062381 0.1279414 0.9119127 0.1353551 0.8787189 0.1491398 0.8810268 0.1312832 0.8976325 0.1243712 0.502873 0.5533384 0.5248941 0.5513861 0.5245999 0.5574516 0.486827 0.9361628 0.5238215 0.9101959 0.5176177 0.9440781 0.5176177 0.9440781 0.5538331 0.9140011 0.5486095 0.9502344 0.3417451 0.8738818 0.3140962 0.8588356 0.3441054 0.8682021 0.5486095 0.9502344 0.5841146 0.9168602 0.579888 0.9550378 0.3417451 0.8738818 0.3741216 0.8772329 0.369682 0.8885304 0.6115454 0.9583808 0.5841146 0.9168602 0.6149662 0.919168 0.369682 0.8885304 0.4041251 0.8856279 0.3981188 0.9023678 0.3981188 0.9023678 0.4341055 0.8932009 0.4271506 0.9150325 0.4271506 0.9150325 0.4639967 0.8998799 0.4567051 0.9262527 0.486827 0.9361628 0.4639967 0.8998799 0.4938967 0.9054555 0.6149662 0.919168 0.586438 0.8795117 0.6169549 0.8803467 0.4041251 0.8856279 0.3764059 0.8654106 0.407169 0.8683744 0.4041251 0.8856279 0.437592 0.871066 0.4341055 0.8932009 0.4639967 0.8998799 0.437592 0.871066 0.4676756 0.8733959 0.4938967 0.9054555 0.4676756 0.8733959 0.4974573 0.8753576 0.4938967 0.9054555 0.5270298 0.8770065 0.5238215 0.9101959 0.5238215 0.9101959 0.5565838 0.8785034 0.5538331 0.9140011 0.3441054 0.8682021 0.3140962 0.8588356 0.3453322 0.8621931 0.5841146 0.9168602 0.5565838 0.8785034 0.586438 0.8795117 0.3441054 0.8682021 0.3764059 0.8654106 0.3741216 0.8772329 0.4676756 0.8733959 0.4976241 0.8453555 0.4974573 0.8753576 0.5270298 0.8770065 0.4976241 0.8453555 0.5272272 0.8441015 0.5270298 0.8770065 0.5568349 0.8432775 0.5565838 0.8785034 0.3453322 0.8621931 0.3140962 0.8588356 0.3453908 0.8560671 0.586438 0.8795117 0.5568349 0.8432775 0.5866488 0.8424367 0.3764059 0.8654106 0.3453908 0.8560671 0.3765016 0.8534078 0.6169549 0.8803467 0.5866488 0.8424367 0.6170589 0.8417153 0.3764059 0.8654106 0.4073137 0.8509344 0.407169 0.8683744 0.407169 0.8683744 0.4377558 0.8487704 0.437592 0.871066 0.4676756 0.8733959 0.4377558 0.8487704 0.4678527 0.8469396 0.5866488 0.8424367 0.5546452 0.807817 0.5848327 0.8052474 0.3765016 0.8534078 0.3442757 0.8500388 0.3744216 0.8415572 0.6170589 0.8417153 0.5848327 0.8052474 0.6153657 0.80323 0.4073137 0.8509344 0.3744216 0.8415572 0.4045329 0.8336596 0.4073137 0.8509344 0.4345724 0.8265385 0.4377558 0.8487704 0.4678527 0.8469396 0.4345724 0.8265385 0.4646171 0.8203801 0.4678527 0.8469396 0.4946492 0.8151693 0.4976241 0.8453555 0.5272272 0.8441015 0.4946492 0.8151693 0.5246143 0.8109617 0.5272272 0.8441015 0.5546452 0.807817 0.5568349 0.8432775 0.3453908 0.8560671 0.3140962 0.8588356 0.3442757 0.8500388 0.4646171 0.8203801 0.4278686 0.8045717 0.4576944 0.7935614 0.4946492 0.8151693 0.4576944 0.7935614 0.488226 0.7844751 0.5246143 0.8109617 0.488226 0.7844751 0.5189774 0.7771862 0.5246143 0.8109617 0.5500069 0.7713149 0.5546452 0.807817 0.3442757 0.8500388 0.3140962 0.8588356 0.3420246 0.8443232 0.5848327 0.8052474 0.5500069 0.7713149 0.5813065 0.7673228 0.3442757 0.8500388 0.3701826 0.8302108 0.3744216 0.8415572 0.6153657 0.80323 0.5813065 0.7673228 0.6124969 0.764617 0.3744216 0.8415572 0.3987631 0.8168684 0.4045329 0.8336596 0.4345724 0.8265385 0.3987631 0.8168684 0.4278686 0.8045717 0.5208169 0.4648857 0.5405875 0.4403898 0.5259827 0.4682155 0.4038751 0.6898369 0.4485814 0.6687838 0.4419322 0.6988768 0.5014703 0.4898208 0.5259827 0.4682155 0.5118234 0.4961507 0.3965435 0.7215107 0.4419322 0.6988768 0.4359087 0.7297533 0.5014703 0.4898208 0.4984681 0.524289 0.4829351 0.5155267 0.4829351 0.5155267 0.4861532 0.5526258 0.465492 0.5422089 0.465492 0.5422089 0.4749533 0.5812309 0.4498183 0.5700694 0.4355968 0.5986346 0.4749533 0.5812309 0.4650583 0.6100661 0.4230492 0.6283029 0.4650583 0.6100661 0.4563449 0.6392606 0.4230492 0.6283029 0.4485814 0.6687838 0.4127399 0.658823 0.4861532 0.5526258 0.5005357 0.5887248 0.4749533 0.5812309 0.4650583 0.6100661 0.5005357 0.5887248 0.4944065 0.6177567 0.4563449 0.6392606 0.4944065 0.6177567 0.4888901 0.646784 0.4563449 0.6392606 0.4837042 0.6759645 0.4485814 0.6687838 0.5259827 0.4682155 0.5405875 0.4403898 0.5316717 0.4704889 0.4419322 0.6988768 0.4837042 0.6759645 0.4791632 0.7056721 0.5259827 0.4682155 0.5230479 0.5004352 0.5118234 0.4961507 0.4359087 0.7297533 0.4791632 0.7056721 0.4748666 0.7362638 0.5118234 0.4961507 0.5149179 0.5301359 0.4984681 0.524289 0.4984681 0.524289 0.5074514 0.5595566 0.4861532 0.5526258 0.4888901 0.646784 0.5185721 0.6803833 0.4837042 0.6759645 0.5316717 0.4704889 0.5405875 0.4403898 0.537677 0.4716368 0.4791632 0.7056721 0.5185721 0.6803833 0.5161381 0.7100234 0.5316717 0.4704889 0.5347945 0.5026141 0.5230479 0.5004352 0.4748666 0.7362638 0.5161381 0.7100234 0.5137021 0.7405294 0.5230479 0.5004352 0.5319597 0.5331363 0.5149179 0.5301359 0.5074514 0.5595566 0.5319597 0.5331363 0.5292027 0.5632014 0.5074514 0.5595566 0.5264361 0.5927767 0.5005357 0.5887248 0.4944065 0.6177567 0.5264361 0.5927767 0.5238213 0.6220773 0.4888901 0.646784 0.5238213 0.6220773 0.5212551 0.6511917 0.5292027 0.5632014 0.549269 0.5333134 0.5512403 0.5635772 0.5292027 0.5632014 0.5526024 0.5934482 0.5264361 0.5927767 0.5238213 0.6220773 0.5526024 0.5934482 0.5534996 0.6230441 0.5212551 0.6511917 0.5534996 0.6230441 0.5538784 0.6525411 0.5212551 0.6511917 0.5535994 0.6821022 0.5185721 0.6803833 0.537677 0.4716368 0.5405875 0.4403898 0.5437913 0.4716224 0.5161381 0.7100234 0.5535994 0.6821022 0.5531696 0.7119573 0.5347945 0.5026141 0.5437913 0.4716224 0.5467404 0.502647 0.5137021 0.7405294 0.5531696 0.7119573 0.5524902 0.7425099 0.5319597 0.5331363 0.5467404 0.502647 0.549269 0.5333134 0.5538784 0.6525411 0.5891895 0.681262 0.5535994 0.6821022 0.5437913 0.4716224 0.5405875 0.4403898 0.5498027 0.470437 0.5531696 0.7119573 0.5891895 0.681262 0.5905743 0.7117062 0.5437913 0.4716224 0.5585557 0.5005066 0.5467404 0.502647 0.5524902 0.7425099 0.5905743 0.7117062 0.5912949 0.7425189 0.5467404 0.502647 0.5664869 0.5306103 0.549269 0.5333134 0.549269 0.5333134 0.5734163 0.5606445 0.5512403 0.5635772 0.5526024 0.5934482 0.5734163 0.5606445 0.5791522 0.5906969 0.5534996 0.6230441 0.5791522 0.5906969 0.5836235 0.6208493 0.5538784 0.6525411 0.5836235 0.6208493 0.5870606 0.6509925 0.5664869 0.5306103 0.5953267 0.5542491 0.5734163 0.5606445 0.5734163 0.5606445 0.6059342 0.5841926 0.5791522 0.5906969 0.5836235 0.6208493 0.6059342 0.5841926 0.6147854 0.6149998 0.5870606 0.6509925 0.6147854 0.6149998 0.6212751 0.6463534 0.5870606 0.6509925 0.6261586 0.6779252 0.5891895 0.681262 0.5498027 0.470437 0.5405875 0.4403898 0.5554952 0.4681154 0.5905743 0.7117062 0.6261586 0.6779252 0.628933 0.7097012 0.5498027 0.470437 0.5699318 0.4961924 0.5585557 0.5005066 0.5912949 0.7425189 0.628933 0.7097012 0.6303321 0.7412784 0.5585557 0.5005066 0.5833303 0.5249243 0.5664869 0.5306103 0.8134611 0.4127339 0.8522028 0.3891943 0.8475295 0.4191224 0.8134611 0.4127339 0.8436192 0.4491547 0.8072705 0.4438683 0.8839088 0.2373061 0.8988894 0.2096868 0.8895788 0.2396551 0.8072705 0.4438683 0.8407048 0.4794713 0.8024502 0.4752105 0.869338 0.2651879 0.8895788 0.2396551 0.8805806 0.269609 0.7990928 0.506922 0.8407048 0.4794713 0.8383709 0.510364 0.8555037 0.2934902 0.8805806 0.269609 0.8721892 0.2995426 0.8555037 0.2934902 0.864593 0.3294527 0.8426946 0.3224205 0.8426946 0.3224205 0.8578618 0.3593437 0.8315171 0.3520572 0.821697 0.3820546 0.8578618 0.3593437 0.8522028 0.3891943 0.8383709 0.510364 0.8780778 0.4818268 0.8772339 0.5123675 0.8805806 0.269609 0.8894019 0.3026012 0.8721892 0.2995426 0.864593 0.3294527 0.8894019 0.3026012 0.8867338 0.3330026 0.8578618 0.3593437 0.8867338 0.3330026 0.8843042 0.3630135 0.8522028 0.3891943 0.8843042 0.3630135 0.8823087 0.3927778 0.8475295 0.4191224 0.8823087 0.3927778 0.8806919 0.4223513 0.8475295 0.4191224 0.8791692 0.4519747 0.8436192 0.4491547 0.8895788 0.2396551 0.8988894 0.2096868 0.8955773 0.2408736 0.8436192 0.4491547 0.8780778 0.4818268 0.8407048 0.4794713 0.8895788 0.2396551 0.8923804 0.2718877 0.8805806 0.269609 0.8823087 0.3927778 0.9107871 0.3632254 0.9123144 0.3930013 0.8806919 0.4223513 0.9123144 0.3930013 0.9135949 0.4226026 0.8806919 0.4223513 0.9144037 0.4521666 0.8791692 0.4519747 0.8955773 0.2408736 0.8988894 0.2096868 0.9016929 0.2409222 0.8780778 0.4818268 0.9144037 0.4521666 0.9151725 0.4820374 0.8923804 0.2718877 0.9016929 0.2409222 0.9043683 0.2719854 0.8772339 0.5123675 0.9151725 0.4820374 0.9158958 0.5124753 0.8894019 0.3026012 0.9043683 0.2719854 0.9068211 0.3027704 0.8894019 0.3026012 0.9089628 0.3331827 0.8867338 0.3330026 0.8867338 0.3330026 0.9107871 0.3632254 0.8843042 0.3630135 0.9016929 0.2409222 0.9162066 0.2699034 0.9043683 0.2719854 0.9158958 0.5124753 0.9524059 0.4802268 0.9544145 0.5108032 0.9043683 0.2719854 0.9241089 0.299993 0.9068211 0.3027704 0.9068211 0.3027704 0.9312255 0.3300234 0.9089628 0.3331827 0.9089628 0.3331827 0.9372854 0.360069 0.9107871 0.3632254 0.9123144 0.3930013 0.9372854 0.360069 0.9424791 0.390045 0.9135949 0.4226026 0.9424791 0.390045 0.9466971 0.4199887 0.9135949 0.4226026 0.949845 0.4500123 0.9144037 0.4521666 0.9016929 0.2409222 0.8988894 0.2096868 0.9077115 0.2398042 0.9151725 0.4820374 0.949845 0.4500123 0.9524059 0.4802268 0.9424791 0.390045 0.9640389 0.3531741 0.9731256 0.3836203 0.9424791 0.390045 0.9804484 0.4143305 0.9466971 0.4199887 0.9466971 0.4199887 0.9863542 0.4453618 0.949845 0.4500123 0.9077115 0.2398042 0.8988894 0.2096868 0.913416 0.2375466 0.9524059 0.4802268 0.9863542 0.4453618 0.9903694 0.476684 0.9162066 0.2699034 0.913416 0.2375466 0.9275706 0.265649 0.9544145 0.5108032 0.9903694 0.476684 0.9931026 0.5079098 0.9241089 0.299993 0.9275706 0.265649 0.9409091 0.2942633 0.9241089 0.299993 0.9530813 0.3234155 0.9312255 0.3300234 0.9312255 0.3300234 0.9640389 0.3531741 0.9372854 0.360069 0.6764575 0.3598855 0.6385683 0.3906266 0.6375581 0.3599472 0.6704348 0.5679278 0.6576043 0.5993137 0.6531566 0.5688501 0.6713212 0.5377813 0.6531566 0.5688501 0.6493099 0.5387478 0.6721716 0.5081078 0.6493099 0.5387478 0.645981 0.5090023 0.6729916 0.4787457 0.645981 0.5090023 0.6433214 0.4794777 0.673873 0.44955 0.6433214 0.4794777 0.6412616 0.4500603 0.6747763 0.4202012 0.6412616 0.4500603 0.6396856 0.4205443 0.6686078 0.6297059 0.6676682 0.6610998 0.6625022 0.6301103 0.6756672 0.3905016 0.6396856 0.4205443 0.6385683 0.3906266 0.6695352 0.5985825 0.6625022 0.6301103 0.6576043 0.5993137 0.645981 0.5090023 0.6273247 0.5430734 0.6197935 0.5133404 0.645981 0.5090023 0.6133181 0.4836152 0.6433214 0.4794777 0.6433214 0.4794777 0.6081752 0.4537267 0.6412616 0.4500603 0.6412616 0.4500603 0.6040948 0.4235998 0.6396856 0.4205443 0.6625022 0.6301103 0.6676682 0.6610998 0.6565727 0.6316684 0.6396856 0.4205443 0.6009945 0.3930698 0.6385683 0.3906266 0.6576043 0.5993137 0.6565727 0.6316684 0.6459379 0.6021931 0.6375581 0.3599472 0.6009945 0.3930698 0.5984398 0.3620812 0.6576043 0.5993137 0.6360915 0.5726622 0.6531566 0.5688501 0.6531566 0.5688501 0.6273247 0.5430734 0.6493099 0.5387478 0.6081752 0.4537267 0.5673392 0.4293381 0.6040948 0.4235998 0.6565727 0.6316684 0.6676682 0.6610998 0.651034 0.6343442 0.6009945 0.3930698 0.5673392 0.4293381 0.5622648 0.3975248 0.6565727 0.6316684 0.6348582 0.6072172 0.6459379 0.6021931 0.5984398 0.3620812 0.5622648 0.3975248 0.5589804 0.3656091 0.6360915 0.5726622 0.6348582 0.6072172 0.6196919 0.5793958 0.6360915 0.5726622 0.6057128 0.5509001 0.6273247 0.5430734 0.6273247 0.5430734 0.5932573 0.5214617 0.6197935 0.5133404 0.6133181 0.4836152 0.5932573 0.5214617 0.5829536 0.4912371 0.6081752 0.4537267 0.5829536 0.4912371 0.5742365 0.460619 0.8853633 0.2063891 0.8557398 0.2296025 0.863334 0.199459 0.8853633 0.2063891 0.8698791 0.169335 0.8965587 0.1764947 0.9060537 0.14613 0.8698791 0.169335 0.8753972 0.1393557 0.9137826 0.1153699 0.8753972 0.1393557 0.8798999 0.1093826 0.9137826 0.1153699 0.8835017 0.07942944 0.9197724 0.08437353 0.8439862 0.292243 0.828916 0.320029 0.8382821 0.2898793 0.9197724 0.08437353 0.8863293 0.04925894 0.9241833 0.05323052 0.8586532 0.2642025 0.8382821 0.2898793 0.8473301 0.2597446 0.9274142 0.0218172 0.8863293 0.04925894 0.8884633 0.01858007 0.8586532 0.2642025 0.8557398 0.2296025 0.8726317 0.2356761 0.8798999 0.1093826 0.8481283 0.07681566 0.8835017 0.07942944 0.8382821 0.2898793 0.828916 0.320029 0.832247 0.288656 0.8863293 0.04925894 0.8481283 0.07681566 0.8491091 0.04707127 0.8473301 0.2597446 0.832247 0.288656 0.8354499 0.2574599 0.8884633 0.01858007 0.8491091 0.04707127 0.8498502 0.01669752 0.8557398 0.2296025 0.8354499 0.2574599 0.8384025 0.2265384 0.8557398 0.2296025 0.8410205 0.1959673 0.863334 0.199459 0.863334 0.199459 0.8433451 0.1657993 0.8698791 0.169335 0.8753972 0.1393557 0.8433451 0.1657993 0.8451562 0.13598 0.8753972 0.1393557 0.8467797 0.1063916 0.8798999 0.1093826 0.8410205 0.1959673 0.8208967 0.2264168 0.8186689 0.1958476 0.8433451 0.1657993 0.8186689 0.1958476 0.8168141 0.1656712 0.8451562 0.13598 0.8168141 0.1656712 0.8151473 0.1358441 0.8467797 0.1063916 0.8151473 0.1358441 0.8138569 0.1062728 0.8467797 0.1063916 0.8129802 0.07673448 0.8481283 0.07681566 0.832247 0.288656 0.828916 0.320029 0.8260952 0.2886047 0.8491091 0.04707127 0.8129802 0.07673448 0.8121701 0.04694885 0.832247 0.288656 0.8233875 0.2573626 0.8354499 0.2574599 0.8498502 0.01669752 0.8121701 0.04694885 0.8114503 0.01662409 0.8354499 0.2574599 0.8208967 0.2264168 0.8384025 0.2265384 0.8138569 0.1062728 0.7849623 0.1388744 0.7807389 0.1089187 0.8138569 0.1062728 0.7775869 0.0789231 0.8129802 0.07673448 0.8260952 0.2886047 0.828916 0.320029 0.8200425 0.289732 0.8121701 0.04694885 0.7775869 0.0789231 0.7750327 0.04877066 0.8233875 0.2573626 0.8200425 0.289732 0.8114872 0.259455 0.8114503 0.01662409 0.7750327 0.04877066 0.7730474 0.01829308 0.8233875 0.2573626 0.8035448 0.2292307 0.8208967 0.2264168 0.8186689 0.1958476 0.8035448 0.2292307 0.7963493 0.1990576 0.8168141 0.1656712 0.7963493 0.1990576 0.7902004 0.168944 0.8151473 0.1358441 0.7902004 0.168944 0.7849623 0.1388744 0.8114872 0.259455 0.7866258 0.2350385 0.8035448 0.2292307 0.8035448 0.2292307 0.7743914 0.2057182 0.7963493 0.1990576 0.7963493 0.1990576 0.7633733 0.1758742 0.7902004 0.168944 0.7902004 0.168944 0.7542636 0.145318 0.7849623 0.1388744 0.7807389 0.1089187 0.7542636 0.145318 0.7469753 0.1145619 0.7807389 0.1089187 0.7411112 0.08355277 0.7775869 0.0789231 0.8200425 0.289732 0.828916 0.320029 0.8143011 0.2920014 0.7750327 0.04877066 0.7411112 0.08355277 0.737134 0.05227524 0.8114872 0.259455 0.8143011 0.2920014 0.8001062 0.2637234 0.7730474 0.01829308 0.737134 0.05227524 0.7344463 0.02111119 0.1537769 0.7570949 0.1873471 0.7926092 0.149043 0.7884665 0.2151175 0.5782181 0.2353597 0.5526539 0.2264296 0.5826333 0.1457683 0.820221 0.1873471 0.7926092 0.1851572 0.823518 0.2151175 0.5782181 0.2181191 0.6126365 0.2013743 0.6066884 0.1888307 0.6357395 0.2181191 0.6126365 0.210647 0.6425994 0.1888307 0.6357395 0.2040712 0.672478 0.1777692 0.6652927 0.1680358 0.6952713 0.2040712 0.672478 0.1985242 0.702314 0.1598824 0.7259519 0.1985242 0.702314 0.1939503 0.7322354 0.1598824 0.7259519 0.1901416 0.7622699 0.1537769 0.7570949 0.229688 0.5503127 0.244621 0.5226758 0.2353597 0.5526539 0.210647 0.6425994 0.2304928 0.676041 0.2040712 0.672478 0.1985242 0.702314 0.2304928 0.676041 0.228615 0.7057938 0.9726877 0.7383989 0.6408304 0.7077673 0.9726877 0.7077672 0.1939503 0.7322354 0.228615 0.7057938 0.2271023 0.7353556 0.6620444 0.00501728 0.6926766 0.3368744 0.6620445 0.3368744 0.1939503 0.7322354 0.2256643 0.7649461 0.1901416 0.7622699 0.2353597 0.5526539 0.244621 0.5226758 0.241361 0.5538617 0.4169884 0.005017518 0.4054627 0.3368746 0.4054625 0.005017399 0.1873471 0.7926092 0.2256643 0.7649461 0.224726 0.7948307 0.2353597 0.5526539 0.2382388 0.5848808 0.2264296 0.5826333 0.4782524 0.005017399 0.4476205 0.3368745 0.4476203 0.00501734 0.1851572 0.823518 0.224726 0.7948307 0.2239785 0.8253785 0.2264296 0.5826333 0.2353652 0.6156255 0.2181191 0.6126365 0.9726878 0.922191 0.6408306 0.9528232 0.6408306 0.9221912 0.2181191 0.6126365 0.2327854 0.6460129 0.210647 0.6425994 0.972688 0.9949808 0.6408307 0.9834551 0.9726879 0.9834549 0.241361 0.5538617 0.244621 0.5226758 0.2474758 0.5538991 0.5088844 0.005017399 0.4782524 0.3368745 0.4782524 0.005017399 0.224726 0.7948307 0.2608894 0.7651177 0.2617965 0.794946 0.2382388 0.5848808 0.2474758 0.5538991 0.2502235 0.5849542 0.9726878 0.8302951 0.6408305 0.8609271 0.6408306 0.8302951 0.2239785 0.8253785 0.2617965 0.794946 0.2625574 0.8253756 0.2353652 0.6156255 0.2502235 0.5849542 0.2527796 0.6157029 0.9726878 0.8302951 0.6408306 0.7996631 0.9726877 0.799663 0.5701484 0.005017399 0.6007805 0.3368744 0.5701486 0.3368744 0.2353652 0.6156255 0.2550387 0.6461036 0.2327854 0.6460129 0.9726878 0.922191 0.6408306 0.8915591 0.972688 0.891559 0.6926764 0.00501734 0.7233085 0.3368744 0.6926766 0.3368744 0.2327854 0.6460129 0.2569456 0.676157 0.2304928 0.676041 0.5395163 0.005017399 0.5088845 0.3368745 0.5088844 0.005017399 0.228615 0.7057938 0.2569456 0.676157 0.2586122 0.705913 0.9726878 0.860927 0.6408306 0.8915591 0.6408305 0.8609271 0.2271023 0.7353556 0.2586122 0.705913 0.2599971 0.7355195 0.9726877 0.6771351 0.6408304 0.7077673 0.6408305 0.6771352 0.2271023 0.7353556 0.2608894 0.7651177 0.2256643 0.7649461 0.5912949 0.7425189 0.5521982 0.7542933 0.5524902 0.7425099 0.5395163 0.005017399 0.5701486 0.3368744 0.5395166 0.3368744 0.2550387 0.6461036 0.2834796 0.6728416 0.2569456 0.676157 0.6007804 0.005017399 0.6314125 0.3368744 0.6007805 0.3368744 0.2586122 0.705913 0.2834796 0.6728416 0.2887933 0.7028354 0.9726877 0.7383989 0.6408307 0.7690311 0.6408306 0.7383992 0.2599971 0.7355195 0.2887933 0.7028354 0.2931182 0.7327888 0.6314123 0.005017399 0.6620445 0.3368744 0.6314125 0.3368744 0.2599971 0.7355195 0.2963678 0.7628236 0.2608894 0.7651177 0.2474758 0.5538991 0.244621 0.5226758 0.2534902 0.5527686 0.4476203 0.00501734 0.4169884 0.3368745 0.4169884 0.005017518 0.2608894 0.7651177 0.2990319 0.7930357 0.2617965 0.794946 0.2502235 0.5849542 0.2534902 0.5527686 0.2620475 0.5828409 0.5589804 0.3656091 0.5975884 0.3501608 0.5984398 0.3620812 0.2625574 0.8253756 0.2990319 0.7930357 0.3011296 0.8236138 0.2527796 0.6157029 0.2620475 0.5828409 0.2700221 0.6128752 0.3011296 0.8236138 0.2628141 0.837079 0.2625574 0.8253756 0.972688 0.9528229 0.6408307 0.9834551 0.6408306 0.9528232 0.2527796 0.6157029 0.2772297 0.6428515 0.2550387 0.6461036 0.1851572 0.823518 0.1447912 0.8321661 0.1457683 0.820221 0.2931182 0.7327888 0.3328956 0.7580457 0.2963678 0.7628236 0.2534902 0.5527686 0.244621 0.5226758 0.2591887 0.5505048 0.5524902 0.7425099 0.5127694 0.7523364 0.5137021 0.7405294 0.2990319 0.7930357 0.3328956 0.7580457 0.3370217 0.7893761 0.2534902 0.5527686 0.2733615 0.5785743 0.2620475 0.5828409 0.9544145 0.5108032 0.9939674 0.519634 0.9550958 0.5224546 0.3011296 0.8236138 0.3370217 0.7893761 0.3398567 0.8206332 0.2620475 0.5828409 0.2867686 0.6070612 0.2700221 0.6128752 0.3965435 0.7215107 0.4337005 0.7416189 0.3940647 0.7334598 0.5984398 0.3620812 0.6372465 0.3480962 0.6375581 0.3599472 0.2700221 0.6128752 0.2991442 0.6360815 0.2772297 0.6428515 0.7153576 0.3620939 0.7559717 0.3545146 0.7544318 0.3664252 0.7153576 0.3620939 0.6767793 0.3481037 0.7163246 0.3502449 0.2834796 0.6728416 0.2991442 0.6360815 0.3102486 0.6658281 0.6169549 0.8803467 0.6287615 0.8414576 0.6287573 0.8806603 0.2887933 0.7028354 0.3102486 0.6658281 0.319454 0.6962932 0.8114503 0.01662409 0.8501254 0.005012869 0.8498502 0.01669752 0.2931182 0.7327888 0.319454 0.6962932 0.3268826 0.7270115 0.8884633 0.01858007 0.8501254 0.005012869 0.8892319 0.006819605 0.7205116 0.5823279 0.7148789 0.5455766 0.7359862 0.5545314 0.5137021 0.7405294 0.4732531 0.7480916 0.4748666 0.7362638 0.7730474 0.01829308 0.7336006 0.009432435 0.7723762 0.006624698 0.7498157 0.5259914 0.7148789 0.5455766 0.7241879 0.516448 0.7990928 0.506922 0.837548 0.5221757 0.7980787 0.5188096 0.7622367 0.4967734 0.7241879 0.516448 0.7322763 0.4871687 0.8884633 0.01858007 0.92838 0.01002645 0.9274142 0.0218172 0.7729666 0.4665439 0.7322763 0.4871687 0.7392228 0.4575943 0.6153657 0.80323 0.6241759 0.7637611 0.6270181 0.8025373 0.7729666 0.4665439 0.7452444 0.427733 0.7814531 0.4355985 0.6858754 0.6353875 0.6676682 0.6610998 0.680505 0.6323835 0.8383709 0.510364 0.8769181 0.524181 0.837548 0.5221757 0.7884889 0.4042932 0.7452444 0.427733 0.7501532 0.3974559 0.7036604 0.6092601 0.680505 0.6323835 0.6928805 0.6035782 0.2625574 0.8253756 0.2237153 0.8370819 0.2239785 0.8253785 0.7939971 0.3724236 0.7501532 0.3974559 0.7544318 0.3664252 0.7205116 0.5823279 0.6928805 0.6035782 0.7044373 0.5746425 0.9544145 0.5108032 0.9161512 0.5241863 0.9158958 0.5124753 0.7392228 0.4575943 0.7025973 0.4812819 0.7063614 0.4520353 0.6303321 0.7412784 0.5914824 0.7542878 0.5912949 0.7425189 0.7392228 0.4575943 0.7098056 0.4226787 0.7452444 0.427733 0.680505 0.6323835 0.6676682 0.6610998 0.6746792 0.6304695 0.6149662 0.919168 0.6234135 0.959389 0.6115454 0.9583808 0.7501532 0.3974559 0.7098056 0.4226787 0.7127835 0.3927997 0.680505 0.6323835 0.6814079 0.6000202 0.6928805 0.6035782 0.9158958 0.5124753 0.8769181 0.524181 0.8772339 0.5123675 0.7544318 0.3664252 0.7127835 0.3927997 0.7153576 0.3620939 0.7044373 0.5746425 0.6814079 0.6000202 0.6876081 0.5698334 0.6375581 0.3599472 0.6767793 0.3481037 0.6764575 0.3598855 0.6149662 0.919168 0.6287573 0.8806603 0.6267616 0.919986 0.7044373 0.5746425 0.693241 0.5400533 0.7148789 0.5455766 0.4748666 0.7362638 0.4337005 0.7416189 0.4359087 0.7297533 0.7730474 0.01829308 0.8112108 0.005013108 0.8114503 0.01662409 0.7241879 0.516448 0.693241 0.5400533 0.6982666 0.5105842 0.1851572 0.823518 0.2237153 0.8370819 0.184405 0.8353519 0.7322763 0.4871687 0.6982666 0.5105842 0.7025973 0.4812819 0.7544318 0.3664252 0.7957949 0.3604171 0.7939971 0.3724236 0.6814079 0.6000202 0.6704348 0.5679278 0.6876081 0.5698334 0.6170589 0.8417153 0.6270181 0.8025373 0.6287615 0.8414576 0.693241 0.5400533 0.6704348 0.5679278 0.6713212 0.5377813 0.6982666 0.5105842 0.6713212 0.5377813 0.6721716 0.5081078 0.7025973 0.4812819 0.6721716 0.5081078 0.6729916 0.4787457 0.7063614 0.4520353 0.6729916 0.4787457 0.673873 0.44955 0.7063614 0.4520353 0.6747763 0.4202012 0.7098056 0.4226787 0.6746792 0.6304695 0.6676682 0.6610998 0.6686078 0.6297059 0.7127835 0.3927997 0.6747763 0.4202012 0.6756672 0.3905016 0.6814079 0.6000202 0.6686078 0.6297059 0.6695352 0.5985825 0.3398567 0.8206332 0.3018441 0.835333 0.3011296 0.8236138 0.7153576 0.3620939 0.6756672 0.3905016 0.6764575 0.3598855 0.3904238 0.5395572 0.3523403 0.5433084 0.3142566 0.5395585 0.3904238 0.5395572 0.3142566 0.5395585 0.2776364 0.5284503 0.4270435 0.5284479 0.3904238 0.5395572 0.2776364 0.5284503 0.4270435 0.5284479 0.2776364 0.5284503 0.2438867 0.5104114 0.4607923 0.5104081 0.4270435 0.5284479 0.2438867 0.5104114 0.4607923 0.5104081 0.2438867 0.5104114 0.2143049 0.4861348 0.4903735 0.4861309 0.4607923 0.5104081 0.2143049 0.4861348 0.4903735 0.4861309 0.2143049 0.4861348 0.1900275 0.4565538 0.5146499 0.4565494 0.4903735 0.4861309 0.1900275 0.4565538 0.5326889 0.4227998 0.5146499 0.4565494 0.1900275 0.4565538 0.5326889 0.4227998 0.1900275 0.4565538 0.1719878 0.4228048 0.5437968 0.3861797 0.5326889 0.4227998 0.1719878 0.4228048 0.5437968 0.3861797 0.1719878 0.4228048 0.1608785 0.3861851 0.5475472 0.3480959 0.5437968 0.3861797 0.1608785 0.3861851 0.5475472 0.3480959 0.1608785 0.3861851 0.1571274 0.3481016 0.3954326 0.005011737 0.3954328 0.3368688 0.005012989 0.336869 0.3954326 0.005011737 0.005012989 0.336869 0.005012631 0.005011916 0.0431047 0.7352868 0.005021154 0.7390377 0.005020797 0.348618 0.0431047 0.7352868 0.005020797 0.348618 0.04310452 0.352369 0.07972466 0.7241783 0.0431047 0.7352868 0.04310452 0.352369 0.07972466 0.7241783 0.04310452 0.352369 0.07972431 0.3634772 0.1134738 0.706139 0.07972466 0.7241783 0.07972431 0.3634772 0.1134738 0.706139 0.07972431 0.3634772 0.1134735 0.3815168 0.1430553 0.6818622 0.1134738 0.706139 0.1134735 0.3815168 0.1430553 0.6818622 0.1134735 0.3815168 0.1430554 0.4057936 0.1673323 0.6522807 0.1430553 0.6818622 0.1430554 0.4057936 0.1673323 0.6522807 0.1430554 0.4057936 0.1673322 0.435375 0.1853715 0.6185316 0.1673323 0.6522807 0.1673322 0.435375 0.1853715 0.6185316 0.1673322 0.435375 0.1853714 0.4691243 0.1964802 0.5819115 0.1853715 0.6185316 0.1853714 0.4691243 0.1964802 0.5819115 0.1853714 0.4691243 0.19648 0.5057441 0.200231 0.5438277 0.1964802 0.5819115 0.19648 0.5057441 0.9726877 0.769031 0.6408306 0.7996631 0.6408307 0.7690311 0.6188703 0.1539189 0.6188701 0.134181 0.745043 0.1341797 0.6188701 0.134181 0.61887 0.1144433 0.7450428 0.114442 0.7450428 0.114442 0.61887 0.1144433 0.6188698 0.09470558 0.6188698 0.09470558 0.6188697 0.07496786 0.7450423 0.07496649 0.6188697 0.07496786 0.6188694 0.05522996 0.7450421 0.05522865 0.5398499 0.4876739 0.5258371 0.4848871 0.5292881 0.476555 0.5327401 0.008017182 0.5401203 0.002784669 0.5401201 0.01102215 0.9828383 0.2936907 0.9828383 0.3304841 0.9740096 0.3304842 0.9454724 0.5371688 0.9454721 0.2590264 0.9543007 0.2590264 0.1424235 0.9690066 0.1347514 0.9690066 0.1347514 0.9183838 0.1424235 0.9690066 0.1424235 0.9183838 0.1500954 0.9183837 0.9828383 0.2201034 0.9828383 0.2568972 0.9740095 0.2568972 0.1270791 0.9690064 0.1270791 0.9183837 0.1347514 0.9183838 0.1270791 0.9690064 0.1194071 0.9690066 0.1194071 0.9183837 0.9391363 0.5827783 0.9303078 0.5827783 0.9303078 0.5459847 0.1731118 0.9690066 0.1731117 0.9183838 0.1807838 0.9183838 0.1654397 0.9690066 0.1654397 0.9183837 0.1731117 0.9183838 0.4693328 0.9837623 0.4693328 0.9749338 0.4836198 0.9749338 0.1577675 0.9690066 0.1577675 0.9183837 0.1654397 0.9183837 0.9828381 0.1833099 0.9828383 0.2201034 0.9740095 0.2201035 0.9740096 0.3304842 0.9828383 0.3304841 0.9828383 0.3672778 0.5121937 0.9837623 0.5121937 0.9749338 0.526481 0.9749338 0.5121937 0.9837623 0.4979068 0.9837623 0.4979068 0.9749338 0.9828381 0.1109735 0.9828381 0.1465164 0.9740095 0.1465165 0.9828383 0.2568972 0.9828383 0.2936907 0.9740095 0.2936908 0.4487391 0.9749338 0.4693328 0.9749338 0.4693328 0.9837623 0.4979068 0.9837623 0.4836198 0.9837623 0.4836198 0.9749338 0.9828381 0.1465164 0.9828381 0.1833099 0.9740095 0.18331 0.9543011 0.5727118 0.9543011 0.6095054 0.9454725 0.6095054 0.744993 0.7593504 0.744993 0.7736374 0.7361643 0.7736374 0.7361643 0.8085182 0.7361643 0.7879245 0.744993 0.7879245 0.9543011 0.6830924 0.9543011 0.719886 0.9454725 0.719886 0.9543011 0.5371688 0.9543011 0.5727118 0.9454724 0.5727118 0.744993 0.7593504 0.7361643 0.7593504 0.7361643 0.7450634 0.744993 0.7450634 0.7361643 0.7450634 0.7361643 0.7307763 0.5507794 0.9597026 0.5507795 0.9685313 0.4425276 0.9685311 0.2737045 0.816386 0.2796862 0.807432 0.2880185 0.8108825 0.5060201 0.4650712 0.514352 0.4616198 0.5203347 0.4705728 0.9543011 0.7566794 0.9543011 0.793473 0.9454725 0.793473 0.9222137 0.6969857 0.9132465 0.6979471 0.906118 0.6636547 0.9543011 0.6095054 0.9543011 0.6462987 0.9454725 0.6462987 0.7498325 0.9196349 0.7841248 0.9267636 0.7831637 0.9357308 0.8816985 0.8348054 0.8726949 0.8353254 0.8938858 0.7998552 0.8860331 0.9074035 0.9215034 0.8862128 0.9209833 0.8952164 0.744993 0.7879245 0.7361643 0.7879245 0.7361643 0.7736374 0.9543011 0.6462987 0.9543011 0.6830924 0.9454725 0.6830924 0.906118 0.6636547 0.8924309 0.6314016 0.9003531 0.6270921 0.9543011 0.719886 0.9543011 0.7566794 0.9454725 0.7566794 0.71327 0.9138695 0.7175793 0.9059473 0.7498325 0.9196349 0.8218461 0.2191793 0.7888808 0.2191793 0.7888808 0.184142 0.3518985 0.6087049 0.3189332 0.6087051 0.3189333 0.5979371 0.3518987 0.6454911 0.3189336 0.6454912 0.3189334 0.6203495 0.7888808 0.1140909 0.7888808 0.0790652 0.821846 0.0790652 0.7888808 0.2533957 0.7888808 0.2191793 0.8218461 0.2191793 0.3518984 0.5871687 0.3518984 0.5979371 0.3189333 0.5979371 0.3518984 0.5871687 0.3189332 0.5871688 0.318933 0.5764006 0.9972836 0.2805411 0.9882764 0.2809952 0.9882755 0.002852857 0.821846 0.04403966 0.7888807 0.04403966 0.7888808 0.002721428 0.7888808 0.184142 0.7888808 0.1491163 0.821846 0.1491164 0.3518985 0.6203494 0.3189334 0.6203495 0.3189332 0.6087051 0.7888808 0.1491163 0.7888808 0.1140909 0.821846 0.114091 0.7888808 0.0790652 0.7888807 0.04403966 0.821846 0.04403966 0.5032318 0.4304649 0.5104753 0.4250923 0.5122076 0.4501745 0.2818288 0.7959865 0.2835577 0.7709041 0.2908021 0.7762758 0.5032324 0.4510588 0.5122076 0.4501745 0.514352 0.4616198 0.2796862 0.807432 0.2818288 0.7959865 0.2908043 0.7968693 0.8199559 0.9360476 0.8191492 0.9270654 0.8535596 0.9205282 0.9070107 0.7673816 0.9135479 0.7329715 0.9225303 0.7337783 0.6838365 0.8939454 0.6892616 0.8867414 0.7175793 0.9059473 0.7831637 0.9357308 0.7841248 0.9267636 0.8191492 0.9270654 0.8924309 0.6314016 0.8732248 0.6030837 0.8804293 0.5976585 0.9135479 0.7329715 0.9132465 0.6979471 0.9222137 0.6969857 0.8535596 0.9205282 0.8860331 0.9074035 0.8902158 0.9153935 0.9018759 0.8040379 0.8938858 0.7998552 0.9070107 0.7673816 0.5139577 0.4769503 0.5203347 0.4705728 0.5292881 0.476555 0.2647519 0.822369 0.2737045 0.816386 0.2800823 0.8227623 0.9685757 0.6830943 0.9597469 0.6830943 0.9597469 0.6463006 0.3801385 0.675059 0.3985885 0.6619768 0.3985885 0.6825706 0.8218461 0.2533957 0.8218464 0.5306298 0.7888813 0.5306298 0.1500954 0.9690066 0.1500954 0.9183837 0.1577675 0.9183837 0.7034824 0.9206091 0.7034829 0.9296277 0.6929216 0.9317291 0.8332362 0.9734855 0.8175738 0.96701 0.8190706 0.9594857 0.223017 0.9685308 0.223017 0.9597021 0.2598104 0.9597021 0.9270114 0.8414698 0.977634 0.8414698 0.9776341 0.8491418 0.977634 0.833798 0.977634 0.8414698 0.9270114 0.8414698 0.296604 0.968531 0.296604 0.9597023 0.3333975 0.9597023 0.9776341 0.8491418 0.977634 0.856814 0.9270114 0.856814 0.977634 0.856814 0.977634 0.8644863 0.9270114 0.8644863 0.977634 0.8031094 0.977634 0.8107817 0.9270113 0.8107817 0.977634 0.8107817 0.977634 0.8184538 0.9270113 0.8184538 0.9970967 0.8345347 0.9970967 0.8488216 0.9882678 0.8488217 0.977634 0.8184538 0.977634 0.8261259 0.9270113 0.8261259 0.1958506 0.2147672 0.2291407 0.2023147 0.3113728 0.2966513 0.3333975 0.9685308 0.3333975 0.9597023 0.3701911 0.9597023 0.1862235 0.9685307 0.1862234 0.9597021 0.223017 0.9597021 0.9970963 0.7916736 0.9970964 0.8059606 0.9882676 0.8059607 0.9970964 0.8059606 0.9970965 0.8202477 0.9882678 0.8202477 0.4069846 0.9685311 0.4069848 0.9597024 0.4425276 0.9597024 0.2598104 0.9685308 0.2598104 0.9597021 0.296604 0.9597023 0.9882678 0.8488217 0.9970967 0.8488216 0.9970967 0.8694154 0.9882678 0.8202477 0.9970965 0.8202477 0.9970967 0.8345347 0.3701912 0.9685311 0.3701911 0.9597023 0.4069848 0.9597024 0.9454721 0.2234835 0.9454721 0.1866898 0.9543007 0.1866899 0.9241278 0.4694814 0.9152989 0.4694814 0.9152989 0.4551944 0.9241278 0.4203137 0.9241278 0.4409074 0.9152989 0.4409074 0.945472 0.0763092 0.9543007 0.0763092 0.9543007 0.1131026 0.9454721 0.2590264 0.9454721 0.2234835 0.9543007 0.2234835 0.9152989 0.4837685 0.9152989 0.4694814 0.9241278 0.4694814 0.9152989 0.4980553 0.9152989 0.4837685 0.9241278 0.4837685 0.9315645 0.943212 0.9232322 0.9466627 0.9172502 0.937709 0.6696546 0.9432152 0.6775912 0.9313356 0.6839688 0.9377123 0.945472 0.03951561 0.945472 0.002722084 0.9543007 0.002722084 0.9372417 0.204223 0.9297533 0.2402464 0.9211459 0.2375543 0.9454721 0.1866898 0.945472 0.1498961 0.9543007 0.1498961 0.1032678 0.8904296 0.1042289 0.8993967 0.06993651 0.9065258 0.8967272 0.06640332 0.9169046 0.09717071 0.9089146 0.1013537 0.2410874 0.930944 0.2416075 0.9399474 0.2061371 0.9187567 0.9152989 0.4551944 0.9152989 0.4409074 0.9241278 0.4409074 0.945472 0.1131026 0.9543007 0.1131026 0.9543007 0.1498961 0.9153808 0.2741166 0.9074584 0.2698074 0.9211459 0.2375543 0.945472 0.03951561 0.9543007 0.03951561 0.9543007 0.0763092 0.03337413 0.9122908 0.06724435 0.8979184 0.06993651 0.9065258 0.8218464 0.5648463 0.8218464 0.5998835 0.7888813 0.5998835 0.3518981 0.4522206 0.3518981 0.4629888 0.3189328 0.4629887 0.3189328 0.4746332 0.3518981 0.4746332 0.3518981 0.499775 0.8218464 0.7049604 0.7888813 0.7049604 0.7888813 0.6699348 0.8218464 0.5648463 0.7888812 0.5648465 0.7888813 0.5306298 0.3189328 0.4414525 0.3518981 0.4414525 0.3518981 0.4522206 0.351898 0.4306842 0.3518981 0.4414525 0.3189328 0.4414525 0.8218465 0.7813041 0.7888813 0.7813041 0.7888813 0.739986 0.8218464 0.5998835 0.8218463 0.634909 0.7888813 0.634909 0.3518981 0.4629888 0.3518981 0.4746332 0.3189328 0.4746332 0.8218464 0.6699348 0.7888813 0.6699348 0.7888813 0.634909 0.8218464 0.7399859 0.7888813 0.739986 0.7888813 0.7049604 0.6668696 0.9778216 0.6668682 0.9572281 0.6758434 0.9581111 0.9343498 0.9778181 0.9271059 0.9831902 0.9253758 0.9581082 0.6668682 0.9572281 0.6696546 0.9432152 0.6779868 0.9466661 0.934351 0.9572245 0.9253758 0.9581082 0.9232322 0.9466627 0.176207 0.8969798 0.1736634 0.9056323 0.1392532 0.8990952 0.9306917 0.1312837 0.9375586 0.1674309 0.9285761 0.1682374 0.003940582 0.9322147 0.03337413 0.9122908 0.03768366 0.9202134 0.14006 0.890113 0.1392532 0.8990952 0.1042289 0.8993967 0.895457 0.3035504 0.8882526 0.2981252 0.9074584 0.2698074 0.9375586 0.1674309 0.9372417 0.204223 0.9282748 0.2032617 0.2103198 0.9107669 0.2061371 0.9187567 0.1736634 0.9056323 0.9169046 0.09717071 0.9306917 0.1312837 0.9220392 0.1338273 0.6775912 0.9313356 0.6894697 0.9233973 0.6929216 0.9317291 0.9236274 0.9313325 0.9172502 0.937709 0.9082971 0.9317262 0.9597465 0.1498981 0.9597465 0.1131044 0.9685752 0.1131044 0.08104658 0.9183838 0.08871883 0.9183838 0.08871883 0.9690064 0.977634 0.8261259 0.977634 0.833798 0.9270113 0.833798 0.9828381 0.1109735 0.9740095 0.1109735 0.9740094 0.002722084 0.9971057 0.3411231 0.988277 0.341123 0.9882775 0.2876426 0.9971054 0.3616698 0.9882769 0.3616697 0.988277 0.341123 0.6923499 0.488353 0.6743808 0.4883532 0.6743806 0.4678066 0.988276 0.4412638 0.9971048 0.4412639 0.9971044 0.4947441 0.6743813 0.529446 0.6743811 0.5088995 0.6923501 0.5088993 0.9971048 0.4412639 0.988276 0.4412638 0.9882761 0.4207172 0.9971054 0.3796384 0.9882768 0.3796384 0.9882769 0.3616697 0.9971054 0.385958 0.9882768 0.3859578 0.9882768 0.3796384 0.9882762 0.4027485 0.9971051 0.4027485 0.997105 0.4207172 0.1603047 0.4992293 0.195816 0.4786828 0.1958162 0.5403223 0.9971051 0.4027485 0.9882762 0.4027485 0.9882764 0.3964293 0.9971052 0.3964293 0.9882764 0.3964293 0.9882764 0.3911935 0.9971052 0.3911936 0.9882764 0.3911935 0.9882768 0.3859578 0.7450417 0.002724111 0.7450421 0.05522865 0.6188694 0.05522996 0.8977365 0.9206064 0.8977358 0.9296247 0.8871743 0.9317252 0.3575848 0.9749336 0.3575848 0.9837915 0.3409851 0.9837915 0.4667403 0.1963271 0.6044939 0.198717 0.5486273 0.3118474 0.7450441 0.2328686 0.6188714 0.23287 0.618871 0.2131323 0.195716 0.1903734 0.195716 0.1371933 0.2045736 0.1371933 0.3243854 0.9749338 0.3409851 0.9749336 0.3409851 0.9837915 0.2579863 0.9837915 0.2413865 0.9837915 0.2413865 0.9749339 0.4432988 0.9749336 0.4432988 0.9837914 0.3915737 0.9837915 0.7450439 0.2131308 0.618871 0.2131323 0.6188708 0.1933945 0.9391363 0.3988105 0.9303078 0.3988105 0.9303078 0.3632674 0.569342 0.9749336 0.583629 0.9749336 0.583629 0.9837622 0.7361643 0.7307763 0.7361643 0.7164893 0.744993 0.7164893 0.5398499 0.4876739 0.5398496 0.4786555 0.5504109 0.4765543 0.05803036 0.9183838 0.06570249 0.9183838 0.06570249 0.9690066 0.9970911 0.5542728 0.9970911 0.5748192 0.9882624 0.5748192 0.9685757 0.7198879 0.9597469 0.7198879 0.9597469 0.6830943 0.9391363 0.5459847 0.9303078 0.5459847 0.9303078 0.5091912 0.1040629 0.9183838 0.1117348 0.9183837 0.1117348 0.9690066 0.9828329 0.4828909 0.9828331 0.5184338 0.9740042 0.5184338 0.9391363 0.4723974 0.9303078 0.4723975 0.9303078 0.435604 0.9391363 0.5827783 0.9391363 0.6195718 0.9303078 0.6195718 0.526481 0.9749338 0.540768 0.9749336 0.540768 0.9837622 0.7361643 0.7164893 0.7361643 0.7022023 0.744993 0.7022023 0.9828329 0.3746391 0.9828329 0.4828909 0.9740042 0.4828909 0.1423356 0.5403223 0.1423355 0.5197758 0.1603046 0.5197758 0.583629 0.9837622 0.583629 0.9749336 0.6042227 0.9749336 0.744993 0.7022023 0.7361643 0.7022023 0.7361643 0.687915 0.9597465 0.2590281 0.9685753 0.2590281 0.9685757 0.5371706 0.744993 0.6736282 0.7361643 0.6736282 0.7361643 0.6530346 0.351898 0.5324516 0.318933 0.5324518 0.3189328 0.5073102 0.9970911 0.5748192 0.9970911 0.5927881 0.9882624 0.5927881 0.5550549 0.9837622 0.5550549 0.9749336 0.569342 0.9749336 0.9391363 0.435604 0.9303078 0.435604 0.9303078 0.3988105 0.5736783 0.4650692 0.5657413 0.4769487 0.5593642 0.4705718 0.09639102 0.9690066 0.09639102 0.9183838 0.1040629 0.9183838 0.351898 0.3615935 0.3518979 0.3867354 0.3189328 0.3867354 0.8734773 0.3129736 0.8824444 0.3120124 0.889573 0.3463049 0.9685757 0.6095072 0.9597469 0.6095072 0.9597469 0.5727136 0.9685757 0.7566814 0.9597468 0.7566814 0.9597469 0.7198879 0.7834445 0.5306276 0.7834445 0.5648437 0.7504792 0.5648437 0.07337462 0.9183838 0.08104658 0.9183838 0.08104664 0.9690066 0.750479 0.1140885 0.7834443 0.1140885 0.7834443 0.149114 0.7504792 0.219177 0.7834443 0.2191769 0.7834443 0.2533934 0.5764652 0.4510566 0.5736783 0.4650692 0.5653463 0.4616184 0.9685757 0.793475 0.9597468 0.793475 0.9597468 0.7566814 0.540768 0.9749336 0.5550549 0.9749336 0.5550549 0.9837622 0.9397158 0.7370927 0.9322264 0.773116 0.923619 0.7704237 0.9685757 0.6463006 0.9597469 0.6463006 0.9597469 0.6095072 0.318933 0.5440961 0.318933 0.5324518 0.351898 0.5324516 0.8992044 0.599272 0.9193809 0.6300402 0.9113909 0.6342226 0.318933 0.5764006 0.318933 0.5656325 0.3518984 0.5656321 0.8734773 0.3129736 0.8731607 0.2761813 0.8821431 0.276988 0.8979286 0.8364191 0.8907245 0.8309939 0.9099309 0.8026763 0.9685757 0.5727136 0.9597469 0.5727136 0.9597469 0.5371706 0.2282984 0.8227677 0.2346752 0.8163899 0.243629 0.8223714 0.2410366 0.9135364 0.2415568 0.9225396 0.2060861 0.9013493 0.8731607 0.2761813 0.8800279 0.2400341 0.8886801 0.2425777 0.5657413 0.4769487 0.5538626 0.4848864 0.5504109 0.4765543 0.9178532 0.8069858 0.9099309 0.8026763 0.923619 0.7704237 0.2175713 0.7968775 0.2265462 0.7959924 0.2286917 0.8074374 0.9400335 0.7003004 0.9310508 0.7011066 0.9245146 0.6666966 0.5764645 0.430463 0.5764652 0.4510566 0.5674901 0.4501728 0.9152616 0.4123008 0.8953382 0.3828674 0.9032604 0.378558 0.3518984 0.5656321 0.318933 0.5656325 0.318933 0.5548643 0.7504792 0.219177 0.750479 0.1841396 0.7834443 0.1841397 0.7504788 0.002719104 0.7834443 0.002719044 0.7834443 0.04403716 0.9397158 0.7370927 0.9307485 0.7361313 0.9310508 0.7011066 0.7504789 0.07906287 0.7834442 0.07906293 0.7834443 0.1140885 0.2192676 0.6328945 0.2102608 0.6333484 0.2102624 0.3552057 0.9193809 0.6300402 0.9331672 0.6641534 0.9245146 0.6666966 0.6040444 0.07768523 0.6040393 0.07090377 0.6070492 0.07030516 0.2175692 0.7762836 0.2248123 0.7709105 0.2265462 0.7959924 0.750479 0.1841396 0.750479 0.1491139 0.7834443 0.149114 0.2203599 0.8108897 0.2286917 0.8074374 0.2346752 0.8163899 0.9139924 0.1751539 0.9229961 0.174634 0.9018048 0.2101044 0.750479 0.04403716 0.7834443 0.04403716 0.7834442 0.07906293 0.8938149 0.2059214 0.9018048 0.2101044 0.8886801 0.2425777 0.9270114 0.8951748 0.9776341 0.8951748 0.9776341 0.9028469 0.9391363 0.5091912 0.9303078 0.5091912 0.9303078 0.4723975 0.9270114 0.8875026 0.9776341 0.8875026 0.9776341 0.8951748 0.9685752 0.0395174 0.9597465 0.0395174 0.9597465 0.002723813 0.08871883 0.9183838 0.09639102 0.9183838 0.09639102 0.9690066 0.9882672 0.7345256 0.9970961 0.7345255 0.9970961 0.7488123 0.9270114 0.8875026 0.9270113 0.8798305 0.9776341 0.8798305 0.318933 0.5548643 0.318933 0.5440961 0.3518982 0.5440958 0.9241278 0.5757972 0.9152989 0.5757973 0.9152989 0.5552038 0.8953382 0.3828674 0.8809657 0.3489968 0.889573 0.3463049 0.9882674 0.7773864 0.9970963 0.7773864 0.9970963 0.7916736 0.997096 0.7139319 0.9970961 0.7345255 0.9882672 0.7345256 0.9241278 0.5123427 0.9152989 0.5123427 0.9152989 0.4980553 0.9270114 0.8721585 0.9776341 0.8721585 0.9776341 0.8798305 0.9828331 0.5184338 0.9828331 0.5552272 0.9740042 0.5552272 0.7373132 0.9432108 0.7289811 0.9466626 0.7229983 0.9377096 0.9270114 0.910519 0.9776341 0.910519 0.9776341 0.9181909 0.9828331 0.6288146 0.9828331 0.6656081 0.9740042 0.6656081 0.5984785 0.05747675 0.5967734 0.06002825 0.5905136 0.05743294 0.9270114 0.9181909 0.9776341 0.9181909 0.9776341 0.9258632 0.9685753 0.2590281 0.9597465 0.2590281 0.9597465 0.2234852 0.7834445 0.5306276 0.7504794 0.5306274 0.750479 0.2533934 0.9828331 0.5552272 0.9828331 0.5920208 0.9740042 0.5920208 0.9828331 0.7024015 0.9828331 0.7391951 0.9740045 0.7391951 0.9685753 0.2234851 0.9597465 0.2234852 0.9597465 0.1866915 0.7034824 0.9206091 0.7174953 0.9233954 0.7140443 0.9317278 0.8860332 0.8878296 0.9215031 0.8666383 0.920983 0.8756417 0.729375 0.9313321 0.7229983 0.9377096 0.7140443 0.9317278 0.9270114 0.9028469 0.9776341 0.9028469 0.9776341 0.910519 0.9303078 0.3632674 0.9303078 0.2550159 0.9391363 0.2550159 0.9241278 0.5266295 0.9152989 0.5266295 0.9152989 0.5123427 0.7834446 0.7049576 0.7834446 0.7399833 0.7504794 0.7399833 0.8535598 0.9009546 0.8860332 0.8878296 0.8902159 0.8958196 0.8722378 0.9466601 0.8700931 0.9581052 0.861118 0.9572207 0.1041778 0.88199 0.06988561 0.8891191 0.06719326 0.8805118 0.9685752 0.1866915 0.9597465 0.1866915 0.9597465 0.1498981 0.9882673 0.7630994 0.9970961 0.7630993 0.9970963 0.7773864 0.7834446 0.6699323 0.7834446 0.7049576 0.7504794 0.7049576 0.9597465 0.07631087 0.9597465 0.0395174 0.9685752 0.0395174 0.9882673 0.7630994 0.9882673 0.7488123 0.9970961 0.7488123 0.6838363 0.8743752 0.6892615 0.8671708 0.7175794 0.886376 0.7841253 0.9071916 0.8191497 0.9074925 0.8199563 0.9164748 0.03763252 0.9028069 0.009315013 0.9220131 0.003889501 0.9148085 0.8782204 0.937707 0.8722378 0.9466601 0.8639059 0.9432086 0.8700931 0.9581052 0.8683605 0.9831872 0.8611168 0.9778144 0.8191497 0.9074925 0.8535598 0.9009546 0.8561034 0.9096073 0.7401011 0.9572232 0.7311261 0.9581076 0.7289811 0.9466626 0.06988561 0.8891191 0.03763252 0.9028069 0.03332293 0.8948847 0.3189328 0.4199159 0.3189328 0.4091478 0.351898 0.4091478 0.1761559 0.8795726 0.1736124 0.888225 0.1392022 0.8816881 0.7132699 0.8942987 0.7175794 0.886376 0.7498327 0.9000633 0.3189328 0.4199159 0.3518981 0.4199159 0.351898 0.4306842 0.7834446 0.7399833 0.7834445 0.7813017 0.7504792 0.7813017 0.3189328 0.3983797 0.3518979 0.3983796 0.351898 0.4091478 0.1400086 0.8727057 0.1392022 0.8816881 0.1041778 0.88199 0.3189328 0.3867354 0.3518979 0.3867354 0.3518979 0.3983796 0.7471407 0.9086708 0.7498327 0.9000633 0.7841253 0.9071916 0.7834446 0.6349067 0.7834446 0.6699323 0.7504794 0.6699322 0.7504792 0.5648437 0.7834445 0.5648437 0.7834445 0.599881 0.8871743 0.9317252 0.8782204 0.937707 0.8718438 0.9313296 0.9882625 0.7078937 0.9882624 0.6544135 0.9970911 0.6544134 0.2102687 0.8933593 0.2060861 0.9013493 0.1736124 0.888225 0.9970911 0.633867 0.9970911 0.6544134 0.9882624 0.6544135 0.9597465 0.1131044 0.9597465 0.07631087 0.9685752 0.07631087 0.7401024 0.977817 0.7328592 0.9831897 0.7311261 0.9581076 0.9241278 0.5266295 0.9241278 0.5409166 0.9152989 0.5409166 0.7504794 0.599881 0.7834445 0.599881 0.7834446 0.6349067 0.9882624 0.633867 0.9882624 0.615898 0.9970911 0.615898 0.9828331 0.6656081 0.9828331 0.7024015 0.9740042 0.7024015 0.1603047 0.4992293 0.1423355 0.4992294 0.1423355 0.4786829 0.9970911 0.6095786 0.9970911 0.615898 0.9882624 0.615898 0.997091 0.5007925 0.9970911 0.5542728 0.9882624 0.5542728 0.9970911 0.6043431 0.9970911 0.6095786 0.9882624 0.6095786 0.274586 0.9837915 0.2579863 0.9837915 0.2579863 0.9749339 0.6188715 0.252608 0.7450443 0.2526065 0.7450449 0.3051111 0.00271964 0.4117878 0.05589967 0.4117878 0.05589962 0.4206455 0.9970911 0.5991073 0.9970911 0.6043431 0.9882624 0.6043431 0.9970911 0.5927881 0.9970911 0.5991073 0.9882624 0.5991073 0.243629 0.8223714 0.2541906 0.8244712 0.2541917 0.8334897 0.2239973 0.9837915 0.1722723 0.9837915 0.1722723 0.9749339 0.5322117 0.5098065 0.5127169 0.5067191 0.5158162 0.4971802 0.8134186 0.9933011 0.8069315 0.9776512 0.8133107 0.973389 0.5826717 0.4631157 0.5922104 0.4662152 0.5832498 0.4838015 0.7278617 0.5294452 0.6923501 0.5088993 0.6923499 0.488353 0.5633977 0.4896441 0.569293 0.4977582 0.5517066 0.5067191 0.5486073 0.4971801 0.5517066 0.5067191 0.5322117 0.5098065 0.3077855 0.9749338 0.3243854 0.9749338 0.3243854 0.9837915 0.1288866 0.540291 0.06580024 0.5402912 0.06580036 0.4877865 0.3915737 0.9749336 0.3915737 0.9837915 0.3741846 0.9837915 0.2413865 0.9837915 0.2239973 0.9837915 0.2239973 0.9749339 0.5010257 0.4896441 0.5158162 0.4971802 0.5127169 0.5067191 0.4892878 0.4779061 0.5010257 0.4896441 0.4951304 0.4977582 0.4817518 0.4631157 0.4892878 0.4779061 0.4811736 0.4838015 0.4817518 0.4631157 0.472213 0.466215 0.4691251 0.4467204 0.00271964 0.1924968 0.1903783 0.1924968 0.06580615 0.4117878 0.4790316 0.4459406 0.4691251 0.4467204 0.4691253 0.3942157 0.7450435 0.1736553 0.6188706 0.1736568 0.6188703 0.1539189 0.7450443 0.2526065 0.6188715 0.252608 0.6188714 0.23287 0.7450437 0.1933931 0.6188708 0.1933945 0.6188706 0.1736568 0.5952982 0.3942157 0.5952982 0.4467204 0.5853919 0.4459406 0.3422235 0.7960799 0.3954031 0.795301 0.3954025 0.8478054 0.3077855 0.9837915 0.2911857 0.9837915 0.2911857 0.9749338 0.5952982 0.4467204 0.5922104 0.4662152 0.5826717 0.4631157 0.5832498 0.4838015 0.569293 0.4977582 0.5633977 0.4896441 0.3741846 0.9749336 0.3741846 0.9837915 0.3575848 0.9837915 0.3958016 0.6965829 0.3801387 0.6901085 0.3816353 0.6825836 0.06580036 0.4877865 0.06580024 0.5402912 0.002713739 0.5402912 0.3954025 0.8478054 0.3954031 0.795301 0.4485835 0.7960813 0.9082971 0.9317262 0.8977358 0.9296247 0.8977365 0.9206064 0.9241278 0.5552038 0.9152989 0.5552038 0.9152989 0.5409166 0.9828331 0.5920208 0.9828331 0.6288146 0.9740042 0.6288145 0.9270114 0.8644863 0.977634 0.8644863 0.9776341 0.8721585 0.2647519 0.822369 0.2682041 0.8307009 0.2541917 0.8334897 0.7361643 0.687915 0.7361643 0.6736282 0.744993 0.6736282 0.1117348 0.9183837 0.1194071 0.9183837 0.1194071 0.9690066 0.06570249 0.9183838 0.07337462 0.9183838 0.07337462 0.9690066 0.2911857 0.9837915 0.274586 0.9837915 0.274586 0.9749339 0.7994059 0.9960877 0.7853934 0.9932999 0.791882 0.9776505 0.5199118 0.01658821 0.5224635 0.01829332 0.519868 0.02455312 0.5390051 0.01662713 0.53274 0.01403707 0.5333387 0.01102715 0.343806 0.6901088 0.3480685 0.6964876 0.3360807 0.7084623 0.5254731 0.0256682 0.5254732 0.0188921 0.5284833 0.01829349 0.3480685 0.6964876 0.3544477 0.7007501 0.3479597 0.7163996 0.3281431 0.6965833 0.3253558 0.6825708 0.3423093 0.6825838 0.5182069 0.01403653 0.5199118 0.01658821 0.5151164 0.02137804 0.3619723 0.7191869 0.3619724 0.7022469 0.3694971 0.70075 0.3759852 0.7163994 0.3694971 0.70075 0.375876 0.6964874 0.5905131 0.06864297 0.5967732 0.06604814 0.598478 0.06859982 0.6040458 0.04839199 0.6122832 0.04839229 0.6070498 0.05577224 0.6791263 0.4616884 0.6544706 0.4616884 0.6544705 0.3115615 0.9094573 0.3214771 0.9094573 0.3132585 0.9236619 0.30504 0.5893985 0.06303793 0.5905136 0.05743294 0.5967734 0.06002825 0.5310782 0.02455347 0.5284833 0.01829349 0.5310349 0.01658856 0.3878642 0.7084622 0.375876 0.6964874 0.3801387 0.6901085 0.5358299 0.02137869 0.5310349 0.01658856 0.53274 0.01403707 0.5486273 0.3118474 0.6051924 0.3397809 0.5212159 0.4271362 0.5254731 0.0256682 0.519868 0.02455312 0.5224635 0.01829332 0.7855032 0.9733878 0.791882 0.9776505 0.7853934 0.9932999 0.7812412 0.9670085 0.7855032 0.9733878 0.7735148 0.9853619 0.5984394 0.07657003 0.6010295 0.07030493 0.6040393 0.07090377 0.8252981 0.9853643 0.8133107 0.973389 0.8175738 0.96701 0.8360242 0.9594731 0.8190706 0.9594857 0.8175743 0.9519609 0.5984407 0.04950654 0.6040458 0.04839199 0.60404 0.05517333 0.2045736 0.127287 0.4238643 0.002714693 0.4238644 0.1903734 0.3619723 0.7191869 0.3479597 0.7163996 0.3544477 0.7007501 0.5936878 0.07339489 0.598478 0.06859982 0.6010295 0.07030493 0.510827 0.01102119 0.5108273 0.002783596 0.5182071 0.008016824 0.7655778 0.9734824 0.7627912 0.9594696 0.7797448 0.9594838 0.938301 0.05709487 0.938301 0.08175069 0.9240964 0.07353204 0.3253558 0.6825708 0.3253557 0.6619771 0.3438061 0.675059 0.5967732 0.06604814 0.5905131 0.06864297 0.5893985 0.06303793 0.8069315 0.9776512 0.8134186 0.9933011 0.7994059 0.9960877 0.6010301 0.05577188 0.5984785 0.05747675 0.5936887 0.05268144 0.7627912 0.9594696 0.7627922 0.9388761 0.7812418 0.9519592 0.722427 0.3115614 0.722427 0.4616884 0.6791263 0.4616884 0.5119416 0.01662617 0.510827 0.01102119 0.5176083 0.01102662 0.6544705 0.3115615 0.6544706 0.4616884 0.6111699 0.4616884 0.4266607 0.2692372 0.3393078 0.3532158 0.3113728 0.2966513 0.4125553 0.3499861 0.4175212 0.349969 0.4173862 0.5107399 0.4075562 0.3500173 0.4125553 0.3499861 0.4124619 0.5107399 0.4422445 0.5107401 0.4421513 0.3499861 0.4471505 0.3500173 0.4373202 0.51074 0.4371853 0.3499691 0.4421513 0.3499861 0.432357 0.5107398 0.4322592 0.3499583 0.4371853 0.3499691 0.4273532 0.5107398 0.4273535 0.3499489 0.4322592 0.3499583 0.4224478 0.3499583 0.4273535 0.3499489 0.4273532 0.5107398 0.4175212 0.349969 0.4224478 0.3499583 0.4223495 0.51074 0.4121832 0.3258705 0.4172041 0.3253332 0.4175212 0.349969 0.4071774 0.3261423 0.4121832 0.3258705 0.4125553 0.3499861 0.4421513 0.3499861 0.4425237 0.3258705 0.4475292 0.3261423 0.4371853 0.3499691 0.4375026 0.3253333 0.4425237 0.3258705 0.4322592 0.3499583 0.4324449 0.3248203 0.4375026 0.3253333 0.4273535 0.3499489 0.4273533 0.3246158 0.4324449 0.3248203 0.4222617 0.3248203 0.4273533 0.3246158 0.4273535 0.3499489 0.4172041 0.3253332 0.4222617 0.3248203 0.4224478 0.3499583 0.004270732 0.8258499 0.02903461 0.8267134 0.02892267 0.8318433 0.02918297 0.8214902 0.02903461 0.8267134 0.004270732 0.8258499 0.02891409 0.8566165 0.02898216 0.8617963 0.004494071 0.8625068 0.003531873 0.8521304 0.02884435 0.851595 0.02891409 0.8566165 0.002940297 0.8469086 0.02882093 0.846591 0.02884435 0.851595 0.00272572 0.8415707 0.02880793 0.8416978 0.02882093 0.846591 0.02883565 0.8368184 0.02880793 0.8416978 0.00272572 0.8415707 0.02892267 0.8318433 0.02883565 0.8368184 0.003001332 0.83627 0.02903461 0.8267134 0.0536046 0.8271229 0.05355578 0.8321376 0.05369853 0.8219647 0.0536046 0.8271229 0.02903461 0.8267134 0.05343687 0.8566024 0.05341696 0.8617599 0.02898216 0.8617963 0.02884435 0.851595 0.05342948 0.8515869 0.05343687 0.8566024 0.05344986 0.8467534 0.05342948 0.8515869 0.02884435 0.851595 0.05346477 0.8419108 0.05344986 0.8467534 0.02882093 0.846591 0.02883565 0.8368184 0.05350506 0.8370403 0.05346477 0.8419108 0.02892267 0.8318433 0.05355578 0.8321376 0.05350506 0.8370403 0.07793998 0.8274258 0.07790398 0.8323819 0.05355578 0.8321376 0.07802164 0.8223231 0.07793998 0.8274258 0.0536046 0.8271229 0.05343687 0.8566024 0.07779645 0.8567475 0.0778076 0.8618775 0.05342948 0.8515869 0.07779866 0.8517166 0.07779645 0.8567475 0.05344986 0.8467534 0.07781296 0.8468007 0.07779866 0.8517166 0.07781654 0.8420149 0.07781296 0.8468007 0.05344986 0.8467534 0.05350506 0.8370403 0.07786566 0.837229 0.07781654 0.8420149 0.05355578 0.8321376 0.07790398 0.8323819 0.07786566 0.837229 0.07793998 0.8274258 0.102006 0.8277356 0.1019693 0.8325843 0.1020473 0.8226981 0.102006 0.8277356 0.07793998 0.8274258 0.07779645 0.8567475 0.1019235 0.8565661 0.1019499 0.8616374 0.1019152 0.8517086 0.1019235 0.8565661 0.07779645 0.8567475 0.07781296 0.8468007 0.101926 0.8468892 0.1019152 0.8517086 0.101925 0.8421305 0.101926 0.8468892 0.07781296 0.8468007 0.07786566 0.837229 0.1019493 0.8373991 0.101925 0.8421305 0.1019693 0.8325843 0.1019493 0.8373991 0.07786566 0.837229 0.102006 0.8277356 0.1258968 0.8278107 0.1258664 0.8327144 0.1258918 0.8227653 0.1258968 0.8278107 0.102006 0.8277356 0.1019235 0.8565661 0.1258203 0.8566567 0.1257916 0.8616815 0.1258227 0.8517467 0.1258203 0.8566567 0.1019235 0.8565661 0.1258451 0.8470158 0.1258227 0.8517467 0.1019152 0.8517086 0.1258468 0.8422773 0.1258451 0.8470158 0.101926 0.8468892 0.1019493 0.8373991 0.1258624 0.837512 0.1258468 0.8422773 0.1019693 0.8325843 0.1258664 0.8327144 0.1258624 0.837512 0.1258968 0.8278107 0.1498519 0.8277851 0.149864 0.8327656 0.1498233 0.8227236 0.1498519 0.8277851 0.1258968 0.8278107 0.1258203 0.8566567 0.1497709 0.8568677 0.1497098 0.8619279 0.1498147 0.8518904 0.1497709 0.8568677 0.1258203 0.8566567 0.149848 0.8470306 0.1498147 0.8518904 0.1258227 0.8517467 0.1498494 0.8422969 0.149848 0.8470306 0.1258451 0.8470158 0.1258624 0.837512 0.1498745 0.8375614 0.1498494 0.8422969 0.1258664 0.8327144 0.149864 0.8327656 0.1498745 0.8375614 0.1498519 0.8277851 0.1740148 0.8276095 0.1740586 0.832562 0.1498233 0.8227236 0.1739805 0.8225631 0.1740148 0.8276095 0.1739445 0.8571518 0.173887 0.8622003 0.1497098 0.8619279 0.174012 0.852197 0.1739445 0.8571518 0.1497709 0.8568677 0.1740639 0.8472818 0.174012 0.852197 0.1498147 0.8518904 0.1740855 0.842378 0.1740639 0.8472818 0.149848 0.8470306 0.1498745 0.8375614 0.1740874 0.8374746 0.1740855 0.842378 0.149864 0.8327656 0.1740586 0.832562 0.1740874 0.8374746 0.1740148 0.8276095 0.220483 0.8274455 0.2204978 0.8324238 0.1739805 0.8225631 0.2204686 0.8224256 0.220483 0.8274455 0.220415 0.8575282 0.2203776 0.8625485 0.173887 0.8622003 0.2204524 0.8525494 0.220415 0.8575282 0.1739445 0.8571518 0.2204874 0.8475363 0.2204524 0.8525494 0.174012 0.852197 0.2205103 0.8424866 0.2204874 0.8475363 0.1740639 0.8472818 0.1740874 0.8374746 0.2205098 0.8374372 0.2205103 0.8424866 0.1740586 0.832562 0.2204978 0.8324238 0.2205098 0.8374372 0.3036642 0.5063954 0.303529 0.3456246 0.3084949 0.3456417 0.3085884 0.5063954 0.3084949 0.3456417 0.3134942 0.3456729 0.2788057 0.5063954 0.2738406 0.5063954 0.2738999 0.3456729 0.2837299 0.5063954 0.2788057 0.5063954 0.2788991 0.3456418 0.2886934 0.5063954 0.2837299 0.5063954 0.2838653 0.3456248 0.2936971 0.5063954 0.2886934 0.5063954 0.2887912 0.3456141 0.2936971 0.5063954 0.2936969 0.3456045 0.2986027 0.345614 0.2987007 0.5063954 0.2986027 0.345614 0.303529 0.3456246 0.303529 0.3456246 0.3038461 0.320989 0.3088672 0.3215261 0.3084949 0.3456417 0.3088672 0.3215261 0.3138728 0.3217977 0.2788991 0.3456418 0.2738999 0.3456729 0.2735211 0.3217978 0.2838653 0.3456248 0.2788991 0.3456418 0.2785267 0.3215261 0.2887912 0.3456141 0.2838653 0.3456248 0.2835474 0.3209891 0.2936969 0.3456045 0.2887912 0.3456141 0.2886055 0.3204759 0.2936969 0.3456045 0.293697 0.3202714 0.2987884 0.3204758 0.2986027 0.345614 0.2987884 0.3204758 0.3038461 0.320989 0.4553474 0.8569607 0.454739 0.8517805 0.4799163 0.8512101 0.4553474 0.8569607 0.4799808 0.8562232 0.4800621 0.8614277 0.4555584 0.8257074 0.4559245 0.8205916 0.4801789 0.821399 0.4549093 0.8307952 0.4555584 0.8257074 0.4800956 0.8265572 0.4549093 0.8307952 0.4799909 0.8316 0.4799259 0.8365249 0.4539974 0.8412386 0.4542708 0.8359559 0.4799259 0.8365249 0.4539974 0.8412386 0.4798842 0.8413853 0.4798867 0.8462463 0.4541847 0.8465308 0.4798867 0.8462463 0.4799163 0.8512101 0.4799808 0.8562232 0.4799163 0.8512101 0.5044836 0.8512775 0.4799808 0.8562232 0.5044962 0.856306 0.5044844 0.8614587 0.4801789 0.821399 0.5046253 0.8214448 0.5046161 0.8266221 0.4799909 0.8316 0.4800956 0.8265572 0.5046161 0.8266221 0.4799909 0.8316 0.5045715 0.8316499 0.5045523 0.8366346 0.4799259 0.8365249 0.5045523 0.8366346 0.5045354 0.8415142 0.4798867 0.8462463 0.4798842 0.8413853 0.5045354 0.8415142 0.4799163 0.8512101 0.4798867 0.8462463 0.5045038 0.8463637 0.5044836 0.8512775 0.529044 0.8513046 0.5290421 0.856385 0.5044962 0.856306 0.5290421 0.856385 0.5290518 0.8615612 0.5046161 0.8266221 0.5046253 0.8214448 0.5292446 0.8215544 0.5045715 0.8316499 0.5046161 0.8266221 0.5291879 0.8267356 0.5045523 0.8366346 0.5045715 0.8316499 0.5291454 0.8318192 0.5045523 0.8366346 0.5291184 0.8367171 0.5290776 0.841548 0.5045038 0.8463637 0.5045354 0.8415142 0.5290776 0.841548 0.5044836 0.8512775 0.5045038 0.8463637 0.5290592 0.8464086 0.5290421 0.856385 0.529044 0.8513046 0.5534052 0.8512994 0.5290421 0.856385 0.5533981 0.8562549 0.5534404 0.8613558 0.5291879 0.8267356 0.5292446 0.8215544 0.5536359 0.8219942 0.5291879 0.8267356 0.5535462 0.8270971 0.5535075 0.8320554 0.5291184 0.8367171 0.5291454 0.8318192 0.5535075 0.8320554 0.5291184 0.8367171 0.55347 0.8369045 0.5534241 0.8416939 0.5290592 0.8464086 0.5290776 0.841548 0.5534241 0.8416939 0.5290592 0.8464086 0.5534126 0.8464553 0.5534052 0.8512994 0.5533981 0.8562549 0.5534052 0.8512994 0.5774038 0.8513092 0.5533981 0.8562549 0.5773889 0.8561567 0.5773758 0.8611851 0.5535462 0.8270971 0.5536359 0.8219942 0.5775828 0.8223755 0.5535462 0.8270971 0.5775433 0.8274031 0.5775076 0.832244 0.5535075 0.8320554 0.5775076 0.832244 0.5774853 0.8370485 0.55347 0.8369045 0.5774853 0.8370485 0.5774437 0.8417915 0.5534126 0.8464553 0.5534241 0.8416939 0.5774437 0.8417915 0.5534052 0.8512994 0.5534126 0.8464553 0.5774216 0.8465681 0.5773889 0.8561567 0.5774038 0.8513092 0.6013261 0.8514567 0.5773889 0.8561567 0.6012734 0.8564146 0.6012049 0.8614557 0.5775433 0.8274031 0.5775828 0.8223755 0.6014011 0.8224016 0.5775433 0.8274031 0.6014168 0.8274414 0.601418 0.8323999 0.5775076 0.832244 0.601418 0.8323999 0.6014161 0.8371778 0.5774853 0.8370485 0.6014161 0.8371778 0.6013795 0.8418961 0.5774216 0.8465681 0.5774437 0.8417915 0.6013795 0.8418961 0.5774038 0.8513092 0.5774216 0.8465681 0.6013685 0.846614 0.6012734 0.8564146 0.6013261 0.8514567 0.6254308 0.8518091 0.6012049 0.8614557 0.6012734 0.8564146 0.6253541 0.8567443 0.6014011 0.8224016 0.6254596 0.8222922 0.6254835 0.8273183 0.6014168 0.8274414 0.6254835 0.8273183 0.625517 0.832251 0.601418 0.8323999 0.625517 0.832251 0.6255355 0.8371441 0.6014161 0.8371778 0.6255355 0.8371441 0.6255234 0.8420284 0.6013685 0.846614 0.6013795 0.8418961 0.6255234 0.8420284 0.6013261 0.8514567 0.6013685 0.846614 0.6254922 0.8469129 0.6253541 0.8567443 0.6254308 0.8518091 0.6716873 0.8522533 0.6252866 0.8617727 0.6253541 0.8567443 0.6716402 0.8572121 0.6254596 0.8222922 0.6717639 0.8222482 0.6717681 0.8272484 0.6254835 0.8273183 0.6717681 0.8272484 0.6717728 0.8322072 0.625517 0.832251 0.6717728 0.8322072 0.6717751 0.8372006 0.6255355 0.8371441 0.6717751 0.8372006 0.6717653 0.84223 0.6254922 0.8469129 0.6255234 0.8420284 0.6717653 0.84223 0.6254308 0.8518091 0.6254922 0.8469129 0.6717321 0.8472599 0.4173862 0.5107399 0.4175208 0.6715108 0.412555 0.6714934 0.4124619 0.5107399 0.412555 0.6714934 0.4075557 0.6714624 0.4422445 0.5107401 0.4472097 0.51074 0.4471501 0.6714624 0.4373202 0.51074 0.4422445 0.5107401 0.4421509 0.6714935 0.432357 0.5107398 0.4373202 0.51074 0.4371849 0.6715108 0.4273532 0.5107398 0.432357 0.5107398 0.4322588 0.6715211 0.4273532 0.5107398 0.427353 0.6715304 0.4224474 0.6715211 0.4223495 0.51074 0.4224474 0.6715211 0.4175208 0.6715108 0.4175208 0.6715108 0.4172036 0.6961461 0.4121828 0.695609 0.412555 0.6714934 0.4121828 0.695609 0.4071769 0.6953375 0.4421509 0.6714935 0.4471501 0.6714624 0.4475287 0.6953375 0.4371849 0.6715108 0.4421509 0.6714935 0.4425233 0.695609 0.4322588 0.6715211 0.4371849 0.6715108 0.4375023 0.6961461 0.427353 0.6715304 0.4322588 0.6715211 0.4324442 0.6966592 0.427353 0.6715304 0.4273529 0.6968636 0.4222613 0.6966592 0.4224474 0.6715211 0.4222613 0.6966592 0.4172036 0.6961461 0.8325837 0.004152238 0.8377605 0.003518819 0.8384526 0.02869278 0.8325837 0.004152238 0.8334397 0.02878165 0.8282358 0.02888822 0.8638374 0.004212319 0.8689551 0.004553496 0.8682644 0.02881151 0.8638374 0.004212319 0.8631061 0.0287531 0.858063 0.02867257 0.8587465 0.003587722 0.858063 0.02867257 0.8531379 0.02863132 0.8482987 0.002725958 0.8535828 0.002974033 0.8531379 0.02863132 0.8482987 0.002725958 0.8482773 0.02861332 0.8434163 0.02863925 0.8377605 0.003518819 0.8430078 0.002938985 0.8434163 0.02863925 0.8384526 0.02869278 0.8385037 0.05326008 0.8334751 0.05329698 0.8334397 0.02878165 0.8334751 0.05329698 0.8283228 0.05330997 0.8631061 0.0287531 0.8682644 0.02881151 0.8683369 0.053258 0.858063 0.02867257 0.8631061 0.0287531 0.8631595 0.05327367 0.858063 0.02867257 0.8581317 0.05325317 0.8531467 0.05325824 0.8531379 0.02863132 0.8531467 0.05325824 0.8482673 0.05326491 0.8434163 0.02863925 0.8482773 0.02861332 0.8482673 0.05326491 0.8384526 0.02869278 0.8434163 0.02863925 0.8434177 0.0532568 0.8385037 0.05326008 0.8385952 0.07782059 0.8335149 0.07784324 0.8283228 0.05330997 0.8334751 0.05329698 0.8335149 0.07784324 0.8683369 0.053258 0.8683462 0.0778774 0.8631649 0.07784593 0.8581317 0.05325317 0.8631595 0.05327367 0.8631649 0.07784593 0.8531467 0.05325824 0.8581317 0.05325317 0.858081 0.07782793 0.8531467 0.05325824 0.8531829 0.07782453 0.8483517 0.07780665 0.8434177 0.0532568 0.8482673 0.05326491 0.8483517 0.07780665 0.8385037 0.05326008 0.8434177 0.0532568 0.8434913 0.07781213 0.8385952 0.07782059 0.838718 0.1021814 0.8337627 0.1021984 0.8283388 0.07787781 0.8335149 0.07784324 0.8337627 0.1021984 0.8631649 0.07784593 0.8683462 0.0778774 0.8680242 0.1022706 0.8631649 0.07784593 0.8629208 0.1022057 0.8579623 0.1021907 0.858081 0.07782793 0.8579623 0.1021907 0.8531131 0.1021767 0.8483517 0.07780665 0.8531829 0.07782453 0.8531131 0.1021767 0.8483517 0.07780665 0.8483237 0.1021538 0.8435619 0.1021654 0.8385952 0.07782059 0.8434913 0.07781213 0.8435619 0.1021654 0.8337627 0.1021984 0.838718 0.1021814 0.8388242 0.1261796 0.8337627 0.1021984 0.8339769 0.1261882 0.8289481 0.1261997 0.8629208 0.1022057 0.8680242 0.1022706 0.8677583 0.1262193 0.8629208 0.1022057 0.862731 0.1262037 0.85789 0.1261916 0.8579623 0.1021907 0.85789 0.1261916 0.8530851 0.1261922 0.8531131 0.1021767 0.8530851 0.1261922 0.8483418 0.1261736 0.8435619 0.1021654 0.8483237 0.1021538 0.8483418 0.1261736 0.838718 0.1021814 0.8435619 0.1021654 0.8435654 0.1261745 0.8339769 0.1261882 0.8388242 0.1261796 0.8387922 0.1501025 0.8339769 0.1261882 0.8338342 0.1500738 0.8287928 0.1500295 0.862731 0.1262037 0.8677583 0.1262193 0.8678473 0.1500373 0.862731 0.1262037 0.8628077 0.1500772 0.857849 0.1501023 0.85789 0.1261916 0.857849 0.1501023 0.8530712 0.1501236 0.8530851 0.1261922 0.8530712 0.1501236 0.8483529 0.1501096 0.8435654 0.1261745 0.8483418 0.1261736 0.8483529 0.1501096 0.8388242 0.1261796 0.8435654 0.1261745 0.843635 0.1501215 0.8338342 0.1500738 0.8387922 0.1501025 0.8385562 0.1742085 0.8287928 0.1500295 0.8338342 0.1500738 0.8336208 0.1741555 0.8678473 0.1500373 0.8680729 0.1740951 0.8630468 0.1741431 0.8628077 0.1500772 0.8630468 0.1741431 0.8581146 0.1742005 0.857849 0.1501023 0.8581146 0.1742005 0.8532214 0.1742425 0.8530712 0.1501236 0.8532214 0.1742425 0.8483372 0.1742541 0.843635 0.1501215 0.8483529 0.1501096 0.8483372 0.1742541 0.8387922 0.1501025 0.843635 0.1501215 0.8434526 0.1742464 0.8336208 0.1741555 0.8385562 0.1742085 0.8383352 0.2204669 0.8285919 0.1741126 0.8336208 0.1741555 0.833376 0.2204438 0.8680729 0.1740951 0.8683401 0.2203986 0.8633401 0.2204269 0.8630468 0.1741431 0.8633401 0.2204269 0.8583816 0.2204556 0.8581146 0.1742005 0.8583816 0.2204556 0.8533883 0.220482 0.8532214 0.1742425 0.8533883 0.220482 0.8483584 0.2204964 0.8434526 0.1742464 0.8483372 0.1742541 0.8483584 0.2204964 0.8385562 0.1742085 0.8434526 0.1742464 0.843329 0.2204875 0.3084951 0.6671491 0.3035292 0.6671665 0.3036642 0.5063954 0.3134945 0.6671179 0.3084951 0.6671491 0.3085884 0.5063954 0.2788057 0.5063954 0.2788994 0.6671493 0.2739002 0.667118 0.2837299 0.5063954 0.2838656 0.6671664 0.2788994 0.6671493 0.2886934 0.5063954 0.2887916 0.6671771 0.2838656 0.6671664 0.2936971 0.5063954 0.2936973 0.6671864 0.2887916 0.6671771 0.298603 0.6671771 0.2936973 0.6671864 0.2936971 0.5063954 0.3035292 0.6671665 0.298603 0.6671771 0.2987007 0.5063954 0.3088673 0.6912649 0.3038465 0.6918019 0.3035292 0.6671665 0.3138731 0.6909929 0.3088673 0.6912649 0.3084951 0.6671491 0.2788994 0.6671493 0.278527 0.6912649 0.2735213 0.690993 0.2838656 0.6671664 0.2835478 0.6918018 0.278527 0.6912649 0.2887916 0.6671771 0.2886057 0.6923151 0.2835478 0.6918018 0.2936973 0.6671864 0.2936972 0.6925196 0.2886057 0.6923151 0.2987888 0.692315 0.2936972 0.6925196 0.2936973 0.6671864 0.3038465 0.6918019 0.2987888 0.692315 0.298603 0.6671771 0.7257033 0.6437122 0.7248398 0.6684762 0.7197096 0.6683642 0.7300626 0.6686245 0.7248398 0.6684762 0.7257033 0.6437122 0.6942116 0.643588 0.6949362 0.6683555 0.6897566 0.6684235 0.6999582 0.6682857 0.6949362 0.6683555 0.6942116 0.643588 0.704962 0.6682621 0.6999582 0.6682857 0.6994228 0.6429731 0.7099824 0.6421672 0.7098551 0.6682494 0.704962 0.6682621 0.7147346 0.6682772 0.7098551 0.6682494 0.7099824 0.6421672 0.7205604 0.6430541 0.7197096 0.6683642 0.7147346 0.6682772 0.7244299 0.693046 0.7194152 0.6929971 0.7197096 0.6683642 0.7295879 0.69314 0.7244299 0.693046 0.7248398 0.6684762 0.6949362 0.6683555 0.6949502 0.6928781 0.6897932 0.6928583 0.6999582 0.6682857 0.6999655 0.6928708 0.6949502 0.6928781 0.7047993 0.6928912 0.6999655 0.6928708 0.6999582 0.6682857 0.7096419 0.6929063 0.7047993 0.6928912 0.704962 0.6682621 0.7147346 0.6682772 0.7145123 0.6929466 0.7096419 0.6929063 0.7197096 0.6683642 0.7194152 0.6929971 0.7145123 0.6929466 0.7241266 0.7173816 0.7191703 0.7173454 0.7194152 0.6929971 0.7295879 0.69314 0.7292292 0.7174631 0.7241266 0.7173816 0.694805 0.7172378 0.6896752 0.7172489 0.6897932 0.6928583 0.6999655 0.6928708 0.6998358 0.7172402 0.694805 0.7172378 0.7047993 0.6928912 0.7047515 0.7172544 0.6998358 0.7172402 0.7095376 0.7172582 0.7047515 0.7172544 0.7047993 0.6928912 0.7145123 0.6929466 0.7143234 0.7173071 0.7095376 0.7172582 0.7194152 0.6929971 0.7191703 0.7173454 0.7143234 0.7173071 0.7238166 0.7414474 0.7189681 0.741411 0.7191703 0.7173454 0.7292292 0.7174631 0.7288545 0.7414891 0.7238166 0.7414474 0.694805 0.7172378 0.6949859 0.7413648 0.6899147 0.7413914 0.6998437 0.7413564 0.6949859 0.7413648 0.694805 0.7172378 0.7046629 0.7413675 0.6998437 0.7413564 0.6998358 0.7172402 0.7095376 0.7172582 0.7094216 0.7413665 0.7046629 0.7413675 0.7141529 0.7413907 0.7094216 0.7413665 0.7095376 0.7172582 0.7191703 0.7173454 0.7189681 0.741411 0.7141529 0.7413907 0.7238166 0.7414474 0.7237415 0.7653384 0.7188379 0.765308 0.7287869 0.7653335 0.7237415 0.7653384 0.7238166 0.7414474 0.6949859 0.7413648 0.6948956 0.7652615 0.6898708 0.7652328 0.6998056 0.7652641 0.6948956 0.7652615 0.6949859 0.7413648 0.7045364 0.7652866 0.6998056 0.7652641 0.6998437 0.7413564 0.7092747 0.7652881 0.7045364 0.7652866 0.7046629 0.7413675 0.7141529 0.7413907 0.7140405 0.765304 0.7092747 0.7652881 0.7189681 0.741411 0.7188379 0.765308 0.7140405 0.765304 0.7237415 0.7653384 0.7237669 0.7892933 0.7187865 0.7893059 0.7288286 0.7892649 0.7237669 0.7892933 0.7237415 0.7653384 0.6948956 0.7652615 0.6946845 0.7892123 0.6896242 0.7891511 0.6996619 0.789256 0.6946845 0.7892123 0.6948956 0.7652615 0.7045216 0.7892895 0.6996619 0.789256 0.6998056 0.7652641 0.709255 0.789291 0.7045216 0.7892895 0.7045364 0.7652866 0.7140405 0.765304 0.7139907 0.7893161 0.709255 0.789291 0.7188379 0.765308 0.7187865 0.7893059 0.7139907 0.7893161 0.7237669 0.7892933 0.7239422 0.8134563 0.7189899 0.8135002 0.7288286 0.7892649 0.7289883 0.8134222 0.7239422 0.8134563 0.6943999 0.8133858 0.6893517 0.8133282 0.6896242 0.7891511 0.699355 0.8134533 0.6943999 0.8133858 0.6946845 0.7892123 0.70427 0.8135052 0.699355 0.8134533 0.6996619 0.789256 0.7091738 0.8135269 0.70427 0.8135052 0.7045216 0.7892895 0.7139907 0.7893161 0.7140772 0.8135289 0.7091738 0.8135269 0.7187865 0.7893059 0.7189899 0.8135002 0.7140772 0.8135289 0.7239422 0.8134563 0.7241058 0.8599246 0.7191272 0.8599394 0.7289883 0.8134222 0.7291256 0.8599101 0.7241058 0.8599246 0.694023 0.8598564 0.6890028 0.8598191 0.6893517 0.8133282 0.6990016 0.8598936 0.694023 0.8598564 0.6943999 0.8133858 0.7040147 0.8599286 0.6990016 0.8598936 0.699355 0.8134533 0.7090644 0.8599518 0.7040147 0.8599286 0.70427 0.8135052 0.7140772 0.8135289 0.7141141 0.8599515 0.7090644 0.8599518 0.7189899 0.8135002 0.7191272 0.8599394 0.7141141 0.8599515 0.6084972 0.8865983 0.608447 0.8815794 0.6777517 0.8817007 0.6084555 0.8916189 0.6084972 0.8865983 0.6777523 0.8869029 0.6083835 0.8966753 0.6084555 0.8916189 0.6777439 0.8920692 0.6082412 0.9017877 0.6083835 0.8966753 0.6777322 0.8971959 0.6776483 0.9074203 0.6082219 0.9069129 0.6082412 0.9017877 0.6777281 0.8713475 0.6084859 0.8715369 0.6084261 0.8664413 0.677744 0.8765027 0.6085148 0.8765612 0.6084859 0.8715369 0.6777517 0.8817007 0.608447 0.8815794 0.6085148 0.8765612 0.5838648 0.8863744 0.5838802 0.8815945 0.608447 0.8815794 0.5839101 0.8912245 0.5838648 0.8863744 0.6084972 0.8865983 0.5838109 0.8961895 0.5839101 0.8912245 0.6084555 0.8916189 0.5836039 0.9012642 0.5838109 0.8961895 0.6083835 0.8966753 0.6082219 0.9069129 0.5835469 0.9064192 0.5836039 0.9012642 0.6084859 0.8715369 0.5839585 0.871998 0.5838838 0.8670102 0.6085148 0.8765612 0.5839949 0.8768516 0.5839585 0.871998 0.608447 0.8815794 0.5838802 0.8815945 0.5839949 0.8768516 0.5598326 0.8864759 0.5599656 0.8817782 0.5838802 0.8815945 0.5839101 0.8912245 0.5598195 0.8912876 0.5598326 0.8864759 0.5597603 0.8962022 0.5598195 0.8912876 0.5839101 0.8912245 0.5595911 0.9012266 0.5597603 0.8962022 0.5838109 0.8961895 0.5595513 0.9062027 0.5595911 0.9012266 0.5836039 0.9012642 0.5839585 0.871998 0.5599123 0.8722776 0.5598788 0.8673477 0.5599654 0.8770418 0.5599123 0.8722776 0.5839585 0.871998 0.5838802 0.8815945 0.5599656 0.8817782 0.5599654 0.8770418 0.5598326 0.8864759 0.5360315 0.8865342 0.5361909 0.8818333 0.5598195 0.8912876 0.5360413 0.8912523 0.5360315 0.8865342 0.5360478 0.8961496 0.5360413 0.8912523 0.5598195 0.8912876 0.5595911 0.9012266 0.5358707 0.9010993 0.5360478 0.8961496 0.5359355 0.9060793 0.5358707 0.9010993 0.5595911 0.9012266 0.5599123 0.8722776 0.5361082 0.8723819 0.5361098 0.8674861 0.5360419 0.8771359 0.5361082 0.8723819 0.5599123 0.8722776 0.5361909 0.8818333 0.5360419 0.8771359 0.5599654 0.8770418 0.5360315 0.8865342 0.5124219 0.8864305 0.5124312 0.8817849 0.5360413 0.8912523 0.5123657 0.8911742 0.5124219 0.8864305 0.512399 0.8960181 0.5123657 0.8911742 0.5360413 0.8912523 0.5122256 0.900971 0.512399 0.8960181 0.5360478 0.8961496 0.5359355 0.9060793 0.5123001 0.9059522 0.5122256 0.900971 0.5361082 0.8723819 0.5123875 0.8723289 0.5124297 0.8674381 0.5123183 0.8771058 0.5123875 0.8723289 0.5361082 0.8723819 0.5124312 0.8817849 0.5123183 0.8771058 0.5360419 0.8771359 0.4885562 0.8861815 0.4885812 0.881435 0.5124312 0.8817849 0.5123657 0.8911742 0.4886049 0.8909689 0.4885562 0.8861815 0.4886328 0.8958666 0.4886049 0.8909689 0.5123657 0.8911742 0.5122256 0.900971 0.4885466 0.9008934 0.4886328 0.8958666 0.4886879 0.9059115 0.4885466 0.9008934 0.5122256 0.900971 0.5123875 0.8723289 0.4886415 0.8719817 0.4887344 0.8670691 0.4885903 0.8767284 0.4886415 0.8719817 0.5123875 0.8723289 0.5124312 0.8817849 0.4885812 0.881435 0.4885903 0.8767284 0.4637297 0.886632 0.4634741 0.8815789 0.4885812 0.881435 0.4643145 0.8916522 0.4637297 0.886632 0.4885562 0.8861815 0.4886328 0.8958666 0.464928 0.8966138 0.4643145 0.8916522 0.4652503 0.901512 0.464928 0.8966138 0.4886328 0.8958666 0.4886879 0.9059115 0.4651823 0.9064722 0.4652503 0.901512 0.4642744 0.8714087 0.4648694 0.8664066 0.4887344 0.8670691 0.4885903 0.8767284 0.4637073 0.8764746 0.4642744 0.8714087 0.4634741 0.8815789 0.4637073 0.8764746 0.4885903 0.8767284 0.6629839 0.9324972 0.6377531 0.9323195 0.6377646 0.9275403 0.6377456 0.9371858 0.6377531 0.9323195 0.6629839 0.9324972 0.6618995 0.9426121 0.6377289 0.9422196 0.6377456 0.9371858 0.6377028 0.9473357 0.6377289 0.9422196 0.6618995 0.9426121 0.6617849 0.9525894 0.6376703 0.9524649 0.6377028 0.9473357 0.6376846 0.9178704 0.6376267 0.9128974 0.6616889 0.9121296 0.6628884 0.9222025 0.6377348 0.9227523 0.6376846 0.9178704 0.6377646 0.9275403 0.6377348 0.9227523 0.6628884 0.9222025 0.6377531 0.9323195 0.6133994 0.9324455 0.6134002 0.9275479 0.6377456 0.9371858 0.6134185 0.937351 0.6133994 0.9324455 0.6377289 0.9422196 0.6134411 0.9422934 0.6134185 0.937351 0.6377028 0.9473357 0.6134505 0.9472777 0.6134411 0.9422934 0.6134268 0.9522604 0.6134505 0.9472777 0.6377028 0.9473357 0.6134427 0.9177489 0.6134775 0.9127804 0.6376267 0.9128974 0.6134103 0.9226507 0.6134427 0.9177489 0.6376846 0.9178704 0.6134002 0.9275479 0.6134103 0.9226507 0.6377348 0.9227523 0.5604649 0.9274705 0.5604701 0.9224736 0.6134103 0.9226507 0.6134505 0.9472777 0.5604447 0.9472628 0.5604496 0.9423477 0.5604701 0.9224736 0.5604752 0.9175158 0.6134427 0.9177489 0.6134411 0.9422934 0.5604496 0.9423477 0.5604549 0.9374242 0.5604396 0.9521793 0.5604447 0.9472628 0.6134505 0.9472777 0.5604752 0.9175158 0.5604803 0.9125518 0.6134775 0.9127804 0.6133994 0.9324455 0.5604598 0.9324672 0.5604649 0.9274705 0.6134185 0.937351 0.5604549 0.9374242 0.5604598 0.9324672 0.2257304 0.8709046 0.2952726 0.87132 0.2951639 0.876357 0.2256907 0.87612 0.2951639 0.876357 0.2951527 0.8813972 0.2256597 0.8812966 0.2951527 0.8813972 0.2951895 0.8864719 0.2256317 0.8864361 0.2951895 0.8864719 0.2952985 0.8916058 0.2256326 0.8966906 0.2256369 0.8915636 0.2952985 0.8916058 0.2258315 0.8605126 0.2258883 0.8553367 0.2954489 0.8561061 0.2257767 0.8656888 0.2258315 0.8605126 0.2953473 0.8612271 0.2257304 0.8709046 0.2257767 0.8656888 0.2952635 0.8662763 0.2952726 0.87132 0.3199247 0.8715903 0.3197684 0.8763493 0.2951639 0.876357 0.3197684 0.8763493 0.3197626 0.8812285 0.2951527 0.8813972 0.3197626 0.8812285 0.3198567 0.8862215 0.2951895 0.8864719 0.3198567 0.8862215 0.3200634 0.891347 0.2952739 0.8967465 0.2952985 0.8916058 0.3200634 0.891347 0.2953473 0.8612271 0.2954489 0.8561061 0.3201462 0.8568825 0.2952635 0.8662763 0.2953473 0.8612271 0.3200685 0.8618999 0.2952726 0.87132 0.2952635 0.8662763 0.3199811 0.8668002 0.3199247 0.8715903 0.3439279 0.8714632 0.3439108 0.8762042 0.3197626 0.8812285 0.3197684 0.8763493 0.3439108 0.8762042 0.3197626 0.8812285 0.3439915 0.8810212 0.3440818 0.8859528 0.3198567 0.8862215 0.3440818 0.8859528 0.3442872 0.8909857 0.3200634 0.891347 0.3442872 0.8909857 0.3443607 0.8961262 0.3200685 0.8618999 0.3201462 0.8568825 0.3441773 0.8570728 0.3200685 0.8618999 0.3441601 0.8619922 0.3440805 0.8667598 0.3199247 0.8715903 0.3199811 0.8668002 0.3440805 0.8667598 0.3439108 0.8762042 0.3439279 0.8714632 0.367685 0.8715215 0.3439915 0.8810212 0.3439108 0.8762042 0.3678602 0.8762152 0.3439915 0.8810212 0.367915 0.8809334 0.367985 0.8858391 0.3440818 0.8859528 0.367985 0.8858391 0.3682009 0.890807 0.3443607 0.8961262 0.3442872 0.8909857 0.3682009 0.890807 0.3441601 0.8619922 0.3441773 0.8570728 0.3678644 0.8572345 0.3441601 0.8619922 0.3678731 0.8621038 0.3678199 0.8668373 0.3440805 0.8667598 0.3678199 0.8668373 0.367685 0.8715215 0.3678602 0.8762152 0.367685 0.8715215 0.3913637 0.8712561 0.367915 0.8809334 0.3678602 0.8762152 0.3914688 0.8758795 0.367915 0.8809334 0.3915225 0.8806011 0.3915454 0.885424 0.367985 0.8858391 0.3915454 0.885424 0.3917839 0.8903499 0.3682009 0.890807 0.3917839 0.8903499 0.3919637 0.8952997 0.3678731 0.8621038 0.3678644 0.8572345 0.3913393 0.8570544 0.3678731 0.8621038 0.3914197 0.8618912 0.3914344 0.8665975 0.3678199 0.8668373 0.3914344 0.8665975 0.3913637 0.8712561 0.3913637 0.8712561 0.4151229 0.8707002 0.4150504 0.8754078 0.3915225 0.8806011 0.3914688 0.8758795 0.4150504 0.8754078 0.3915225 0.8806011 0.415121 0.8801533 0.4151215 0.885015 0.3915454 0.885424 0.4151215 0.885015 0.4152994 0.8900109 0.3919637 0.8952997 0.3917839 0.8903499 0.4152994 0.8900109 0.3914197 0.8618912 0.3913393 0.8570544 0.4146682 0.8564999 0.3914197 0.8618912 0.4148378 0.8613451 0.4149926 0.8660359 0.3914344 0.8665975 0.4149926 0.8660359 0.4151229 0.8707002 0.4151229 0.8707002 0.4398374 0.8703262 0.4396603 0.8753408 0.415121 0.8801533 0.4150504 0.8754078 0.4396603 0.8753408 0.415121 0.8801533 0.4391663 0.8803219 0.4386555 0.8852353 0.4151215 0.885015 0.4386555 0.8852353 0.4384374 0.8900862 0.4153292 0.8949336 0.4152994 0.8900109 0.4384374 0.8900862 0.4148378 0.8613451 0.4146682 0.8564999 0.4382027 0.8554174 0.4148378 0.8613451 0.4388792 0.8603388 0.4395204 0.8653179 0.4151229 0.8707002 0.4149926 0.8660359 0.4395204 0.8653179 0.4576632 0.9273279 0.4831517 0.9273746 0.4831448 0.932177 0.4584432 0.937532 0.4578964 0.9324757 0.4831448 0.932177 0.4584432 0.937532 0.4831578 0.9370806 0.4831718 0.9420843 0.4590041 0.9425876 0.4831718 0.9420843 0.4831894 0.9471902 0.4591743 0.9525738 0.4592925 0.9475941 0.4831894 0.9471902 0.4584694 0.9170075 0.459087 0.9119349 0.4833213 0.912733 0.4584694 0.9170075 0.483257 0.9177247 0.4832023 0.9225896 0.4576632 0.9273279 0.4578922 0.9221457 0.4832023 0.9225896 0.4831448 0.932177 0.4831517 0.9273746 0.5075277 0.9274409 0.4831578 0.9370806 0.4831448 0.932177 0.5075187 0.93234 0.4831718 0.9420843 0.4831578 0.9370806 0.5074902 0.9372469 0.4831894 0.9471902 0.4831718 0.9420843 0.5074585 0.9421884 0.4831894 0.9471902 0.5074401 0.947171 0.5074545 0.952152 0.4833213 0.912733 0.5074815 0.9126707 0.5075059 0.9176402 0.483257 0.9177247 0.5075059 0.9176402 0.5075278 0.9225428 0.4832023 0.9225896 0.5075278 0.9225428 0.5075277 0.9274409 0.5075278 0.9225428 0.5604701 0.9224736 0.5604649 0.9274705 0.5074401 0.947171 0.5074585 0.9421884 0.5604496 0.9423477 0.5075059 0.9176402 0.5604752 0.9175158 0.5604701 0.9224736 0.5074585 0.9421884 0.5074902 0.9372469 0.5604549 0.9374242 0.5074401 0.947171 0.5604447 0.9472628 0.5604396 0.9521793 0.5074815 0.9126707 0.5604803 0.9125518 0.5604752 0.9175158 0.5075187 0.93234 0.5075277 0.9274409 0.5604649 0.9274705 0.5074902 0.9372469 0.5075187 0.93234 0.5604598 0.9324672 0.8481248 0.7910792 0.8483179 0.7209509 0.8533762 0.7210252 0.8533978 0.7911083 0.8533762 0.7210252 0.8584421 0.7209992 0.8586288 0.7910899 0.8584421 0.7209992 0.8635477 0.7209212 0.8638182 0.7910676 0.8635477 0.7209212 0.8687642 0.7208166 0.8324334 0.7909417 0.8272046 0.7908905 0.8278931 0.7207141 0.8376209 0.7909934 0.8324334 0.7909417 0.8330977 0.7208355 0.8428521 0.7910415 0.8376209 0.7909934 0.8381969 0.7209299 0.8481248 0.7910792 0.8428521 0.7910415 0.8432588 0.7209903 0.8483179 0.7209509 0.8483273 0.6963357 0.8530851 0.6963297 0.8533762 0.7210252 0.8530851 0.6963297 0.8579729 0.6962955 0.8584421 0.7209992 0.8579729 0.6962955 0.8630011 0.6961867 0.8635477 0.7209212 0.8630011 0.6961867 0.8681384 0.6960154 0.8330977 0.7208355 0.8278931 0.7207141 0.8286282 0.6959956 0.8381969 0.7209299 0.8330977 0.7208355 0.8337404 0.6961374 0.8432588 0.7209903 0.8381969 0.7209299 0.8387038 0.6962559 0.8483179 0.7209509 0.8432588 0.7209903 0.8435736 0.6963112 0.8483273 0.6963357 0.848201 0.6724114 0.8529105 0.6722424 0.8579729 0.6962955 0.8530851 0.6963297 0.8529105 0.6722424 0.8579729 0.6962955 0.857679 0.6721467 0.8625624 0.6721509 0.8681384 0.6960154 0.8630011 0.6961867 0.8625624 0.6721509 0.8286282 0.6959956 0.8288657 0.6722244 0.8338326 0.6722593 0.8387038 0.6962559 0.8337404 0.6961374 0.8338326 0.6722593 0.8387038 0.6962559 0.83875 0.6722694 0.8434854 0.6722608 0.8483273 0.6963357 0.8435736 0.6963112 0.8434854 0.6722608 0.8529105 0.6722424 0.848201 0.6724114 0.8482251 0.6488233 0.8529105 0.6722424 0.8528579 0.6486516 0.8575082 0.6486008 0.857679 0.6721467 0.8575082 0.6486008 0.8622649 0.648589 0.8625624 0.6721509 0.8622649 0.648589 0.8672225 0.6484729 0.8338326 0.6722593 0.8288657 0.6722244 0.8291887 0.6486977 0.8338326 0.6722593 0.8341704 0.648721 0.8389181 0.6487503 0.8434854 0.6722608 0.83875 0.6722694 0.8389181 0.6487503 0.8434854 0.6722608 0.8435985 0.6486848 0.8482251 0.6488233 0.8528579 0.6486516 0.8482251 0.6488233 0.8480626 0.6254369 0.8575082 0.6486008 0.8528579 0.6486516 0.852644 0.6253522 0.8575082 0.6486008 0.8573243 0.6253252 0.8621027 0.6252225 0.8622649 0.648589 0.8621027 0.6252225 0.8670353 0.6251166 0.8341704 0.648721 0.8291887 0.6486977 0.8290391 0.6254478 0.8389181 0.6487503 0.8341704 0.648721 0.833954 0.6254227 0.8389181 0.6487503 0.8387426 0.6254028 0.8434494 0.6253544 0.8435985 0.6486848 0.8434494 0.6253544 0.8480626 0.6254369 0.8480626 0.6254369 0.84754 0.6017801 0.8522377 0.6018655 0.8573243 0.6253252 0.852644 0.6253522 0.8522377 0.6018655 0.8573243 0.6253252 0.8569742 0.601817 0.8618581 0.6017629 0.8621027 0.6252225 0.8618581 0.6017629 0.8668107 0.6017639 0.833954 0.6254227 0.8290391 0.6254478 0.8284317 0.6022902 0.8387426 0.6254028 0.833954 0.6254227 0.8333479 0.6021669 0.8387426 0.6254028 0.8381956 0.6019783 0.8428878 0.6019063 0.8434494 0.6253544 0.8428878 0.6019063 0.84754 0.6017801 0.84754 0.6017801 0.8471331 0.5769167 0.8522129 0.5770859 0.8569742 0.601817 0.8522377 0.6018655 0.8522129 0.5770859 0.8569742 0.601817 0.8572624 0.5775876 0.8622488 0.5781204 0.8618581 0.6017629 0.8622488 0.5781204 0.8672501 0.5784024 0.8333479 0.6021669 0.8284317 0.6022902 0.8273029 0.5790544 0.8381956 0.6019783 0.8333479 0.6021669 0.8322173 0.5786259 0.8381956 0.6019783 0.8371058 0.5779269 0.8420627 0.57726 0.84754 0.6017801 0.8428878 0.6019063 0.8420627 0.57726 0.246917 0.9235898 0.2723284 0.9236186 0.2723603 0.9283809 0.247137 0.9287744 0.2723603 0.9283809 0.2723853 0.9332542 0.2483101 0.9389168 0.2477134 0.9338468 0.2723853 0.9332542 0.2483101 0.9389168 0.2724182 0.9382209 0.2724785 0.9432849 0.2483417 0.9082643 0.2486878 0.9032393 0.2725113 0.903966 0.2483417 0.9082643 0.2724499 0.9090198 0.2724056 0.9139843 0.2477344 0.9133337 0.2724056 0.9139843 0.2723702 0.9188565 0.246917 0.9235898 0.2471475 0.9184052 0.2723702 0.9188565 0.2723603 0.9283809 0.2723284 0.9236186 0.2966424 0.9236374 0.2723853 0.9332542 0.2723603 0.9283809 0.296633 0.9285301 0.2724182 0.9382209 0.2723853 0.9332542 0.2965992 0.9334294 0.2724785 0.9432849 0.2724182 0.9382209 0.2965559 0.9383622 0.2725113 0.903966 0.2965505 0.9038922 0.2965748 0.9089139 0.2724499 0.9090198 0.2965748 0.9089139 0.296612 0.9138463 0.2724056 0.9139843 0.296612 0.9138463 0.2966393 0.9187455 0.2723702 0.9188565 0.2966393 0.9187455 0.2966424 0.9236374 0.2966393 0.9187455 0.349668 0.918658 0.349665 0.9236706 0.2965255 0.9433848 0.2965559 0.9383622 0.3496558 0.9385972 0.296612 0.9138463 0.349671 0.913685 0.349668 0.918658 0.2965559 0.9383622 0.2965992 0.9334294 0.3496588 0.9336565 0.2965505 0.9038922 0.349677 0.9037553 0.3496739 0.9087442 0.2965748 0.9089139 0.3496739 0.9087442 0.349671 0.913685 0.296633 0.9285301 0.2966424 0.9236374 0.349665 0.9236706 0.2965992 0.9334294 0.296633 0.9285301 0.3496619 0.9286831 0.8433205 0.3709998 0.8483697 0.3709681 0.8481833 0.440935 0.8382663 0.3709316 0.8433205 0.3709998 0.8429211 0.4409357 0.8331727 0.3708286 0.8382663 0.3709316 0.8376945 0.440926 0.8279711 0.3706983 0.8331727 0.3708286 0.8325108 0.4408744 0.8638253 0.4408833 0.8635506 0.370967 0.8687449 0.3708715 0.8586536 0.4409067 0.8584644 0.3710362 0.8635506 0.370967 0.8534399 0.4409258 0.8534149 0.3710522 0.8584644 0.3710362 0.8481833 0.440935 0.8483697 0.3709681 0.8534149 0.3710522 0.8437254 0.3463984 0.8484855 0.3462818 0.8483697 0.3709681 0.8388637 0.3463035 0.8437254 0.3463984 0.8433205 0.3709998 0.8339035 0.3461484 0.8388637 0.3463035 0.8382663 0.3709316 0.8287875 0.3459739 0.8339035 0.3461484 0.8331727 0.3708286 0.8635506 0.370967 0.8630748 0.3463388 0.8681965 0.3462098 0.8584644 0.3710362 0.8581106 0.3464438 0.8630748 0.3463388 0.8534149 0.3710522 0.8532442 0.3464406 0.8581106 0.3464438 0.8483697 0.3709681 0.8484855 0.3462818 0.8532442 0.3464406 0.8438969 0.3223774 0.8485966 0.3224198 0.8484855 0.3462818 0.8388637 0.3463035 0.8391215 0.3222824 0.8438969 0.3223774 0.8342251 0.3221786 0.8391215 0.3222824 0.8388637 0.3463035 0.8287875 0.3459739 0.8292385 0.3221333 0.8342251 0.3221786 0.8629829 0.3223251 0.867982 0.3222817 0.8681965 0.3462098 0.8581106 0.3464438 0.8580806 0.3223943 0.8629829 0.3223251 0.8532971 0.3224557 0.8580806 0.3223943 0.8581106 0.3464438 0.8484855 0.3462818 0.8485966 0.3224198 0.8532971 0.3224557 0.8438969 0.3223774 0.843989 0.2986366 0.8486633 0.2988052 0.8391215 0.3222824 0.8393043 0.2986339 0.843989 0.2986366 0.8344489 0.2986231 0.8393043 0.2986339 0.8391215 0.3222824 0.8292385 0.3221333 0.8294547 0.2985683 0.8344489 0.2986231 0.8629096 0.2986134 0.8678763 0.29865 0.867982 0.3222817 0.8580806 0.3223943 0.8580365 0.2986451 0.8629096 0.2986134 0.8533413 0.2986639 0.8580365 0.2986451 0.8580806 0.3223943 0.8486633 0.2988052 0.8533413 0.2986639 0.8532971 0.3224557 0.843989 0.2986366 0.844024 0.2751353 0.8486329 0.2752857 0.8393043 0.2986339 0.8393523 0.2751964 0.844024 0.2751353 0.8346033 0.2751681 0.8393523 0.2751964 0.8393043 0.2986339 0.8296621 0.2751078 0.8346033 0.2751681 0.8344489 0.2986231 0.8629096 0.2986134 0.8627416 0.2752241 0.867719 0.2752386 0.8580365 0.2986451 0.8579472 0.2751626 0.8627416 0.2752241 0.8532386 0.275135 0.8579472 0.2751626 0.8580365 0.2986451 0.8486329 0.2752857 0.8532386 0.275135 0.8533413 0.2986639 0.8440512 0.2517225 0.8487079 0.2516661 0.8486329 0.2752857 0.8393523 0.2751964 0.8393182 0.2517672 0.8440512 0.2517225 0.8344621 0.2518089 0.8393182 0.2517672 0.8393523 0.2751964 0.8296621 0.2751078 0.8295364 0.2518661 0.8344621 0.2518089 0.8629207 0.251803 0.8678752 0.2518696 0.867719 0.2752386 0.8579472 0.2751626 0.8580857 0.2516685 0.8629207 0.251803 0.85338 0.251646 0.8580857 0.2516685 0.8579472 0.2751626 0.8486329 0.2752857 0.8487079 0.2516661 0.85338 0.251646 0.8434355 0.2270374 0.848519 0.2267494 0.8487079 0.2516661 0.8384581 0.2276521 0.8434355 0.2270374 0.8440512 0.2517225 0.8344621 0.2518089 0.8334921 0.2283098 0.8384581 0.2276521 0.8285906 0.2286986 0.8334921 0.2283098 0.8344621 0.2518089 0.8629207 0.251803 0.8635546 0.2281398 0.8685607 0.2284747 0.8586437 0.2275379 0.8635546 0.2281398 0.8629207 0.251803 0.85338 0.251646 0.853601 0.2269741 0.8586437 0.2275379 0.848519 0.2267494 0.853601 0.2269741 0.85338 0.251646 0.4521151 0.9288966 0.4269672 0.9284644 0.4269757 0.9236943 0.4269389 0.9333305 0.4269672 0.9284644 0.4521151 0.9288966 0.4268937 0.9383196 0.4269389 0.9333305 0.4515303 0.9339535 0.4268368 0.9433772 0.4268937 0.9383196 0.4509339 0.9389427 0.4509897 0.9083949 0.4268987 0.9091182 0.4268357 0.9040572 0.4269345 0.9140831 0.4268987 0.9091182 0.4509897 0.9083949 0.4521458 0.9185917 0.4269697 0.9189217 0.4269345 0.9140831 0.4269757 0.9236943 0.4269697 0.9189217 0.4521458 0.9185917 0.4269672 0.9284644 0.4026913 0.9285919 0.4026874 0.9236993 0.4269389 0.9333305 0.4027193 0.9334918 0.4026913 0.9285919 0.4268937 0.9383196 0.4027571 0.9384258 0.4027193 0.9334918 0.4268368 0.9433772 0.4027815 0.9434493 0.4027571 0.9384258 0.4027722 0.9089775 0.4028024 0.9039568 0.4268357 0.9040572 0.4027293 0.9139088 0.4027722 0.9089775 0.4268987 0.9091182 0.4026959 0.9188069 0.4027293 0.9139088 0.4269345 0.9140831 0.4026874 0.9236993 0.4026959 0.9188069 0.4269697 0.9189217 0.349665 0.9236706 0.349668 0.918658 0.4026959 0.9188069 0.4027815 0.9434493 0.3496528 0.9435864 0.3496558 0.9385972 0.349668 0.918658 0.349671 0.913685 0.4027293 0.9139088 0.4027571 0.9384258 0.3496558 0.9385972 0.3496588 0.9336565 0.3496739 0.9087442 0.349677 0.9037553 0.4028024 0.9039568 0.349671 0.913685 0.3496739 0.9087442 0.4027722 0.9089775 0.4026913 0.9285919 0.3496619 0.9286831 0.349665 0.9236706 0.4027193 0.9334918 0.3496588 0.9336565 0.3496619 0.9286831 0.4577086 0.7474226 0.4525896 0.7474316 0.4529442 0.7124543 0.4628843 0.7474225 0.4577086 0.7474226 0.4579949 0.7125353 0.4682324 0.7126008 0.4680565 0.7474237 0.4628843 0.7474225 0.4732766 0.7125951 0.4731693 0.747435 0.4680565 0.7474237 0.4782783 0.712643 0.478196 0.7475027 0.4731693 0.747435 0.4832456 0.7128157 0.4831446 0.7475704 0.478196 0.7475027 0.4880964 0.7476211 0.4831446 0.7475704 0.4832456 0.7128157 0.4931381 0.7476613 0.4880964 0.7476211 0.4882159 0.712664 0.4577086 0.7474226 0.4576368 0.7816988 0.4526652 0.7820855 0.4628843 0.7474225 0.462615 0.7815664 0.4576368 0.7816988 0.4675949 0.7818062 0.462615 0.7815664 0.4628843 0.7474225 0.4725834 0.7823024 0.4675949 0.7818062 0.4680565 0.7474237 0.4776655 0.7828012 0.4725834 0.7823024 0.4731693 0.747435 0.4828409 0.7830475 0.4776655 0.7828012 0.478196 0.7475027 0.4880964 0.7476211 0.4880136 0.7829177 0.4828409 0.7830475 0.4931381 0.7476613 0.4930967 0.7825393 0.4880136 0.7829177 0.3933855 0.6571757 0.3933853 0.3494495 0.398335 0.3490752 0.3884239 0.3496044 0.3933853 0.3494495 0.3933855 0.6571757 0.3834628 0.6571757 0.3834626 0.3494495 0.3884239 0.3496044 0.378513 0.3490752 0.3834626 0.3494495 0.3834628 0.6571757 0.3735632 0.3487009 0.378513 0.3490752 0.3785132 0.6575499 0.368602 0.6580791 0.3686019 0.3485459 0.3735632 0.3487009 0.3636404 0.3487009 0.3686019 0.3485459 0.368602 0.6580791 0.358691 0.6575499 0.3586907 0.3490752 0.3636404 0.3487009 0.6023548 0.5040381 0.5972203 0.5041026 0.5972526 0.4691436 0.6075485 0.503964 0.6023548 0.5040381 0.6022612 0.4695314 0.6122711 0.4694196 0.6127453 0.5038918 0.6075485 0.503964 0.6172748 0.4689229 0.6178855 0.5038158 0.6127453 0.5038918 0.6223645 0.4684209 0.6229361 0.5038034 0.6178855 0.5038158 0.6275562 0.4681681 0.6279053 0.5038048 0.6229361 0.5038034 0.6328766 0.5038244 0.6279053 0.5038048 0.6275562 0.4681681 0.6379364 0.5038462 0.6328766 0.5038244 0.6327639 0.4682937 0.6023548 0.5040381 0.6027787 0.5389118 0.5977507 0.5390015 0.6075485 0.503964 0.6078863 0.5387025 0.6027787 0.5389118 0.6129992 0.5388169 0.6078863 0.5387025 0.6075485 0.503964 0.6180469 0.5388222 0.6129992 0.5388169 0.6127453 0.5038918 0.6230311 0.5387709 0.6180469 0.5388222 0.6178855 0.5038158 0.6279904 0.5385978 0.6230311 0.5387709 0.6229361 0.5038034 0.6328766 0.5038244 0.6329504 0.5387503 0.6279904 0.5385978 0.6379364 0.5038462 0.6379469 0.5387805 0.6329504 0.5387503 0.6027787 0.5389118 0.6030847 0.5736904 0.5981152 0.5737546 0.6078863 0.5387025 0.6081311 0.5735068 0.6030847 0.5736904 0.6131828 0.5736405 0.6081311 0.5735068 0.6078863 0.5387025 0.6181753 0.5736637 0.6131828 0.5736405 0.6129992 0.5388169 0.6231096 0.5736288 0.6181753 0.5736637 0.6180469 0.5388222 0.6280214 0.5734731 0.6231096 0.5736288 0.6230311 0.5387709 0.6329504 0.5387503 0.6329341 0.5736346 0.6280214 0.5734731 0.6379469 0.5387805 0.6378816 0.5736753 0.6329341 0.5736346 0.6030847 0.5736904 0.603223 0.6085394 0.5982928 0.6085782 0.6081311 0.5735068 0.6082262 0.6083832 0.603223 0.6085394 0.6132335 0.608533 0.6082262 0.6083832 0.6081311 0.5735068 0.6181843 0.6085732 0.6132335 0.608533 0.6131828 0.5736405 0.6230807 0.6085557 0.6181843 0.6085732 0.6181753 0.5736637 0.6279565 0.6084187 0.6230807 0.6085557 0.6231096 0.5736288 0.6329341 0.5736346 0.6328324 0.6085892 0.6279565 0.6084187 0.6378816 0.5736753 0.6377419 0.6086414 0.6328324 0.6085892 0.603223 0.6085394 0.6032078 0.6435448 0.5983058 0.6435617 0.6082262 0.6083832 0.6081795 0.643412 0.6032078 0.6435448 0.6131536 0.6435768 0.6081795 0.643412 0.6082262 0.6083832 0.6180741 0.6436323 0.6131536 0.6435768 0.6132335 0.608533 0.6229426 0.6436305 0.6180741 0.6436323 0.6181843 0.6085732 0.6277921 0.6435111 0.6229426 0.6436305 0.6230807 0.6085557 0.6328324 0.6085892 0.6326403 0.6436913 0.6277921 0.6435111 0.6377419 0.6086414 0.6375212 0.6437553 0.6326403 0.6436913 0.6032078 0.6435448 0.6030587 0.678719 0.5981753 0.6787182 0.6081795 0.643412 0.6080089 0.6786057 0.6030587 0.678719 0.6129594 0.6787829 0.6080089 0.6786057 0.6081795 0.643412 0.6178569 0.6788516 0.6129594 0.6787829 0.6131536 0.6435768 0.6227039 0.6788639 0.6178569 0.6788516 0.6180741 0.6436323 0.6275315 0.6787593 0.6227039 0.6788639 0.6229426 0.6436305 0.6326403 0.6436913 0.6323572 0.6789487 0.6275315 0.6787593 0.6375212 0.6437553 0.637214 0.6790235 0.6323572 0.6789487 0.6030587 0.678719 0.6027942 0.714025 0.5979254 0.7140258 0.6080089 0.6786057 0.607762 0.7139207 0.6027942 0.714025 0.6127274 0.7141039 0.607762 0.7139207 0.6080089 0.6786057 0.617607 0.7141876 0.6127274 0.7141039 0.6129594 0.6787829 0.6224165 0.7142121 0.617607 0.7141876 0.6178569 0.6788516 0.6272103 0.7141176 0.6224165 0.7142121 0.6227039 0.6788639 0.6323572 0.6789487 0.6320021 0.7142993 0.6272103 0.7141176 0.637214 0.6790235 0.6368257 0.7143653 0.6320021 0.7142993 0.6027942 0.714025 0.6025933 0.7489939 0.5978136 0.7493762 0.607762 0.7139207 0.6073805 0.7488717 0.6025933 0.7489939 0.6121692 0.7491359 0.6073805 0.7488717 0.607762 0.7139207 0.6169627 0.7496603 0.6121692 0.7491359 0.6127274 0.7141039 0.6218402 0.7501824 0.6169627 0.7496603 0.617607 0.7141876 0.6268019 0.7504102 0.6218402 0.7501824 0.6224165 0.7142121 0.6320021 0.7142993 0.6317589 0.7502871 0.6268019 0.7504102 0.6368257 0.7143653 0.6366342 0.7499086 0.6317589 0.7502871 0.548267 0.5476004 0.543381 0.5475334 0.543847 0.5121708 0.5532395 0.5477637 0.548267 0.5476004 0.5486149 0.5126352 0.5581582 0.5126823 0.5582141 0.5476369 0.5532395 0.5477637 0.5629212 0.5122647 0.5630912 0.547613 0.5582141 0.5476369 0.5677517 0.5118381 0.5679087 0.5476382 0.5630912 0.547613 0.5726664 0.5116608 0.5726967 0.5477765 0.5679087 0.5476382 0.5774841 0.5476368 0.5726967 0.5477765 0.5726664 0.5116608 0.5822905 0.5476132 0.5774841 0.5476368 0.577589 0.5118278 0.5482319 0.582991 0.5433247 0.5829522 0.543381 0.5475334 0.5531927 0.5831387 0.5482319 0.582991 0.548267 0.5476004 0.5582141 0.5476369 0.5581532 0.5829945 0.5531927 0.5831387 0.5630912 0.547613 0.5630477 0.5829641 0.5581532 0.5829945 0.5679087 0.5476382 0.5679059 0.5829867 0.5630477 0.5829641 0.5726967 0.5477765 0.5727346 0.583123 0.5679059 0.5829867 0.5775625 0.5829657 0.5727346 0.583123 0.5726967 0.5477765 0.5824109 0.5829235 0.5775625 0.5829657 0.5774841 0.5476368 0.5482034 0.6182568 0.5432773 0.6182145 0.5433247 0.5829522 0.5531867 0.6184088 0.5482034 0.6182568 0.5482319 0.582991 0.5581532 0.5829945 0.5581713 0.6182626 0.5531867 0.6184088 0.5630477 0.5829641 0.5630899 0.6182317 0.5581713 0.6182626 0.5679059 0.5829867 0.5679728 0.6182537 0.5630899 0.6182317 0.5727346 0.583123 0.5728257 0.6183921 0.5679728 0.6182537 0.577679 0.6182302 0.5728257 0.6183921 0.5727346 0.583123 0.5825538 0.6181856 0.577679 0.6182302 0.5775625 0.5829657 0.5481302 0.6533548 0.5431755 0.6533007 0.5432773 0.6182145 0.5531463 0.6535195 0.5481302 0.6533548 0.5482034 0.6182568 0.5581713 0.6182626 0.5581648 0.653377 0.5531463 0.6535195 0.5630899 0.6182317 0.5631154 0.6533516 0.5581648 0.653377 0.5679728 0.6182537 0.5680282 0.6533785 0.5631154 0.6533516 0.5728257 0.6183921 0.5729109 0.6535241 0.5680282 0.6533785 0.5777939 0.653361 0.5729109 0.6535241 0.5728257 0.6183921 0.5827001 0.6533171 0.5777939 0.653361 0.577679 0.6182302 0.5479685 0.6883006 0.5429731 0.6882287 0.5431755 0.6533007 0.553029 0.688484 0.5479685 0.6883006 0.5481302 0.6533548 0.5581648 0.653377 0.5580934 0.6883498 0.553029 0.688484 0.5631154 0.6533516 0.563086 0.6883342 0.5580934 0.6883498 0.5680282 0.6533785 0.5680395 0.6883705 0.563086 0.6883342 0.5729109 0.6535241 0.5729606 0.6885279 0.5680395 0.6883705 0.5778835 0.6883673 0.5729606 0.6885279 0.5729109 0.6535241 0.582831 0.6883275 0.5778835 0.6883673 0.5777939 0.653361 0.547693 0.7231767 0.5426382 0.7230928 0.5429731 0.6882287 0.5528137 0.7233723 0.547693 0.7231767 0.5479685 0.6883006 0.5580934 0.6883498 0.5579364 0.7232468 0.5528137 0.7233723 0.563086 0.6883342 0.5629819 0.7232437 0.5579364 0.7232468 0.5680395 0.6883705 0.5679843 0.7232939 0.5629819 0.7232437 0.5729606 0.6885279 0.5729516 0.7234689 0.5679843 0.7232939 0.5779213 0.7233194 0.5729516 0.7234689 0.5729606 0.6885279 0.5829194 0.7232934 0.5779213 0.7233194 0.5778835 0.6883673 0.5474088 0.7580871 0.5422865 0.7580975 0.5426382 0.7230928 0.5525875 0.7580853 0.5474088 0.7580871 0.547693 0.7231767 0.5579364 0.7232468 0.5577622 0.7580846 0.5525875 0.7580853 0.5629819 0.7232437 0.5628768 0.7580946 0.5577622 0.7580846 0.5679843 0.7232939 0.5679053 0.7581605 0.5628768 0.7580946 0.5729516 0.7234689 0.5728552 0.7582264 0.5679053 0.7581605 0.5778077 0.7582753 0.5728552 0.7582264 0.5729516 0.7234689 0.58285 0.758313 0.5778077 0.7582753 0.5779213 0.7233194 0.5474088 0.7580871 0.5473573 0.792383 0.5423824 0.792773 0.5525875 0.7580853 0.5523383 0.7922473 0.5473573 0.792383 0.5573212 0.7924845 0.5523383 0.7922473 0.5525875 0.7580853 0.5623126 0.7929775 0.5573212 0.7924845 0.5577622 0.7580846 0.5673985 0.793473 0.5623126 0.7929775 0.5628768 0.7580946 0.5725769 0.7937154 0.5673985 0.793473 0.5679053 0.7581605 0.5778077 0.7582753 0.5777508 0.7935817 0.5725769 0.7937154 0.58285 0.758313 0.5828351 0.7931995 0.5777508 0.7935817 0.2597281 0.3451004 0.264678 0.3447262 0.2646702 0.6532008 0.2547667 0.3452552 0.2597281 0.3451004 0.2597203 0.6528264 0.2498055 0.3451001 0.2547667 0.3452552 0.254759 0.6526713 0.2448479 0.6532002 0.2448558 0.3447257 0.2498055 0.3451001 0.2399061 0.3443511 0.2448558 0.3447257 0.2448479 0.6532002 0.234937 0.6537291 0.2349447 0.3441962 0.2399061 0.3443511 0.2299832 0.344351 0.2349447 0.3441962 0.234937 0.6537291 0.2250258 0.6531999 0.2250337 0.3447252 0.2299832 0.344351 0.6789143 0.7795959 0.6840525 0.7795371 0.6839702 0.8145176 0.6737174 0.779664 0.6789143 0.7795959 0.6789593 0.8141227 0.6689431 0.8142201 0.6685181 0.7797306 0.6737174 0.779664 0.6639358 0.8147094 0.6633757 0.7798005 0.6685181 0.7797306 0.6588423 0.8152039 0.6583235 0.779807 0.6633757 0.7798005 0.6536472 0.8154487 0.6533532 0.7797995 0.6583235 0.779807 0.6483809 0.779774 0.6533532 0.7797995 0.6536472 0.8154487 0.6433206 0.7797458 0.6483809 0.779774 0.6484387 0.8153151 0.6789143 0.7795959 0.6785205 0.7446987 0.683553 0.7446105 0.6737174 0.779664 0.6734094 0.7449064 0.6785205 0.7446987 0.6682941 0.7447901 0.6734094 0.7449064 0.6737174 0.779664 0.6632454 0.7447831 0.6682941 0.7447901 0.6685181 0.7797306 0.6582602 0.744833 0.6632454 0.7447831 0.6633757 0.7798005 0.653301 0.745004 0.6582602 0.744833 0.6583235 0.779807 0.6483809 0.779774 0.6483414 0.7448492 0.653301 0.745004 0.6433206 0.7797458 0.6433464 0.7448171 0.6483414 0.7448492 0.6785205 0.7446987 0.6782077 0.709893 0.6831821 0.7098239 0.6734094 0.7449064 0.6731574 0.7100816 0.6782077 0.709893 0.6681031 0.7099532 0.6731574 0.7100816 0.6734094 0.7449064 0.6631101 0.7099352 0.6681031 0.7099532 0.6682941 0.7447901 0.6581761 0.7099749 0.6631101 0.7099352 0.6632454 0.7447831 0.6532656 0.7101356 0.6581761 0.7099749 0.6582602 0.744833 0.6483414 0.7448492 0.6483545 0.7099788 0.6532656 0.7101356 0.6433464 0.7448171 0.6434102 0.7099429 0.6483545 0.7099788 0.6782077 0.709893 0.6780044 0.6750122 0.6829407 0.6749585 0.6731574 0.7100816 0.6729972 0.6751837 0.6780044 0.6750122 0.6679875 0.6750487 0.6729972 0.6751837 0.6731574 0.7100816 0.6630361 0.6750235 0.6679875 0.6750487 0.6681031 0.7099532 0.6581408 0.6750557 0.6630361 0.6750235 0.6631101 0.7099352 0.6532679 0.675207 0.6581408 0.6750557 0.6581761 0.7099749 0.6483545 0.7099788 0.6483953 0.6750506 0.6532679 0.675207 0.6434102 0.7099429 0.6434904 0.6750125 0.6483953 0.6750506 0.6780044 0.6750122 0.6778752 0.6399701 0.6827841 0.6399256 0.6729972 0.6751837 0.6728996 0.640131 0.6778752 0.6399701 0.6679224 0.639994 0.6728996 0.640131 0.6729972 0.6751837 0.6630021 0.6399662 0.6679224 0.639994 0.6679875 0.6750487 0.6581355 0.6399949 0.6630021 0.6399662 0.6630361 0.6750235 0.6532905 0.6401413 0.6581355 0.6399949 0.6581408 0.6750557 0.6483953 0.6750506 0.6484464 0.639988 0.6532905 0.6401413 0.6434904 0.6750125 0.6435724 0.6399505 0.6484464 0.639988 0.6778752 0.6399701 0.6777766 0.6047531 0.6826682 0.6047109 0.6728996 0.640131 0.6728224 0.6049106 0.6777766 0.6047531 0.6678683 0.604777 0.6728224 0.6049106 0.6728996 0.640131 0.6629708 0.604752 0.6678683 0.604777 0.6679224 0.639994 0.6581268 0.6047827 0.6629708 0.604752 0.6630021 0.6399662 0.6533057 0.6049297 0.6581268 0.6047827 0.6581355 0.6399949 0.6484464 0.639988 0.6484849 0.6047829 0.6533057 0.6049297 0.6435724 0.6399505 0.643637 0.6047504 0.6484849 0.6047829 0.6777766 0.6047531 0.6776648 0.5693976 0.6825426 0.5693346 0.6728224 0.6049106 0.6726922 0.569566 0.6776648 0.5693976 0.6677229 0.5694472 0.6726922 0.569566 0.6728224 0.6049106 0.662844 0.569427 0.6677229 0.5694472 0.6678683 0.604777 0.658038 0.5694651 0.662844 0.569427 0.6629708 0.604752 0.6532527 0.5696203 0.658038 0.5694651 0.6581268 0.6047827 0.6484849 0.6047829 0.6484678 0.5694996 0.6532527 0.5696203 0.643637 0.6047504 0.6436548 0.5694943 0.6484678 0.5694996 0.6776648 0.5693976 0.677344 0.534363 0.682128 0.5339089 0.6726922 0.569566 0.6725486 0.5345575 0.677344 0.534363 0.6677486 0.534399 0.6725486 0.5345575 0.6726922 0.569566 0.6629484 0.5339819 0.6677486 0.534399 0.6677229 0.5694472 0.6580739 0.5335676 0.6629484 0.5339819 0.662844 0.569427 0.653124 0.5334134 0.6580739 0.5335676 0.658038 0.5694651 0.6484678 0.5694996 0.6481839 0.5336084 0.653124 0.5334134 0.6436548 0.5694943 0.6433293 0.5340566 0.6481839 0.5336084 0.4575682 0.5371529 0.4526914 0.5371533 0.4525938 0.5018662 0.462536 0.5372468 0.4575682 0.5371529 0.4573583 0.5022537 0.4668817 0.5021127 0.4675057 0.5370504 0.462536 0.5372468 0.4716379 0.5015838 0.4723835 0.5369578 0.4675057 0.5370504 0.4764703 0.5010446 0.4772052 0.5369158 0.4723835 0.5369578 0.4813966 0.5007886 0.4820011 0.5369881 0.4772052 0.5369158 0.4867951 0.5367825 0.4820011 0.5369881 0.4813966 0.5007886 0.4916121 0.5366933 0.4867951 0.5367825 0.4863359 0.5008787 0.4579454 0.5724917 0.4530466 0.5725013 0.4526914 0.5371533 0.4629023 0.5725902 0.4579454 0.5724917 0.4575682 0.5371529 0.4675057 0.5370504 0.4678583 0.5723973 0.4629023 0.5725902 0.4723835 0.5369578 0.4727532 0.5723187 0.4678583 0.5723973 0.4772052 0.5369158 0.4776143 0.5722932 0.4727532 0.5723187 0.4820011 0.5369881 0.4824491 0.5723829 0.4776143 0.5722932 0.4872821 0.5721778 0.4824491 0.5723829 0.4820011 0.5369881 0.4921391 0.5720884 0.4872821 0.5721778 0.4867951 0.5367825 0.4581986 0.6077133 0.4532797 0.6077029 0.4530466 0.5725013 0.4631777 0.6078326 0.4581986 0.6077133 0.4579454 0.5724917 0.4678583 0.5723973 0.4681589 0.6076539 0.4631777 0.6078326 0.4727532 0.5723187 0.4730771 0.607591 0.4681589 0.6076539 0.4776143 0.5722932 0.477962 0.6075813 0.4730771 0.607591 0.4824491 0.5723829 0.4828199 0.6076884 0.477962 0.6075813 0.487677 0.6074948 0.4828199 0.6076884 0.4824491 0.5723829 0.4925589 0.6074191 0.487677 0.6074948 0.4872821 0.5721778 0.4583011 0.6427735 0.4533528 0.6427382 0.4532797 0.6077029 0.4633134 0.6429187 0.4583011 0.6427735 0.4581986 0.6077133 0.4681589 0.6076539 0.4683289 0.6427567 0.4633134 0.6429187 0.4730771 0.607591 0.473279 0.6427122 0.4683289 0.6427567 0.477962 0.6075813 0.4781932 0.6427201 0.473279 0.6427122 0.4828199 0.6076884 0.4830785 0.6428469 0.4781932 0.6427201 0.4879648 0.6426653 0.4830785 0.6428469 0.4828199 0.6076884 0.4928761 0.6426029 0.4879648 0.6426653 0.487677 0.6074948 0.458234 0.677687 0.4532437 0.6776244 0.4533528 0.6427382 0.4632909 0.6778609 0.458234 0.677687 0.4583011 0.6427735 0.4683289 0.6427567 0.4683529 0.6777172 0.4632909 0.6778609 0.473279 0.6427122 0.4733444 0.6776922 0.4683529 0.6777172 0.4781932 0.6427201 0.4782982 0.6777194 0.4733444 0.6776922 0.4830785 0.6428469 0.4832211 0.6778677 0.4782982 0.6777194 0.4881454 0.6776981 0.4832211 0.6778677 0.4830785 0.6428469 0.4930965 0.6776496 0.4881454 0.6776981 0.4879648 0.6426653 0.4579949 0.7125353 0.4529442 0.7124543 0.4532437 0.6776244 0.4631119 0.7127288 0.4579949 0.7125353 0.458234 0.677687 0.4683529 0.6777172 0.4682324 0.7126008 0.4631119 0.7127288 0.4733444 0.6776922 0.4732766 0.7125951 0.4682324 0.7126008 0.4782982 0.6777194 0.4782783 0.712643 0.4732766 0.7125951 0.4832211 0.6778677 0.4832456 0.7128157 0.4782783 0.712643 0.4882159 0.712664 0.4832456 0.7128157 0.4832211 0.6778677 0.493215 0.7126363 0.4882159 0.712664 0.4881454 0.6776981 0.01929867 0.7119708 0.03242641 0.7052603 0.04027444 0.7238722 0.002722918 0.6710034 0.02341294 0.6679803 0.02681529 0.6867098 0.03781718 0.6292186 0.05336248 0.6269707 0.05714416 0.6441254 0.008602797 0.692599 0.02681529 0.6867098 0.03242641 0.7052603 0.002722918 0.6710034 0.002718269 0.6477023 0.02203583 0.647937 0.02341294 0.6679803 0.04178082 0.6660705 0.04373627 0.6839588 0.02198755 0.5924814 0.009406328 0.5921122 0.01068478 0.5708855 0.03242641 0.7052603 0.02681529 0.6867098 0.04373627 0.6839588 0.02203583 0.647937 0.0396803 0.6467282 0.04178082 0.6660705 0.04027444 0.7238722 0.03242641 0.7052603 0.04576373 0.7022718 0.04373627 0.6839588 0.0607587 0.6828989 0.05947613 0.7023273 0.04178082 0.6660705 0.0396803 0.6467282 0.05714416 0.6441254 0.04576373 0.7022718 0.05947613 0.7023273 0.05570673 0.7222525 0.04178082 0.6660705 0.06010663 0.6638916 0.0607587 0.6828989 0.04653519 0.5903674 0.03432279 0.5919219 0.03271943 0.5729645 0.05714416 0.6441254 0.07520222 0.6396905 0.08073192 0.6616375 0.05570673 0.7222525 0.05947613 0.7023273 0.07395321 0.7061892 0.06010663 0.6638916 0.08073192 0.6616375 0.08056914 0.6844503 0.04653519 0.5903674 0.0430746 0.5711157 0.05410927 0.5677247 0.05947613 0.7023273 0.0607587 0.6828989 0.08056914 0.6844503 0.1143621 0.704459 0.1272894 0.6975179 0.1353944 0.7158482 0.0968523 0.6637306 0.1178967 0.6605962 0.1214159 0.6791898 0.1141899 0.5854523 0.1018112 0.5855753 0.1018171 0.5644865 0.1032605 0.6854069 0.1214159 0.6791898 0.1272894 0.6975179 0.0968523 0.6637306 0.09701198 0.6406751 0.1158913 0.6407603 0.1141899 0.5854523 0.113602 0.5655918 0.1243097 0.5653582 0.1272894 0.6975179 0.1214159 0.6791898 0.1382238 0.6760216 0.1178967 0.6605962 0.1158913 0.6407603 0.1334527 0.6390584 0.1353944 0.7158482 0.1272894 0.6975179 0.1404926 0.6943257 0.1178967 0.6605962 0.1360892 0.6580832 0.1382238 0.6760216 0.1404926 0.6943257 0.1382238 0.6760216 0.1551777 0.6749991 0.1360892 0.6580832 0.1334527 0.6390584 0.1508619 0.6362406 0.1404926 0.6943257 0.1540865 0.6942089 0.150653 0.7139862 0.1382238 0.6760216 0.1360892 0.6580832 0.1544145 0.6561419 0.1389064 0.5824808 0.1266061 0.5844297 0.1243097 0.5653582 0.150653 0.7139862 0.1540865 0.6942089 0.1684312 0.6978375 0.1544145 0.6561419 0.1746957 0.6539251 0.1746925 0.6763576 0.1389064 0.5824808 0.1347642 0.5630546 0.1459351 0.5592036 0.1551777 0.6749991 0.1746925 0.6763576 0.1684312 0.6978375 0.1544145 0.6561419 0.1508619 0.6362406 0.1693096 0.6314807 0.1640834 0.7989748 0.1570137 0.7857325 0.1755922 0.777544 0.1444472 0.8104242 0.1221863 0.8158522 0.1197354 0.7951154 0.04425048 0.8099225 0.02290761 0.8088525 0.02477639 0.7973456 0.09701198 0.6406751 0.09965342 0.6222941 0.1154497 0.6228458 0.1640834 0.7989748 0.1444472 0.8104242 0.1384126 0.7914412 0.1221863 0.8158522 0.09927201 0.8154007 0.09962344 0.7966588 0.09927201 0.8154007 0.08102673 0.8125016 0.08179622 0.796815 0.09546387 0.7615913 0.07847571 0.7655262 0.074144 0.7504591 0.1384126 0.7914412 0.1351069 0.7746117 0.1537135 0.772326 0.1197354 0.7951154 0.09962344 0.7966588 0.09814381 0.7790135 0.02198755 0.5924814 0.02213913 0.5728566 0.03271943 0.5729645 0.1570137 0.7857325 0.1537135 0.772326 0.1733767 0.7699478 0.1197354 0.7951154 0.1170867 0.7767814 0.1351069 0.7746117 0.04442888 0.7972494 0.02477639 0.7973456 0.02477914 0.7867701 0.1537135 0.772326 0.1351069 0.7746117 0.134282 0.7575176 0.1170867 0.7767814 0.09814381 0.7790135 0.09546387 0.7615913 0.2681771 0.6953281 0.2855006 0.7026435 0.280612 0.7179071 0.1733767 0.7699478 0.1537135 0.772326 0.1536575 0.7584926 0.1351069 0.7746117 0.1170867 0.7767814 0.1153377 0.7584018 0.0420174 0.772751 0.0436964 0.7849363 0.02477914 0.7867701 0.1468029 0.6191484 0.1620176 0.6145188 0.1693096 0.6314807 0.1536575 0.7584926 0.1571575 0.7441673 0.1767885 0.7543721 0.1153377 0.7584018 0.1128642 0.7378612 0.135568 0.737861 0.0420174 0.772751 0.0228306 0.776475 0.01919943 0.7654393 0.05336248 0.6269707 0.06852686 0.6227939 0.07520222 0.6396905 0.1536575 0.7584926 0.134282 0.7575176 0.135568 0.737861 0.09546387 0.7615913 0.09089308 0.7436049 0.1128642 0.7378612 0.005910098 0.6289306 0.02205312 0.6301974 0.02203583 0.647937 0.2458359 0.6900131 0.2438346 0.7104614 0.2249075 0.7090716 0.3172941 0.7263259 0.3203208 0.7142332 0.340446 0.7199112 0.2589338 0.7488367 0.2768201 0.7492366 0.2773637 0.7650884 0.2239235 0.6905251 0.2249075 0.7090716 0.2056149 0.710039 0.2681771 0.6953281 0.26353 0.7138231 0.2438346 0.7104614 0.1825661 0.7053198 0.2025288 0.6955467 0.2056149 0.710039 0.2249075 0.7090716 0.2237823 0.7263042 0.205321 0.7238117 0.26353 0.7138231 0.2606623 0.7311492 0.2416152 0.7288009 0.08179622 0.796815 0.08090001 0.7810571 0.09814381 0.7790135 0.2056149 0.710039 0.205321 0.7238117 0.185647 0.7210342 0.2249075 0.7090716 0.2438346 0.7104614 0.2416152 0.7288009 0.315108 0.7384375 0.3172941 0.7263259 0.336141 0.7306429 0.1312463 0.6217756 0.1468029 0.6191484 0.1508619 0.6362406 0.2606623 0.7311492 0.2589338 0.7488367 0.2387768 0.7470178 0.08090001 0.7810571 0.07847571 0.7655262 0.09546387 0.7615913 0.185647 0.7210342 0.205321 0.7238117 0.2018054 0.7371967 0.2237823 0.7263042 0.2416152 0.7288009 0.2387768 0.7470178 0.3139895 0.7507457 0.315108 0.7384375 0.3340871 0.7410373 0.2606623 0.7311492 0.2779345 0.7334577 0.2768201 0.7492366 0.205321 0.7238117 0.2237823 0.7263042 0.2202427 0.7430741 0.2018054 0.7371967 0.1947365 0.7501705 0.1783123 0.7352678 0.2202427 0.7430741 0.2387768 0.7470178 0.235991 0.767661 0.3139895 0.7507457 0.3336888 0.7515249 0.3346769 0.763096 0.26353 0.7138231 0.280612 0.7179071 0.2779345 0.7334577 0.2018054 0.7371967 0.2202427 0.7430741 0.2139759 0.7618058 0.2589338 0.7488367 0.2589599 0.7676643 0.235991 0.767661 0.1154497 0.6228458 0.1312463 0.6217756 0.1334527 0.6390584 0.01068478 0.5708855 0.01824933 0.5533986 0.02473288 0.5551132 0.02473288 0.5551132 0.03142875 0.5554621 0.03271943 0.5729645 0.03271943 0.5729645 0.03142875 0.5554621 0.03798878 0.554356 0.0430746 0.5711157 0.03798878 0.554356 0.04407465 0.5515661 0.1018171 0.5644865 0.1085676 0.5460692 0.115289 0.547621 0.115289 0.547621 0.1221562 0.5473787 0.1243097 0.5653582 0.1221562 0.5473787 0.1288864 0.5459968 0.1347642 0.5630546 0.1347642 0.5630546 0.1288864 0.5459968 0.1350479 0.5429074 0.02290761 0.8088525 0.005321323 0.8014022 0.006991147 0.7948899 0.006991147 0.7948899 0.007294714 0.7881844 0.02477914 0.7867701 0.007294714 0.7881844 0.006156861 0.7816331 0.0228306 0.776475 0.006156861 0.7816331 0.003442704 0.7756146 0.01919943 0.7654393 0.340446 0.7199112 0.356074 0.7307819 0.353111 0.736792 0.353111 0.736792 0.3514481 0.7432927 0.3340871 0.7410373 0.3514481 0.7432927 0.3511976 0.7499741 0.3336888 0.7515249 0.3336888 0.7515249 0.3511976 0.7499741 0.3526958 0.7565444 0.03432279 0.5919219 0.03596812 0.6101548 0.02217698 0.6108151 0.02217698 0.6108151 0.03596812 0.6101548 0.03781718 0.6292186 0.03781718 0.6292186 0.03596812 0.6101548 0.04954516 0.6082443 0.04954516 0.6082443 0.03596812 0.6101548 0.03432279 0.5919219 0.05336248 0.6269707 0.04954516 0.6082443 0.06243395 0.6050982 0.04954516 0.6082443 0.04653519 0.5903674 0.05843687 0.5879132 0.1018112 0.5855753 0.1141899 0.5854523 0.1151072 0.6036948 0.1151072 0.6036948 0.1154497 0.6228458 0.09965342 0.6222941 0.1266061 0.5844297 0.1287955 0.6026243 0.1151072 0.6036948 0.1287955 0.6026243 0.1312463 0.6217756 0.1154497 0.6228458 0.1468029 0.6191484 0.1312463 0.6217756 0.1287955 0.6026243 0.1424421 0.6004855 0.1287955 0.6026243 0.1266061 0.5844297 0.1620176 0.6145188 0.1468029 0.6191484 0.1424421 0.6004855 0.1424421 0.6004855 0.1389064 0.5824808 0.1509049 0.5796563 0.04425048 0.8099225 0.04442888 0.7972494 0.06274586 0.7967894 0.06274586 0.7967894 0.08179622 0.796815 0.08102673 0.8125016 0.08179622 0.796815 0.06274586 0.7967894 0.06175613 0.7830957 0.06274586 0.7967894 0.04442888 0.7972494 0.0436964 0.7849363 0.07847571 0.7655262 0.08090001 0.7810571 0.06175613 0.7830957 0.05989211 0.7695537 0.06175613 0.7830957 0.0436964 0.7849363 0.03943026 0.7608582 0.05659997 0.7567091 0.05989211 0.7695537 0.05989211 0.7695537 0.05659997 0.7567091 0.074144 0.7504591 0.3203208 0.7142332 0.3172941 0.7263259 0.2992997 0.7224653 0.3030299 0.7095327 0.2992997 0.7224653 0.280612 0.7179071 0.280612 0.7179071 0.2992997 0.7224653 0.2969983 0.7360308 0.2992997 0.7224653 0.3172941 0.7263259 0.315108 0.7384375 0.2768201 0.7492366 0.2779345 0.7334577 0.2969983 0.7360308 0.2969983 0.7360308 0.315108 0.7384375 0.3139895 0.7507457 0.3138085 0.7629609 0.2961464 0.763061 0.2959628 0.7497283 0.2961464 0.763061 0.2773637 0.7650884 0.2768201 0.7492366 0.02205312 0.6301974 0.005910098 0.6289306 0.008664429 0.6101101 0.008664429 0.6101101 0.009406328 0.5921122 0.02198755 0.5924814 0.02203583 0.647937 0.02205312 0.6301974 0.03781718 0.6292186 0.1199877 0.002719342 0.1327196 0.02174788 0.1033841 0.02760231 0.5293085 0.8108814 0.5285925 0.81695 0.5026764 0.8138917 0.5308617 0.679043 0.531426 0.6853629 0.5051174 0.6876193 0.531426 0.6853629 0.5319337 0.691676 0.5056491 0.6936401 0.5334885 0.7233815 0.5335943 0.7297033 0.5073074 0.7300479 0.5335943 0.7297033 0.5336397 0.7360164 0.5074263 0.7361065 0.5336397 0.7360164 0.5336243 0.7423217 0.5074069 0.7421655 0.5336243 0.7423217 0.5335482 0.7486175 0.5074173 0.7482187 0.5335482 0.7486175 0.5334091 0.7549042 0.5073063 0.7542755 0.5334091 0.7549042 0.5332118 0.761175 0.5071374 0.7602839 0.5332118 0.761175 0.5329557 0.7674326 0.5069736 0.7663021 0.5306565 0.79857 0.5300081 0.8047313 0.5043972 0.801943 0.5300081 0.8047313 0.5293085 0.8108814 0.5036361 0.8078773 0.5302402 0.6727117 0.5308617 0.679043 0.5045306 0.6815927 0.5333212 0.7170524 0.5334885 0.7233815 0.5072085 0.7239822 0.2904762 0.8200275 0.2913115 0.8164101 0.3365587 0.8217965 0.2904455 0.8336501 0.2897076 0.8298825 0.3349549 0.835269 0.2897449 0.8261699 0.2897117 0.8230514 0.3365551 0.8286277 0.3349549 0.835269 0.2897076 0.8298825 0.2897449 0.8261699 0.2897117 0.8230514 0.2904762 0.8200275 0.3365215 0.8255088 0.2929134 0.8129209 0.2944195 0.8102357 0.3349872 0.8150652 0.2913115 0.8164101 0.2929134 0.8129209 0.3358206 0.8180288 0.5295643 0.6663703 0.5302402 0.6727117 0.5038017 0.6755043 0.5312498 0.7923913 0.5306565 0.79857 0.5049664 0.7960332 0.5028212 0.6693151 0.5038017 0.6755043 0.4995083 0.6761325 0.5776164 0.3055847 0.5735445 0.3014652 0.5769257 0.2988915 0.5045306 0.6815927 0.5002856 0.682092 0.4995083 0.6761325 0.5706404 0.2964338 0.5745831 0.2948135 0.5769257 0.2988915 0.5051174 0.6876193 0.5009308 0.6880093 0.5002856 0.682092 0.5691563 0.2908021 0.5733791 0.2902706 0.5745831 0.2948135 0.5051174 0.6876193 0.5056491 0.6936401 0.5013911 0.6939416 0.5691563 0.2908021 0.5691864 0.2849954 0.5733918 0.2855753 0.5072085 0.7239822 0.5028749 0.7241042 0.5027293 0.7180877 0.5884381 0.265891 0.588971 0.2701309 0.5844109 0.2713303 0.5073074 0.7300479 0.5030634 0.7301238 0.5028749 0.7241042 0.5942612 0.2659171 0.5936814 0.270139 0.588971 0.2701309 0.5074263 0.7361065 0.5030916 0.7361423 0.5030634 0.7301238 0.5998712 0.2674455 0.5982201 0.271366 0.5936814 0.270139 0.5074069 0.7421655 0.5031633 0.7421597 0.5030916 0.7361423 0.604887 0.270372 0.6022801 0.2737255 0.5982201 0.271366 0.5074069 0.7421655 0.5074173 0.7482187 0.5030749 0.7481788 0.604887 0.270372 0.6089664 0.2744916 0.6055875 0.2770569 0.5074173 0.7482187 0.5073063 0.7542755 0.5030399 0.7542112 0.6089664 0.2744916 0.6118424 0.2795093 0.6079277 0.2811236 0.5073063 0.7542755 0.5071374 0.7602839 0.5029338 0.7601541 0.6118424 0.2795093 0.6133441 0.2850999 0.6091324 0.2856591 0.5071374 0.7602839 0.5069736 0.7663021 0.502658 0.7661237 0.6133441 0.2850999 0.6133496 0.2909162 0.6091253 0.290354 0.5049664 0.7960332 0.5008552 0.7956306 0.5013452 0.7898141 0.5941381 0.3099941 0.593589 0.3057755 0.5981308 0.3045848 0.5049664 0.7960332 0.5043972 0.801943 0.5001924 0.8014603 0.5941381 0.3099941 0.5883426 0.309992 0.5888902 0.3057876 0.5043972 0.801943 0.5036361 0.8078773 0.4995012 0.8072844 0.5883426 0.309992 0.5827422 0.3085094 0.5843505 0.3045798 0.5026764 0.8138917 0.4985415 0.8129787 0.4995012 0.8072844 0.5777224 0.3056501 0.5802638 0.3022282 0.5843505 0.3045798 0.5060552 0.6996995 0.5064225 0.7057873 0.5020423 0.7060272 0.5736118 0.2743957 0.5769841 0.2769822 0.574623 0.2810447 0.5059496 0.7842233 0.5017594 0.7839497 0.5021104 0.7780541 0.6089084 0.3015577 0.6047683 0.3056449 0.6022047 0.3022562 0.5064225 0.7057873 0.5067166 0.7118738 0.5024206 0.7121025 0.5777255 0.2702835 0.5803217 0.2736693 0.5769841 0.2769822 0.5063233 0.7782898 0.5021104 0.7780541 0.5024137 0.772119 0.611824 0.2965264 0.6089084 0.3015577 0.605538 0.2989494 0.5067166 0.7118738 0.506962 0.7179237 0.5027293 0.7180877 0.5827878 0.2673691 0.5844109 0.2713303 0.5803217 0.2736693 0.5066664 0.7723224 0.5024137 0.772119 0.502658 0.7661237 0.6133496 0.2909162 0.611824 0.2965264 0.6079004 0.2948892 0.5056491 0.6936401 0.5060552 0.6996995 0.5017491 0.6999433 0.5691864 0.2849954 0.5707117 0.2794109 0.574623 0.2810447 0.5055071 0.7901404 0.5013452 0.7898141 0.5017594 0.7839497 0.5997353 0.3085079 0.5981308 0.3045848 0.6022047 0.3022562 0.5287106 0.659473 0.5027555 0.6625069 0.502045 0.6564292 0.5262148 0.5332773 0.4999248 0.5309655 0.5004882 0.5246378 0.525708 0.5393003 0.4994201 0.5372802 0.4999248 0.5309655 0.5239956 0.5755889 0.4977685 0.5752657 0.4978742 0.5689495 0.5239677 0.5816631 0.4977247 0.5815768 0.4977685 0.5752657 0.5239002 0.5877284 0.4977418 0.58788 0.4977247 0.5815768 0.5239454 0.5937985 0.4978229 0.5941736 0.4977418 0.58788 0.5240318 0.5998181 0.4979652 0.6004517 0.4978229 0.5941736 0.524203 0.6057919 0.4981651 0.6067124 0.4979652 0.6004517 0.5244024 0.6117692 0.4984214 0.6129603 0.4981651 0.6067124 0.5270327 0.6474936 0.5013519 0.6502756 0.5007052 0.644109 0.5277501 0.6534146 0.502045 0.6564292 0.5013519 0.6502756 0.5268471 0.527225 0.5004882 0.5246378 0.501111 0.5182963 0.5241451 0.5695098 0.4978742 0.5689495 0.4980417 0.5626308 0.9397854 0.9523141 0.985028 0.9468879 0.9858667 0.9505046 0.9414011 0.9657852 0.9866437 0.9603588 0.985909 0.9641274 0.9397953 0.9591452 0.9866337 0.9535278 0.9866032 0.9566466 0.9405627 0.9621684 0.9866032 0.9566466 0.9866437 0.9603588 0.9398259 0.9560266 0.9858667 0.9505046 0.9866337 0.9535278 0.9405202 0.9485458 0.9413512 0.9455814 0.9819146 0.9407163 0.9397854 0.9523141 0.9405202 0.9485458 0.9834229 0.9434002 0.527611 0.5211192 0.501111 0.5182963 0.5017879 0.5119428 0.526404 0.6416077 0.5007052 0.644109 0.5001119 0.6379212 0.5329357 0.5158265 0.5319049 0.5217761 0.527611 0.5211192 0.8810861 0.1532325 0.8844342 0.1565672 0.8818567 0.1599519 0.5319049 0.5217761 0.5311132 0.5277433 0.5268471 0.527225 0.8818567 0.1599519 0.8844342 0.1565672 0.8884978 0.1589151 0.5311132 0.5277433 0.5304541 0.5337028 0.5262148 0.5332773 0.886888 0.1628394 0.8884978 0.1589151 0.8930279 0.1601271 0.5262148 0.5332773 0.5304541 0.5337028 0.5299043 0.5396239 0.8930279 0.1601271 0.8977183 0.16012 0.8982674 0.1643289 0.528568 0.5636376 0.5284256 0.5696018 0.5241451 0.5695098 0.9158762 0.1507757 0.9119507 0.1491433 0.9131588 0.1446017 0.5241451 0.5695098 0.5284256 0.5696018 0.5283526 0.5756564 0.9131588 0.1446017 0.9131466 0.1398984 0.9173743 0.1393446 0.5239956 0.5755889 0.5283526 0.5756564 0.5282242 0.581696 0.9131466 0.1398984 0.9119127 0.1353551 0.9158608 0.1337164 0.5239677 0.5816631 0.5282242 0.581696 0.5282559 0.5877323 0.9158608 0.1337164 0.9119127 0.1353551 0.9095634 0.1312715 0.5282559 0.5877323 0.5282289 0.5937837 0.5239454 0.5937985 0.9095634 0.1312715 0.9062381 0.1279414 0.9088366 0.1245565 0.5282289 0.5937837 0.5282609 0.5997571 0.5240318 0.5998181 0.9088366 0.1245565 0.9062381 0.1279414 0.9021703 0.1255877 0.5282609 0.5997571 0.5283675 0.6056572 0.524203 0.6057919 0.903787 0.1216541 0.9021703 0.1255877 0.8976325 0.1243712 0.524203 0.6057919 0.5283675 0.6056572 0.5286436 0.6115564 0.8976325 0.1243712 0.8929373 0.1243751 0.8923915 0.1201661 0.5300741 0.6353726 0.5305534 0.6412269 0.526404 0.6416077 0.8747373 0.1337381 0.8786821 0.1353635 0.8774734 0.1399039 0.526404 0.6416077 0.5305534 0.6412269 0.5311235 0.6470142 0.8774734 0.1399039 0.8774862 0.1446033 0.8732725 0.1451582 0.5270327 0.6474936 0.5311235 0.6470142 0.5319038 0.6527715 0.8774862 0.1446033 0.8787189 0.1491398 0.8747823 0.1507674 0.5277501 0.6534146 0.5319038 0.6527715 0.5329323 0.6585408 0.8747823 0.1507674 0.8787189 0.1491398 0.8810861 0.1532325 0.5295445 0.545573 0.5292528 0.5516272 0.5248941 0.5513861 0.9038808 0.1628246 0.9022461 0.1588972 0.9063013 0.156544 0.5250706 0.6237913 0.5293192 0.6235497 0.5296654 0.6294801 0.8843417 0.1279508 0.8810268 0.1312832 0.8776457 0.128687 0.5248941 0.5513861 0.5292528 0.5516272 0.5288762 0.5576785 0.9063013 0.156544 0.9096077 0.1532157 0.9129754 0.1558007 0.529014 0.6175476 0.5293192 0.6235497 0.5250706 0.6237913 0.8867858 0.1216652 0.888405 0.1255948 0.8843417 0.1279508 0.5288762 0.5576785 0.528568 0.5636376 0.524362 0.5634787 0.9129754 0.1558007 0.9096077 0.1532157 0.9119507 0.1491433 0.5244024 0.6117692 0.5286436 0.6115564 0.529014 0.6175476 0.8929373 0.1243751 0.888405 0.1255948 0.8867858 0.1216652 0.525708 0.5393003 0.5299043 0.5396239 0.5295445 0.545573 0.8977183 0.16012 0.9022461 0.1588972 0.9038808 0.1628246 0.5296654 0.6294801 0.5300741 0.6353726 0.5258876 0.6356911 0.8776457 0.128687 0.8810268 0.1312832 0.8786821 0.1353635 0.524362 0.5634787 0.4980417 0.5626308 0.500617 0.5563862 0.5284811 0.7077471 0.5067166 0.7118738 0.5064225 0.7057873 0.5280639 0.7765673 0.527376 0.7796351 0.5063233 0.7782898 0.5069736 0.7663021 0.5329557 0.7674326 0.5303302 0.7735767 0.5258876 0.6356911 0.5001119 0.6379212 0.5018767 0.6315224 0.5276512 0.7827605 0.5059496 0.7842233 0.5063233 0.7782898 0.5294898 0.7859997 0.5312498 0.7923913 0.5055071 0.7901404 0.5244024 0.6117692 0.5246902 0.6177896 0.5010411 0.6190957 0.9096077 0.1532157 0.8787189 0.1491398 0.8976325 0.1243712 0.6055875 0.2770569 0.593589 0.3057755 0.574623 0.2810447 0.5281378 0.7014446 0.5278177 0.7046226 0.5064225 0.7057873 0.503719 0.628279 0.5039958 0.6251497 0.5250706 0.6237913 0.525708 0.5393003 0.5252705 0.5453236 0.5013043 0.54377 0.5307418 0.7107993 0.5333212 0.7170524 0.506962 0.7179237 0.5032162 0.5470464 0.5252705 0.5453236 0.5248941 0.5513861 0.503306 0.6220802 0.5246902 0.6177896 0.5250706 0.6237913 0.5056491 0.6936401 0.5319337 0.691676 0.5300525 0.698166 0.502873 0.5533384 0.503535 0.5502194 0.5248941 0.5513861 0.486827 0.9361628 0.4938967 0.9054555 0.5238215 0.9101959 0.5176177 0.9440781 0.5238215 0.9101959 0.5538331 0.9140011 0.5486095 0.9502344 0.5538331 0.9140011 0.5841146 0.9168602 0.3417451 0.8738818 0.3441054 0.8682021 0.3741216 0.8772329 0.6115454 0.9583808 0.579888 0.9550378 0.5841146 0.9168602 0.369682 0.8885304 0.3741216 0.8772329 0.4041251 0.8856279 0.3981188 0.9023678 0.4041251 0.8856279 0.4341055 0.8932009 0.4271506 0.9150325 0.4341055 0.8932009 0.4639967 0.8998799 0.486827 0.9361628 0.4567051 0.9262527 0.4639967 0.8998799 0.6149662 0.919168 0.5841146 0.9168602 0.586438 0.8795117 0.4041251 0.8856279 0.3741216 0.8772329 0.3764059 0.8654106 0.4041251 0.8856279 0.407169 0.8683744 0.437592 0.871066 0.4639967 0.8998799 0.4341055 0.8932009 0.437592 0.871066 0.4938967 0.9054555 0.4639967 0.8998799 0.4676756 0.8733959 0.4938967 0.9054555 0.4974573 0.8753576 0.5270298 0.8770065 0.5238215 0.9101959 0.5270298 0.8770065 0.5565838 0.8785034 0.5841146 0.9168602 0.5538331 0.9140011 0.5565838 0.8785034 0.3441054 0.8682021 0.3453322 0.8621931 0.3764059 0.8654106 0.4676756 0.8733959 0.4678527 0.8469396 0.4976241 0.8453555 0.5270298 0.8770065 0.4974573 0.8753576 0.4976241 0.8453555 0.5270298 0.8770065 0.5272272 0.8441015 0.5568349 0.8432775 0.586438 0.8795117 0.5565838 0.8785034 0.5568349 0.8432775 0.3764059 0.8654106 0.3453322 0.8621931 0.3453908 0.8560671 0.6169549 0.8803467 0.586438 0.8795117 0.5866488 0.8424367 0.3764059 0.8654106 0.3765016 0.8534078 0.4073137 0.8509344 0.407169 0.8683744 0.4073137 0.8509344 0.4377558 0.8487704 0.4676756 0.8733959 0.437592 0.871066 0.4377558 0.8487704 0.5866488 0.8424367 0.5568349 0.8432775 0.5546452 0.807817 0.3765016 0.8534078 0.3453908 0.8560671 0.3442757 0.8500388 0.6170589 0.8417153 0.5866488 0.8424367 0.5848327 0.8052474 0.4073137 0.8509344 0.3765016 0.8534078 0.3744216 0.8415572 0.4073137 0.8509344 0.4045329 0.8336596 0.4345724 0.8265385 0.4678527 0.8469396 0.4377558 0.8487704 0.4345724 0.8265385 0.4678527 0.8469396 0.4646171 0.8203801 0.4946492 0.8151693 0.5272272 0.8441015 0.4976241 0.8453555 0.4946492 0.8151693 0.5272272 0.8441015 0.5246143 0.8109617 0.5546452 0.807817 0.4646171 0.8203801 0.4345724 0.8265385 0.4278686 0.8045717 0.4946492 0.8151693 0.4646171 0.8203801 0.4576944 0.7935614 0.5246143 0.8109617 0.4946492 0.8151693 0.488226 0.7844751 0.5246143 0.8109617 0.5189774 0.7771862 0.5500069 0.7713149 0.5848327 0.8052474 0.5546452 0.807817 0.5500069 0.7713149 0.3442757 0.8500388 0.3420246 0.8443232 0.3701826 0.8302108 0.6153657 0.80323 0.5848327 0.8052474 0.5813065 0.7673228 0.3744216 0.8415572 0.3701826 0.8302108 0.3987631 0.8168684 0.4345724 0.8265385 0.4045329 0.8336596 0.3987631 0.8168684 0.4038751 0.6898369 0.4127399 0.658823 0.4485814 0.6687838 0.5014703 0.4898208 0.5208169 0.4648857 0.5259827 0.4682155 0.3965435 0.7215107 0.4038751 0.6898369 0.4419322 0.6988768 0.5014703 0.4898208 0.5118234 0.4961507 0.4984681 0.524289 0.4829351 0.5155267 0.4984681 0.524289 0.4861532 0.5526258 0.465492 0.5422089 0.4861532 0.5526258 0.4749533 0.5812309 0.4355968 0.5986346 0.4498183 0.5700694 0.4749533 0.5812309 0.4230492 0.6283029 0.4355968 0.5986346 0.4650583 0.6100661 0.4230492 0.6283029 0.4563449 0.6392606 0.4485814 0.6687838 0.4861532 0.5526258 0.5074514 0.5595566 0.5005357 0.5887248 0.4650583 0.6100661 0.4749533 0.5812309 0.5005357 0.5887248 0.4563449 0.6392606 0.4650583 0.6100661 0.4944065 0.6177567 0.4563449 0.6392606 0.4888901 0.646784 0.4837042 0.6759645 0.4419322 0.6988768 0.4485814 0.6687838 0.4837042 0.6759645 0.5259827 0.4682155 0.5316717 0.4704889 0.5230479 0.5004352 0.4359087 0.7297533 0.4419322 0.6988768 0.4791632 0.7056721 0.5118234 0.4961507 0.5230479 0.5004352 0.5149179 0.5301359 0.4984681 0.524289 0.5149179 0.5301359 0.5074514 0.5595566 0.4888901 0.646784 0.5212551 0.6511917 0.5185721 0.6803833 0.4791632 0.7056721 0.4837042 0.6759645 0.5185721 0.6803833 0.5316717 0.4704889 0.537677 0.4716368 0.5347945 0.5026141 0.4748666 0.7362638 0.4791632 0.7056721 0.5161381 0.7100234 0.5230479 0.5004352 0.5347945 0.5026141 0.5319597 0.5331363 0.5074514 0.5595566 0.5149179 0.5301359 0.5319597 0.5331363 0.5074514 0.5595566 0.5292027 0.5632014 0.5264361 0.5927767 0.4944065 0.6177567 0.5005357 0.5887248 0.5264361 0.5927767 0.4888901 0.646784 0.4944065 0.6177567 0.5238213 0.6220773 0.5292027 0.5632014 0.5319597 0.5331363 0.549269 0.5333134 0.5292027 0.5632014 0.5512403 0.5635772 0.5526024 0.5934482 0.5238213 0.6220773 0.5264361 0.5927767 0.5526024 0.5934482 0.5212551 0.6511917 0.5238213 0.6220773 0.5534996 0.6230441 0.5212551 0.6511917 0.5538784 0.6525411 0.5535994 0.6821022 0.5161381 0.7100234 0.5185721 0.6803833 0.5535994 0.6821022 0.5347945 0.5026141 0.537677 0.4716368 0.5437913 0.4716224 0.5137021 0.7405294 0.5161381 0.7100234 0.5531696 0.7119573 0.5319597 0.5331363 0.5347945 0.5026141 0.5467404 0.502647 0.5538784 0.6525411 0.5870606 0.6509925 0.5891895 0.681262 0.5531696 0.7119573 0.5535994 0.6821022 0.5891895 0.681262 0.5437913 0.4716224 0.5498027 0.470437 0.5585557 0.5005066 0.5524902 0.7425099 0.5531696 0.7119573 0.5905743 0.7117062 0.5467404 0.502647 0.5585557 0.5005066 0.5664869 0.5306103 0.549269 0.5333134 0.5664869 0.5306103 0.5734163 0.5606445 0.5526024 0.5934482 0.5512403 0.5635772 0.5734163 0.5606445 0.5534996 0.6230441 0.5526024 0.5934482 0.5791522 0.5906969 0.5538784 0.6525411 0.5534996 0.6230441 0.5836235 0.6208493 0.5664869 0.5306103 0.5833303 0.5249243 0.5953267 0.5542491 0.5734163 0.5606445 0.5953267 0.5542491 0.6059342 0.5841926 0.5836235 0.6208493 0.5791522 0.5906969 0.6059342 0.5841926 0.5870606 0.6509925 0.5836235 0.6208493 0.6147854 0.6149998 0.5870606 0.6509925 0.6212751 0.6463534 0.6261586 0.6779252 0.5905743 0.7117062 0.5891895 0.681262 0.6261586 0.6779252 0.5498027 0.470437 0.5554952 0.4681154 0.5699318 0.4961924 0.5912949 0.7425189 0.5905743 0.7117062 0.628933 0.7097012 0.5585557 0.5005066 0.5699318 0.4961924 0.5833303 0.5249243 0.8134611 0.4127339 0.821697 0.3820546 0.8522028 0.3891943 0.8134611 0.4127339 0.8475295 0.4191224 0.8436192 0.4491547 0.8072705 0.4438683 0.8436192 0.4491547 0.8407048 0.4794713 0.869338 0.2651879 0.8839088 0.2373061 0.8895788 0.2396551 0.7990928 0.506922 0.8024502 0.4752105 0.8407048 0.4794713 0.8555037 0.2934902 0.869338 0.2651879 0.8805806 0.269609 0.8555037 0.2934902 0.8721892 0.2995426 0.864593 0.3294527 0.8426946 0.3224205 0.864593 0.3294527 0.8578618 0.3593437 0.821697 0.3820546 0.8315171 0.3520572 0.8578618 0.3593437 0.8383709 0.510364 0.8407048 0.4794713 0.8780778 0.4818268 0.8805806 0.269609 0.8923804 0.2718877 0.8894019 0.3026012 0.864593 0.3294527 0.8721892 0.2995426 0.8894019 0.3026012 0.8578618 0.3593437 0.864593 0.3294527 0.8867338 0.3330026 0.8522028 0.3891943 0.8578618 0.3593437 0.8843042 0.3630135 0.8475295 0.4191224 0.8522028 0.3891943 0.8823087 0.3927778 0.8475295 0.4191224 0.8806919 0.4223513 0.8791692 0.4519747 0.8436192 0.4491547 0.8791692 0.4519747 0.8780778 0.4818268 0.8895788 0.2396551 0.8955773 0.2408736 0.8923804 0.2718877 0.8823087 0.3927778 0.8843042 0.3630135 0.9107871 0.3632254 0.8806919 0.4223513 0.8823087 0.3927778 0.9123144 0.3930013 0.8806919 0.4223513 0.9135949 0.4226026 0.9144037 0.4521666 0.8780778 0.4818268 0.8791692 0.4519747 0.9144037 0.4521666 0.8923804 0.2718877 0.8955773 0.2408736 0.9016929 0.2409222 0.8772339 0.5123675 0.8780778 0.4818268 0.9151725 0.4820374 0.8894019 0.3026012 0.8923804 0.2718877 0.9043683 0.2719854 0.8894019 0.3026012 0.9068211 0.3027704 0.9089628 0.3331827 0.8867338 0.3330026 0.9089628 0.3331827 0.9107871 0.3632254 0.9016929 0.2409222 0.9077115 0.2398042 0.9162066 0.2699034 0.9158958 0.5124753 0.9151725 0.4820374 0.9524059 0.4802268 0.9043683 0.2719854 0.9162066 0.2699034 0.9241089 0.299993 0.9068211 0.3027704 0.9241089 0.299993 0.9312255 0.3300234 0.9089628 0.3331827 0.9312255 0.3300234 0.9372854 0.360069 0.9123144 0.3930013 0.9107871 0.3632254 0.9372854 0.360069 0.9135949 0.4226026 0.9123144 0.3930013 0.9424791 0.390045 0.9135949 0.4226026 0.9466971 0.4199887 0.949845 0.4500123 0.9151725 0.4820374 0.9144037 0.4521666 0.949845 0.4500123 0.9424791 0.390045 0.9372854 0.360069 0.9640389 0.3531741 0.9424791 0.390045 0.9731256 0.3836203 0.9804484 0.4143305 0.9466971 0.4199887 0.9804484 0.4143305 0.9863542 0.4453618 0.9524059 0.4802268 0.949845 0.4500123 0.9863542 0.4453618 0.9162066 0.2699034 0.9077115 0.2398042 0.913416 0.2375466 0.9544145 0.5108032 0.9524059 0.4802268 0.9903694 0.476684 0.9241089 0.299993 0.9162066 0.2699034 0.9275706 0.265649 0.9241089 0.299993 0.9409091 0.2942633 0.9530813 0.3234155 0.9312255 0.3300234 0.9530813 0.3234155 0.9640389 0.3531741 0.6764575 0.3598855 0.6756672 0.3905016 0.6385683 0.3906266 0.6704348 0.5679278 0.6695352 0.5985825 0.6576043 0.5993137 0.6713212 0.5377813 0.6704348 0.5679278 0.6531566 0.5688501 0.6721716 0.5081078 0.6713212 0.5377813 0.6493099 0.5387478 0.6729916 0.4787457 0.6721716 0.5081078 0.645981 0.5090023 0.673873 0.44955 0.6729916 0.4787457 0.6433214 0.4794777 0.6747763 0.4202012 0.673873 0.44955 0.6412616 0.4500603 0.6756672 0.3905016 0.6747763 0.4202012 0.6396856 0.4205443 0.6695352 0.5985825 0.6686078 0.6297059 0.6625022 0.6301103 0.645981 0.5090023 0.6493099 0.5387478 0.6273247 0.5430734 0.645981 0.5090023 0.6197935 0.5133404 0.6133181 0.4836152 0.6433214 0.4794777 0.6133181 0.4836152 0.6081752 0.4537267 0.6412616 0.4500603 0.6081752 0.4537267 0.6040948 0.4235998 0.6396856 0.4205443 0.6040948 0.4235998 0.6009945 0.3930698 0.6576043 0.5993137 0.6625022 0.6301103 0.6565727 0.6316684 0.6375581 0.3599472 0.6385683 0.3906266 0.6009945 0.3930698 0.6576043 0.5993137 0.6459379 0.6021931 0.6360915 0.5726622 0.6531566 0.5688501 0.6360915 0.5726622 0.6273247 0.5430734 0.6081752 0.4537267 0.5742365 0.460619 0.5673392 0.4293381 0.6009945 0.3930698 0.6040948 0.4235998 0.5673392 0.4293381 0.6565727 0.6316684 0.651034 0.6343442 0.6348582 0.6072172 0.5984398 0.3620812 0.6009945 0.3930698 0.5622648 0.3975248 0.6360915 0.5726622 0.6459379 0.6021931 0.6348582 0.6072172 0.6360915 0.5726622 0.6196919 0.5793958 0.6057128 0.5509001 0.6273247 0.5430734 0.6057128 0.5509001 0.5932573 0.5214617 0.6133181 0.4836152 0.6197935 0.5133404 0.5932573 0.5214617 0.6081752 0.4537267 0.6133181 0.4836152 0.5829536 0.4912371 0.8853633 0.2063891 0.8726317 0.2356761 0.8557398 0.2296025 0.8853633 0.2063891 0.863334 0.199459 0.8698791 0.169335 0.9060537 0.14613 0.8965587 0.1764947 0.8698791 0.169335 0.9137826 0.1153699 0.9060537 0.14613 0.8753972 0.1393557 0.9137826 0.1153699 0.8798999 0.1093826 0.8835017 0.07942944 0.9197724 0.08437353 0.8835017 0.07942944 0.8863293 0.04925894 0.8586532 0.2642025 0.8439862 0.292243 0.8382821 0.2898793 0.9274142 0.0218172 0.9241833 0.05323052 0.8863293 0.04925894 0.8586532 0.2642025 0.8473301 0.2597446 0.8557398 0.2296025 0.8798999 0.1093826 0.8467797 0.1063916 0.8481283 0.07681566 0.8863293 0.04925894 0.8835017 0.07942944 0.8481283 0.07681566 0.8473301 0.2597446 0.8382821 0.2898793 0.832247 0.288656 0.8884633 0.01858007 0.8863293 0.04925894 0.8491091 0.04707127 0.8557398 0.2296025 0.8473301 0.2597446 0.8354499 0.2574599 0.8557398 0.2296025 0.8384025 0.2265384 0.8410205 0.1959673 0.863334 0.199459 0.8410205 0.1959673 0.8433451 0.1657993 0.8753972 0.1393557 0.8698791 0.169335 0.8433451 0.1657993 0.8753972 0.1393557 0.8451562 0.13598 0.8467797 0.1063916 0.8410205 0.1959673 0.8384025 0.2265384 0.8208967 0.2264168 0.8433451 0.1657993 0.8410205 0.1959673 0.8186689 0.1958476 0.8451562 0.13598 0.8433451 0.1657993 0.8168141 0.1656712 0.8467797 0.1063916 0.8451562 0.13598 0.8151473 0.1358441 0.8467797 0.1063916 0.8138569 0.1062728 0.8129802 0.07673448 0.8491091 0.04707127 0.8481283 0.07681566 0.8129802 0.07673448 0.832247 0.288656 0.8260952 0.2886047 0.8233875 0.2573626 0.8498502 0.01669752 0.8491091 0.04707127 0.8121701 0.04694885 0.8354499 0.2574599 0.8233875 0.2573626 0.8208967 0.2264168 0.8138569 0.1062728 0.8151473 0.1358441 0.7849623 0.1388744 0.8138569 0.1062728 0.7807389 0.1089187 0.7775869 0.0789231 0.8121701 0.04694885 0.8129802 0.07673448 0.7775869 0.0789231 0.8233875 0.2573626 0.8260952 0.2886047 0.8200425 0.289732 0.8114503 0.01662409 0.8121701 0.04694885 0.7750327 0.04877066 0.8233875 0.2573626 0.8114872 0.259455 0.8035448 0.2292307 0.8186689 0.1958476 0.8208967 0.2264168 0.8035448 0.2292307 0.8168141 0.1656712 0.8186689 0.1958476 0.7963493 0.1990576 0.8151473 0.1358441 0.8168141 0.1656712 0.7902004 0.168944 0.8114872 0.259455 0.8001062 0.2637234 0.7866258 0.2350385 0.8035448 0.2292307 0.7866258 0.2350385 0.7743914 0.2057182 0.7963493 0.1990576 0.7743914 0.2057182 0.7633733 0.1758742 0.7902004 0.168944 0.7633733 0.1758742 0.7542636 0.145318 0.7807389 0.1089187 0.7849623 0.1388744 0.7542636 0.145318 0.7807389 0.1089187 0.7469753 0.1145619 0.7411112 0.08355277 0.7750327 0.04877066 0.7775869 0.0789231 0.7411112 0.08355277 0.8114872 0.259455 0.8200425 0.289732 0.8143011 0.2920014 0.7730474 0.01829308 0.7750327 0.04877066 0.737134 0.05227524 0.1537769 0.7570949 0.1901416 0.7622699 0.1873471 0.7926092 0.2151175 0.5782181 0.229688 0.5503127 0.2353597 0.5526539 0.1457683 0.820221 0.149043 0.7884665 0.1873471 0.7926092 0.2151175 0.5782181 0.2264296 0.5826333 0.2181191 0.6126365 0.1888307 0.6357395 0.2013743 0.6066884 0.2181191 0.6126365 0.1888307 0.6357395 0.210647 0.6425994 0.2040712 0.672478 0.1680358 0.6952713 0.1777692 0.6652927 0.2040712 0.672478 0.1598824 0.7259519 0.1680358 0.6952713 0.1985242 0.702314 0.1598824 0.7259519 0.1939503 0.7322354 0.1901416 0.7622699 0.210647 0.6425994 0.2327854 0.6460129 0.2304928 0.676041 0.1985242 0.702314 0.2040712 0.672478 0.2304928 0.676041 0.9726877 0.7383989 0.6408306 0.7383992 0.6408304 0.7077673 0.1939503 0.7322354 0.1985242 0.702314 0.228615 0.7057938 0.6620444 0.00501728 0.6926764 0.00501734 0.6926766 0.3368744 0.1939503 0.7322354 0.2271023 0.7353556 0.2256643 0.7649461 0.4169884 0.005017518 0.4169884 0.3368745 0.4054627 0.3368746 0.1873471 0.7926092 0.1901416 0.7622699 0.2256643 0.7649461 0.2353597 0.5526539 0.241361 0.5538617 0.2382388 0.5848808 0.4782524 0.005017399 0.4782524 0.3368745 0.4476205 0.3368745 0.1851572 0.823518 0.1873471 0.7926092 0.224726 0.7948307 0.2264296 0.5826333 0.2382388 0.5848808 0.2353652 0.6156255 0.9726878 0.922191 0.972688 0.9528229 0.6408306 0.9528232 0.2181191 0.6126365 0.2353652 0.6156255 0.2327854 0.6460129 0.972688 0.9949808 0.6408308 0.9949809 0.6408307 0.9834551 0.5088844 0.005017399 0.5088845 0.3368745 0.4782524 0.3368745 0.224726 0.7948307 0.2256643 0.7649461 0.2608894 0.7651177 0.2382388 0.5848808 0.241361 0.5538617 0.2474758 0.5538991 0.9726878 0.8302951 0.9726878 0.860927 0.6408305 0.8609271 0.2239785 0.8253785 0.224726 0.7948307 0.2617965 0.794946 0.2353652 0.6156255 0.2382388 0.5848808 0.2502235 0.5849542 0.9726878 0.8302951 0.6408306 0.8302951 0.6408306 0.7996631 0.5701484 0.005017399 0.6007804 0.005017399 0.6007805 0.3368744 0.2353652 0.6156255 0.2527796 0.6157029 0.2550387 0.6461036 0.9726878 0.922191 0.6408306 0.9221912 0.6408306 0.8915591 0.6926764 0.00501734 0.7233085 0.00501734 0.7233085 0.3368744 0.2327854 0.6460129 0.2550387 0.6461036 0.2569456 0.676157 0.5395163 0.005017399 0.5395166 0.3368744 0.5088845 0.3368745 0.228615 0.7057938 0.2304928 0.676041 0.2569456 0.676157 0.9726878 0.860927 0.972688 0.891559 0.6408306 0.8915591 0.2271023 0.7353556 0.228615 0.7057938 0.2586122 0.705913 0.9726877 0.6771351 0.9726877 0.7077672 0.6408304 0.7077673 0.2271023 0.7353556 0.2599971 0.7355195 0.2608894 0.7651177 0.5912949 0.7425189 0.5914824 0.7542878 0.5521982 0.7542933 0.5395163 0.005017399 0.5701484 0.005017399 0.5701486 0.3368744 0.2550387 0.6461036 0.2772297 0.6428515 0.2834796 0.6728416 0.6007804 0.005017399 0.6314123 0.005017399 0.6314125 0.3368744 0.2586122 0.705913 0.2569456 0.676157 0.2834796 0.6728416 0.9726877 0.7383989 0.9726877 0.769031 0.6408307 0.7690311 0.2599971 0.7355195 0.2586122 0.705913 0.2887933 0.7028354 0.6314123 0.005017399 0.6620444 0.00501728 0.6620445 0.3368744 0.2599971 0.7355195 0.2931182 0.7327888 0.2963678 0.7628236 0.4476203 0.00501734 0.4476205 0.3368745 0.4169884 0.3368745 0.2608894 0.7651177 0.2963678 0.7628236 0.2990319 0.7930357 0.2502235 0.5849542 0.2474758 0.5538991 0.2534902 0.5527686 0.5589804 0.3656091 0.5579255 0.3536628 0.5975884 0.3501608 0.2625574 0.8253756 0.2617965 0.794946 0.2990319 0.7930357 0.2527796 0.6157029 0.2502235 0.5849542 0.2620475 0.5828409 0.3011296 0.8236138 0.3018441 0.835333 0.2628141 0.837079 0.972688 0.9528229 0.9726879 0.9834549 0.6408307 0.9834551 0.2527796 0.6157029 0.2700221 0.6128752 0.2772297 0.6428515 0.1851572 0.823518 0.184405 0.8353519 0.1447912 0.8321661 0.2931182 0.7327888 0.3268826 0.7270115 0.3328956 0.7580457 0.5524902 0.7425099 0.5521982 0.7542933 0.5127694 0.7523364 0.2990319 0.7930357 0.2963678 0.7628236 0.3328956 0.7580457 0.2534902 0.5527686 0.2591887 0.5505048 0.2733615 0.5785743 0.9544145 0.5108032 0.9931026 0.5079098 0.9939674 0.519634 0.3011296 0.8236138 0.2990319 0.7930357 0.3370217 0.7893761 0.2620475 0.5828409 0.2733615 0.5785743 0.2867686 0.6070612 0.3965435 0.7215107 0.4359087 0.7297533 0.4337005 0.7416189 0.5984398 0.3620812 0.5975884 0.3501608 0.6372465 0.3480962 0.2700221 0.6128752 0.2867686 0.6070612 0.2991442 0.6360815 0.7153576 0.3620939 0.7163246 0.3502449 0.7559717 0.3545146 0.7153576 0.3620939 0.6764575 0.3598855 0.6767793 0.3481037 0.2834796 0.6728416 0.2772297 0.6428515 0.2991442 0.6360815 0.6169549 0.8803467 0.6170589 0.8417153 0.6287615 0.8414576 0.2887933 0.7028354 0.2834796 0.6728416 0.3102486 0.6658281 0.8114503 0.01662409 0.8112108 0.005013108 0.8501254 0.005012869 0.2931182 0.7327888 0.2887933 0.7028354 0.319454 0.6962932 0.8884633 0.01858007 0.8498502 0.01669752 0.8501254 0.005012869 0.7205116 0.5823279 0.7044373 0.5746425 0.7148789 0.5455766 0.5137021 0.7405294 0.5127694 0.7523364 0.4732531 0.7480916 0.7730474 0.01829308 0.7344463 0.02111119 0.7336006 0.009432435 0.7498157 0.5259914 0.7359862 0.5545314 0.7148789 0.5455766 0.7990928 0.506922 0.8383709 0.510364 0.837548 0.5221757 0.7622367 0.4967734 0.7498157 0.5259914 0.7241879 0.516448 0.8884633 0.01858007 0.8892319 0.006819605 0.92838 0.01002645 0.7729666 0.4665439 0.7622367 0.4967734 0.7322763 0.4871687 0.6153657 0.80323 0.6124969 0.764617 0.6241759 0.7637611 0.7729666 0.4665439 0.7392228 0.4575943 0.7452444 0.427733 0.8383709 0.510364 0.8772339 0.5123675 0.8769181 0.524181 0.7884889 0.4042932 0.7814531 0.4355985 0.7452444 0.427733 0.7036604 0.6092601 0.6858754 0.6353875 0.680505 0.6323835 0.2625574 0.8253756 0.2628141 0.837079 0.2237153 0.8370819 0.7939971 0.3724236 0.7884889 0.4042932 0.7501532 0.3974559 0.7205116 0.5823279 0.7036604 0.6092601 0.6928805 0.6035782 0.9544145 0.5108032 0.9550958 0.5224546 0.9161512 0.5241863 0.7392228 0.4575943 0.7322763 0.4871687 0.7025973 0.4812819 0.6303321 0.7412784 0.6306935 0.7530883 0.5914824 0.7542878 0.7392228 0.4575943 0.7063614 0.4520353 0.7098056 0.4226787 0.6149662 0.919168 0.6267616 0.919986 0.6234135 0.959389 0.7501532 0.3974559 0.7452444 0.427733 0.7098056 0.4226787 0.680505 0.6323835 0.6746792 0.6304695 0.6814079 0.6000202 0.9158958 0.5124753 0.9161512 0.5241863 0.8769181 0.524181 0.7544318 0.3664252 0.7501532 0.3974559 0.7127835 0.3927997 0.7044373 0.5746425 0.6928805 0.6035782 0.6814079 0.6000202 0.6375581 0.3599472 0.6372465 0.3480962 0.6767793 0.3481037 0.6149662 0.919168 0.6169549 0.8803467 0.6287573 0.8806603 0.7044373 0.5746425 0.6876081 0.5698334 0.693241 0.5400533 0.4748666 0.7362638 0.4732531 0.7480916 0.4337005 0.7416189 0.7730474 0.01829308 0.7723762 0.006624698 0.8112108 0.005013108 0.7241879 0.516448 0.7148789 0.5455766 0.693241 0.5400533 0.1851572 0.823518 0.2239785 0.8253785 0.2237153 0.8370819 0.7322763 0.4871687 0.7241879 0.516448 0.6982666 0.5105842 0.7544318 0.3664252 0.7559717 0.3545146 0.7957949 0.3604171 0.6814079 0.6000202 0.6695352 0.5985825 0.6704348 0.5679278 0.6170589 0.8417153 0.6153657 0.80323 0.6270181 0.8025373 0.693241 0.5400533 0.6876081 0.5698334 0.6704348 0.5679278 0.6982666 0.5105842 0.693241 0.5400533 0.6713212 0.5377813 0.7025973 0.4812819 0.6982666 0.5105842 0.6721716 0.5081078 0.7063614 0.4520353 0.7025973 0.4812819 0.6729916 0.4787457 0.7063614 0.4520353 0.673873 0.44955 0.6747763 0.4202012 0.7127835 0.3927997 0.7098056 0.4226787 0.6747763 0.4202012 0.6814079 0.6000202 0.6746792 0.6304695 0.6686078 0.6297059 0.3398567 0.8206332 0.3407545 0.8323525 0.3018441 0.835333 0.7153576 0.3620939 0.7127835 0.3927997 0.6756672 0.3905016 0.9726877 0.769031 0.9726877 0.799663 0.6408306 0.7996631</float_array>
          <technique_common>
            <accessor source="#Sphere_004-mesh-map-array" count="13338" stride="2">
              <param name="S" type="float"/>
              <param name="T" type="float"/>
            </accessor>
          </technique_common>
        </source>
        <vertices id="Sphere_004-mesh-vertices">
          <input semantic="POSITION" source="#Sphere_004-mesh-positions"/>
        </vertices>
        <triangles material="industrial_wall_lamp-material" count="3698">
          <input semantic="VERTEX" source="#Sphere_004-mesh-vertices" offset="0"/>
          <input semantic="NORMAL" source="#Sphere_004-mesh-normals" offset="1"/>
          <input semantic="TEXCOORD" source="#Sphere_004-mesh-map" offset="2" set="0"/>
          <p>11 0 0 404 1 1 408 2 2 9 3 3 403 4 4 404 1 5 403 4 6 7 5 7 405 6 8 7 5 9 406 7 10 405 6 11 6 8 12 407 9 13 406 7 14 73 10 15 86 11 16 99 12 17 267 13 18 259 14 19 269 15 20 25 16 21 76 17 22 69 18 23 12 19 24 162 20 25 66 21 26 49 22 27 51 23 28 48 24 29 49 22 30 46 25 31 47 26 32 23 27 33 78 28 34 74 29 35 53 30 36 51 23 37 50 31 38 53 30 39 55 32 40 52 33 41 295 34 42 252 35 43 290 36 44 41 37 45 39 38 46 38 39 47 43 40 48 40 41 49 41 37 50 71 42 51 37 43 52 63 44 53 45 45 54 42 46 55 43 40 56 241 47 57 240 48 58 442 49 59 22 50 60 74 29 61 57 51 62 76 17 63 27 52 64 80 53 65 61 54 66 29 55 67 72 56 68 61 54 69 36 57 70 35 58 71 20 59 72 59 60 73 67 61 74 24 62 75 69 18 76 78 28 77 27 63 78 71 42 79 80 64 80 65 65 81 37 43 82 36 57 83 21 66 84 57 51 85 59 60 86 58 67 87 14 68 88 13 69 89 32 70 90 62 71 91 64 72 92 81 73 93 30 74 94 19 75 95 206 76 96 207 77 97 93 78 98 79 62 99 17 79 100 16 28 101 66 21 102 13 69 103 12 19 104 32 70 105 60 80 106 31 81 107 31 81 108 73 82 109 28 83 110 205 84 111 163 85 112 116 86 113 91 87 114 63 48 115 65 88 116 62 89 117 90 90 118 64 91 119 77 92 120 19 93 121 18 94 122 74 95 123 83 96 124 57 97 125 56 98 126 15 99 127 14 68 128 82 100 129 75 101 130 56 102 131 80 103 132 102 104 133 76 105 134 103 106 135 81 107 136 77 108 137 30 74 138 62 71 139 33 109 140 75 110 141 16 28 142 15 99 143 83 96 144 59 111 145 57 97 146 68 112 147 18 94 148 17 79 149 58 102 150 82 100 151 56 102 152 84 113 153 83 114 154 82 115 155 88 116 156 91 117 157 90 118 158 107 119 159 97 120 160 96 121 161 104 122 162 94 123 163 105 124 164 93 125 165 84 113 166 92 126 167 86 127 168 91 117 169 87 128 170 86 127 171 98 129 172 99 130 173 92 131 174 162 132 175 188 133 176 103 134 177 106 135 178 107 136 179 83 114 180 101 137 181 82 115 182 96 121 183 89 138 184 88 116 185 100 139 186 105 124 187 101 137 188 95 140 189 103 134 190 94 123 191 81 107 192 96 141 193 70 142 194 97 143 195 80 103 196 71 144 197 70 142 198 88 145 199 62 89 200 89 48 201 71 144 202 63 48 203 79 146 204 94 147 205 68 148 206 95 149 207 78 150 208 69 151 209 66 152 210 84 153 211 58 102 212 75 101 213 105 154 214 79 146 215 85 155 216 67 156 217 59 111 218 104 157 219 74 95 220 78 150 221 94 147 222 77 108 223 68 148 224 76 105 225 95 149 226 69 151 227 64 91 228 86 11 229 60 158 230 87 159 231 65 88 232 61 160 233 243 161 234 294 162 235 242 163 236 354 164 237 341 165 238 356 166 239 92 126 240 189 167 241 93 125 242 47 26 243 44 168 244 45 45 245 169 169 246 182 170 247 156 102 248 33 171 249 47 172 250 30 173 251 172 174 252 121 175 253 165 176 254 145 177 255 147 178 256 146 179 257 142 180 258 145 177 259 143 181 260 174 182 261 119 183 262 170 184 263 147 178 264 149 185 265 146 179 266 236 186 267 235 186 268 228 187 269 148 188 270 150 189 271 149 185 272 135 190 273 137 191 274 134 192 275 136 193 276 139 194 277 137 191 278 133 195 279 167 196 280 159 197 281 138 198 282 141 199 283 139 194 284 325 200 285 453 201 286 459 202 287 170 184 288 118 203 289 153 204 290 176 205 291 122 206 292 172 174 293 125 207 294 157 208 295 168 209 296 131 210 297 161 211 298 157 208 299 155 212 300 116 86 301 163 85 302 165 176 303 120 213 304 174 182 305 167 196 306 123 214 307 176 215 308 161 211 309 133 195 310 159 197 311 153 204 312 117 216 313 155 212 314 109 217 315 152 218 316 154 219 317 128 220 318 158 221 319 129 222 320 115 223 321 166 224 322 177 223 323 113 176 324 175 225 325 112 226 326 108 227 327 154 219 328 162 20 329 156 228 330 128 220 331 127 229 332 169 230 333 127 229 334 124 231 335 159 48 336 187 232 337 161 233 338 158 102 339 186 234 340 184 235 341 114 236 342 177 237 343 173 238 344 170 239 345 179 240 346 196 241 347 110 242 348 171 243 349 152 218 350 171 244 351 178 245 352 152 246 353 176 247 354 198 248 355 202 249 356 177 250 357 199 251 358 173 252 359 158 221 360 126 253 361 129 222 362 112 226 363 171 243 364 111 254 365 155 255 366 179 240 367 153 256 368 114 236 369 164 257 370 113 176 371 154 102 372 178 245 373 180 258 374 180 259 375 179 260 376 181 261 377 187 262 378 184 263 379 186 264 380 192 265 381 202 266 382 203 267 383 190 268 384 200 269 385 201 270 386 180 259 387 189 167 388 188 271 389 182 272 390 187 262 391 186 264 392 194 273 393 182 272 394 195 186 395 203 274 396 198 275 397 199 276 398 178 277 399 196 278 400 179 260 401 185 279 402 192 265 403 184 263 404 201 270 405 196 278 406 197 254 407 199 276 408 191 280 409 190 268 410 177 250 411 192 281 412 203 282 413 176 247 414 193 283 415 167 48 416 166 284 417 184 235 418 192 281 419 167 48 420 185 48 421 159 48 422 164 285 423 201 286 424 175 287 425 165 288 426 200 289 427 191 290 428 162 132 429 180 258 430 188 133 431 175 287 432 197 291 433 171 244 434 163 292 435 181 293 436 155 255 437 174 294 438 196 241 439 200 289 440 173 252 441 190 295 442 164 285 443 172 296 444 191 290 445 198 248 446 160 297 447 182 170 448 186 234 449 161 233 450 183 298 451 157 299 452 380 300 453 329 301 454 328 302 455 267 303 456 270 304 457 268 305 458 140 306 459 143 181 460 141 199 461 20 59 462 207 307 463 204 308 464 209 309 465 206 309 466 205 309 467 213 310 468 210 311 469 209 312 470 219 48 471 211 48 472 207 77 473 211 313 474 204 314 475 207 315 476 210 48 477 218 48 478 206 76 479 208 316 480 215 317 481 212 318 482 217 319 483 214 320 484 213 321 485 222 322 486 218 323 487 217 324 488 219 325 489 212 326 490 215 327 491 440 48 492 429 328 493 441 329 494 216 330 495 225 331 496 220 332 497 220 332 498 224 333 499 221 334 500 221 334 501 223 335 502 222 322 503 409 336 504 5 337 505 227 338 506 168 339 507 392 340 508 368 341 509 228 187 510 5 342 511 6 186 512 3 343 513 419 344 514 2 345 515 108 346 516 227 347 517 109 48 518 108 346 519 12 348 520 409 349 521 457 350 522 236 351 523 456 352 524 445 48 525 226 48 526 444 48 527 237 353 528 236 186 529 228 187 530 9 354 531 228 187 532 8 355 533 8 355 534 228 187 535 7 186 536 7 186 537 228 187 538 6 186 539 1 356 540 419 344 541 420 357 542 462 358 543 233 359 544 232 360 545 226 361 546 416 362 547 0 363 548 443 364 549 332 365 550 350 366 551 464 367 552 410 367 553 415 368 554 462 369 555 463 367 556 415 368 557 456 352 558 237 370 559 454 371 560 280 372 561 247 373 562 288 374 563 460 375 564 461 376 565 415 368 566 262 377 567 292 378 568 284 379 569 73 82 570 256 380 571 28 83 572 428 381 573 398 382 574 429 328 575 73 10 576 305 383 577 281 384 578 39 38 579 264 385 580 38 39 581 430 386 582 437 387 583 433 361 584 244 388 585 298 389 586 243 161 587 290 36 588 251 390 589 297 391 590 274 392 591 276 393 592 273 394 593 333 395 594 366 396 595 374 397 596 293 398 597 249 399 598 278 400 599 295 34 600 254 401 601 253 402 602 29 55 603 282 403 604 72 56 605 281 404 606 257 405 607 256 380 608 427 406 609 374 397 610 428 406 611 433 407 612 441 329 613 429 328 614 292 378 615 254 408 616 299 409 617 257 405 618 283 410 619 258 411 620 373 412 621 239 413 622 287 414 623 255 415 624 300 416 625 246 361 626 315 417 627 323 418 628 324 419 629 434 420 630 441 421 631 437 422 632 286 423 633 262 377 634 284 379 635 278 400 636 248 424 637 280 372 638 283 102 639 309 425 640 307 426 641 272 427 642 274 392 643 273 394 644 423 428 645 401 429 646 424 430 647 294 431 648 301 432 649 277 433 650 241 434 651 279 435 652 240 436 653 245 437 654 289 438 655 244 388 656 398 439 657 389 440 658 397 441 659 265 442 660 268 305 661 266 443 662 322 444 663 317 445 664 318 446 665 303 447 666 312 448 667 311 449 668 291 450 669 307 426 670 315 451 671 246 452 672 296 453 673 245 437 674 260 454 675 286 423 676 282 403 677 293 455 678 302 456 679 317 457 680 242 163 681 277 458 682 241 434 683 308 459 684 315 417 685 307 460 686 299 461 687 319 462 688 323 463 689 98 129 690 305 464 691 99 130 692 294 431 693 322 465 694 318 466 695 288 467 696 304 468 697 280 469 698 240 436 699 287 414 700 239 413 701 286 470 702 306 471 703 282 472 704 385 473 705 413 474 706 381 475 707 298 476 708 313 477 709 322 465 710 285 478 711 305 383 712 309 425 713 280 469 714 302 456 715 278 479 716 292 480 717 308 481 718 284 482 719 297 483 720 314 484 721 290 485 722 300 486 723 315 451 724 324 487 725 287 488 726 303 489 727 311 490 728 305 464 729 310 491 730 309 492 731 303 447 732 302 493 733 304 494 734 324 495 735 319 496 736 320 497 737 293 455 738 321 498 739 297 483 740 313 499 741 321 500 742 322 444 743 397 501 744 287 488 745 311 490 746 295 502 747 314 484 748 319 462 749 130 503 750 140 504 751 123 505 752 299 461 753 316 506 754 292 480 755 301 507 756 317 445 757 302 493 758 284 482 759 310 508 760 286 470 761 300 486 762 320 509 763 296 510 764 320 497 765 314 511 766 313 499 767 296 510 768 313 477 769 289 512 770 356 513 771 353 514 772 354 515 773 297 391 774 250 516 775 293 398 776 358 517 777 355 518 778 356 513 779 331 519 780 386 520 781 332 521 782 269 522 783 272 427 784 270 304 785 378 523 786 348 524 787 370 525 788 358 517 789 360 526 790 357 527 791 310 491 792 307 460 793 309 492 794 332 528 795 377 529 796 341 530 797 279 102 798 301 432 799 303 489 800 368 531 801 125 207 802 168 209 803 22 532 804 21 533 805 39 534 806 340 535 807 378 523 808 385 536 809 342 537 810 169 230 811 124 231 812 362 538 813 360 526 814 359 539 815 334 540 816 364 541 817 366 396 818 369 542 819 395 543 820 371 544 821 352 545 822 349 546 823 350 547 824 337 548 825 376 549 826 383 550 827 360 551 828 346 552 829 347 553 830 350 547 831 135 190 832 134 192 833 325 554 834 365 555 835 326 556 836 398 439 837 311 449 838 312 448 839 335 557 840 379 558 841 364 541 842 339 559 843 385 560 844 381 561 845 326 556 846 363 562 847 327 563 848 169 169 849 391 564 850 195 565 851 414 566 852 386 567 853 382 568 854 371 544 855 391 564 856 367 569 857 354 515 858 351 570 859 352 545 860 247 373 861 429 571 862 288 374 863 343 572 864 367 573 865 342 537 866 400 574 867 414 575 868 399 576 869 399 577 870 382 568 871 375 578 872 394 579 873 378 580 874 370 581 875 327 582 876 328 583 877 453 201 878 411 584 879 364 585 880 379 586 881 327 563 882 380 300 883 328 302 884 372 587 885 346 588 886 368 531 887 421 589 888 399 576 889 422 590 890 375 591 891 331 519 892 330 592 893 372 587 894 348 524 895 347 593 896 373 594 897 389 595 898 365 102 899 412 596 900 384 597 901 380 598 902 390 599 903 374 600 904 366 601 905 396 602 906 370 581 907 372 603 908 402 604 909 385 473 910 378 580 911 422 605 912 375 578 913 384 597 914 377 606 915 393 607 916 369 542 917 388 608 918 366 601 919 364 585 920 391 609 921 396 610 922 392 611 923 376 612 924 421 613 925 383 614 926 365 102 927 387 615 928 363 616 929 391 609 930 194 273 931 195 186 932 413 617 933 424 618 934 414 575 935 393 619 936 396 610 937 395 572 938 383 614 939 411 584 940 379 586 941 401 429 942 394 620 943 393 619 944 363 616 945 412 596 946 380 598 947 411 621 948 422 590 949 412 622 950 389 440 951 388 623 952 387 624 953 392 340 954 372 603 955 368 341 956 428 625 957 431 626 958 427 627 959 381 475 960 400 628 961 376 612 962 435 629 963 432 630 964 436 361 965 384 631 966 330 592 967 329 301 968 386 567 969 401 632 970 377 606 971 343 572 972 369 633 973 371 634 974 387 624 975 411 621 976 412 622 977 436 635 978 439 636 979 435 637 980 338 591 981 381 561 982 376 549 983 440 48 984 432 48 985 428 381 986 448 638 987 440 639 988 449 640 989 425 641 990 433 642 991 429 643 992 447 644 993 449 640 994 450 645 995 325 200 996 459 202 997 239 646 998 463 647 999 232 360 1000 231 648 1001 234 649 1002 459 650 1003 453 651 1004 444 48 1005 465 48 1006 445 48 1007 446 652 1008 450 645 1009 451 653 1010 238 654 1011 237 353 1012 228 187 1013 438 655 1014 451 653 1015 441 656 1016 238 654 1017 228 187 1018 11 657 1019 306 471 1020 72 658 1021 282 472 1022 460 659 1023 452 660 1024 229 661 1025 408 662 1026 1 367 1027 10 367 1028 461 376 1029 462 369 1030 415 368 1031 31 663 1032 50 664 1033 32 665 1034 116 666 1035 117 667 1036 135 668 1037 228 187 1038 235 186 1039 234 669 1040 233 670 1041 456 671 1042 232 367 1043 206 76 1044 219 48 1045 207 77 1046 231 672 1047 455 673 1048 230 674 1049 230 674 1050 408 662 1051 10 367 1052 10 675 1053 420 357 1054 410 676 1055 453 677 1056 228 187 1057 234 669 1058 0 363 1059 417 678 1060 4 679 1061 461 680 1062 229 661 1063 233 359 1064 2 681 1065 404 682 1066 403 683 1067 3 684 1068 403 683 1069 405 685 1070 4 686 1071 405 685 1072 406 687 1073 4 686 1074 407 688 1075 0 689 1076 442 49 1077 459 202 1078 452 690 1079 0 689 1080 409 367 1081 226 367 1082 455 691 1083 11 0 1084 408 2 1085 458 692 1086 235 693 1087 457 350 1088 454 371 1089 238 694 1090 455 691 1091 416 695 1092 415 368 1093 417 696 1094 417 696 1095 415 368 1096 418 697 1097 418 697 1098 415 368 1099 419 367 1100 419 367 1101 415 368 1102 420 367 1103 459 698 1104 229 699 1105 452 367 1106 460 375 1107 445 700 1108 465 367 1109 410 676 1110 230 701 1111 10 675 1112 458 702 1113 233 670 1114 229 699 1115 456 671 1116 231 672 1117 232 367 1118 4 679 1119 418 703 1120 3 343 1121 344 704 1122 356 166 1123 341 165 1124 254 705 1125 265 706 1126 263 707 1127 248 708 1128 249 709 1129 39 534 1130 463 367 1131 464 367 1132 415 368 1133 228 187 1134 227 677 1135 5 342 1136 445 700 1137 416 695 1138 426 367 1139 420 367 1140 415 368 1141 410 367 1142 183 298 1143 168 339 1144 157 299 1145 341 530 1146 369 633 1147 344 710 1148 336 711 1149 383 550 1150 379 558 1151 115 712 1152 443 364 1153 137 713 1154 150 189 1155 361 714 1156 362 538 1157 87 159 1158 72 658 1159 98 715 1160 283 410 1161 255 415 1162 258 411 1163 275 716 1164 54 717 1165 276 393 1166 38 718 1167 442 49 1168 19 719 1169 39 534 1170 40 720 1171 27 721 1172 263 722 1173 266 443 1174 264 385 1175 464 723 1176 231 648 1177 230 701 1178 9 354 1179 11 657 1180 228 187 1181 28 724 1182 276 725 1183 54 726 1184 51 727 1185 35 728 1186 36 729 1187 262 730 1188 269 15 1189 259 14 1190 145 731 1191 128 732 1192 129 733 1193 43 734 1194 19 719 1195 45 735 1196 240 48 1197 239 646 1198 442 49 1199 442 49 1200 38 718 1201 246 736 1202 38 718 1203 264 737 1204 246 736 1205 264 737 1206 266 738 1207 246 736 1208 246 736 1209 245 48 1210 442 49 1211 245 48 1212 244 48 1213 442 49 1214 244 48 1215 243 48 1216 442 49 1217 243 48 1218 242 739 1219 442 49 1220 242 739 1221 241 47 1222 442 49 1223 189 740 1224 163 292 1225 206 76 1226 207 77 1227 67 156 1228 93 78 1229 189 740 1230 206 76 1231 93 78 1232 29 741 1233 275 742 1234 260 743 1235 146 744 1236 127 745 1237 128 732 1238 129 733 1239 143 746 1240 145 731 1241 48 747 1242 36 729 1243 37 748 1244 138 749 1245 123 505 1246 140 504 1247 124 750 1248 362 751 1249 342 752 1250 342 752 1251 359 753 1252 343 754 1253 131 755 1254 147 756 1255 132 757 1256 345 758 1257 353 759 1258 355 760 1259 115 712 1260 139 761 1261 141 762 1262 227 347 1263 112 763 1264 111 764 1265 111 764 1266 110 48 1267 227 347 1268 110 48 1269 109 48 1270 227 347 1271 439 765 1272 448 766 1273 446 767 1274 448 766 1275 447 768 1276 446 767 1277 446 767 1278 438 769 1279 439 765 1280 438 769 1281 434 770 1282 430 771 1283 430 771 1284 425 772 1285 438 769 1286 204 773 1287 427 774 1288 425 772 1289 439 765 1290 425 772 1291 427 774 1292 431 775 1293 435 776 1294 439 765 1295 427 774 1296 431 775 1297 439 765 1298 218 48 1299 223 48 1300 219 48 1301 223 48 1302 224 48 1303 225 48 1304 219 48 1305 223 48 1306 225 48 1307 125 777 1308 361 778 1309 151 779 1310 260 743 1311 274 780 1312 261 781 1313 343 754 1314 358 782 1315 344 704 1316 261 781 1317 271 783 1318 262 730 1319 246 736 1320 266 738 1321 268 784 1322 350 366 1323 134 785 1324 443 364 1325 227 347 1326 115 712 1327 114 48 1328 453 201 1329 329 786 1330 330 787 1331 331 788 1332 453 201 1333 330 787 1334 332 365 1335 352 789 1336 350 366 1337 428 381 1338 374 600 1339 398 382 1340 398 382 1341 312 790 1342 429 328 1343 312 790 1344 288 467 1345 429 328 1346 441 329 1347 451 48 1348 449 48 1349 449 48 1350 451 48 1351 450 48 1352 449 48 1353 440 48 1354 441 329 1355 29 741 1356 52 791 1357 55 792 1358 273 793 1359 256 794 1360 257 795 1361 272 796 1362 257 795 1363 258 797 1364 133 798 1365 142 799 1366 130 503 1367 340 800 1368 351 801 1369 353 759 1370 21 533 1371 20 802 1372 39 534 1373 135 668 1374 349 803 1375 340 800 1376 349 803 1377 351 801 1378 340 800 1379 23 804 1380 22 532 1381 39 534 1382 24 805 1383 23 804 1384 39 534 1385 25 806 1386 24 805 1387 39 534 1388 25 806 1389 39 534 1390 26 807 1391 39 534 1392 27 721 1393 26 807 1394 32 665 1395 49 808 1396 33 171 1397 30 173 1398 45 735 1399 19 719 1400 348 809 1401 355 760 1402 357 810 1403 354 164 1404 352 789 1405 332 365 1406 328 583 1407 329 786 1408 453 201 1409 409 349 1410 442 49 1411 226 48 1412 326 811 1413 327 582 1414 453 201 1415 124 750 1416 149 812 1417 150 813 1418 132 757 1419 144 814 1420 133 798 1421 34 815 1422 44 816 1423 46 817 1424 258 797 1425 270 818 1426 272 796 1427 267 13 1428 265 706 1429 254 705 1430 205 819 1431 216 820 1432 217 821 1433 126 822 1434 141 762 1435 143 746 1436 251 823 1437 252 824 1438 39 534 1439 117 667 1440 118 825 1441 135 668 1442 119 826 1443 120 827 1444 135 668 1445 250 828 1446 251 823 1447 39 534 1448 252 824 1449 253 829 1450 39 534 1451 452 690 1452 444 830 1453 442 49 1454 442 49 1455 444 830 1456 226 48 1457 148 831 1458 125 777 1459 151 779 1460 53 832 1461 28 724 1462 54 726 1463 357 810 1464 347 553 1465 348 809 1466 255 833 1467 268 784 1468 270 818 1469 27 721 1470 42 834 1471 44 816 1472 263 707 1473 39 534 1474 254 705 1475 247 835 1476 204 773 1477 425 772 1478 121 836 1479 122 837 1480 135 668 1481 120 827 1482 121 836 1483 135 668 1484 122 837 1485 123 505 1486 135 668 1487 135 668 1488 340 800 1489 339 838 1490 338 839 1491 337 840 1492 135 668 1493 118 825 1494 119 826 1495 135 668 1496 339 838 1497 338 839 1498 135 668 1499 249 709 1500 250 828 1501 39 534 1502 337 840 1503 336 841 1504 135 668 1505 137 713 1506 139 761 1507 115 712 1508 37 748 1509 46 817 1510 48 747 1511 114 48 1512 113 48 1513 227 347 1514 113 48 1515 112 763 1516 227 347 1517 443 364 1518 134 785 1519 137 713 1520 427 774 1521 116 666 1522 333 842 1523 247 835 1524 248 708 1525 39 534 1526 123 505 1527 138 749 1528 136 843 1529 136 843 1530 135 668 1531 123 505 1532 442 49 1533 12 348 1534 13 844 1535 13 844 1536 14 48 1537 442 49 1538 14 48 1539 15 48 1540 442 49 1541 15 48 1542 16 845 1543 442 49 1544 16 845 1545 17 846 1546 442 49 1547 17 846 1548 18 48 1549 442 49 1550 18 48 1551 19 719 1552 442 49 1553 19 719 1554 43 734 1555 41 847 1556 41 847 1557 38 718 1558 19 719 1559 40 720 1560 42 834 1561 27 721 1562 333 842 1563 116 666 1564 135 668 1565 334 848 1566 333 842 1567 135 668 1568 335 849 1569 334 848 1570 135 668 1571 336 841 1572 335 849 1573 135 668 1574 204 773 1575 208 850 1576 216 820 1577 208 850 1578 212 851 1579 216 820 1580 216 820 1581 220 852 1582 222 853 1583 220 852 1584 221 854 1585 222 853 1586 222 853 1587 217 821 1588 216 820 1589 217 821 1590 213 855 1591 209 856 1592 209 856 1593 205 819 1594 217 821 1595 253 829 1596 254 705 1597 39 534 1598 332 365 1599 453 201 1600 331 788 1601 474 857 1602 473 858 1603 466 859 1604 475 860 1605 466 859 1606 467 861 1607 468 862 1608 475 860 1609 467 861 1610 469 863 1611 476 864 1612 468 862 1613 470 865 1614 477 866 1615 469 863 1616 471 867 1617 478 868 1618 470 865 1619 480 869 1620 471 867 1621 472 870 1622 481 871 1623 472 870 1624 473 858 1625 482 872 1626 481 871 1627 474 857 1628 483 873 1629 474 857 1630 475 860 1631 476 864 1632 483 873 1633 475 860 1634 477 866 1635 484 874 1636 476 864 1637 478 868 1638 485 875 1639 477 866 1640 479 876 1641 486 877 1642 478 868 1643 488 878 1644 479 876 1645 480 869 1646 489 879 1647 480 869 1648 481 871 1649 482 872 1650 497 880 1651 489 879 1652 491 881 1653 482 872 1654 483 873 1655 492 882 1656 483 873 1657 484 874 1658 485 875 1659 492 882 1660 484 874 1661 486 877 1662 493 883 1663 485 875 1664 487 884 1665 494 885 1666 486 877 1667 496 886 1668 487 884 1669 488 878 1670 497 880 1671 488 878 1672 489 879 1673 490 887 1674 505 888 1675 497 880 1676 499 889 1677 490 887 1678 491 881 1679 500 890 1680 491 881 1681 492 882 1682 493 883 1683 500 890 1684 492 882 1685 502 891 1686 493 883 1687 494 885 1688 503 892 1689 494 885 1690 495 893 1691 496 886 1692 503 892 1693 495 893 1694 497 880 1695 504 894 1696 496 886 1697 506 895 1698 505 888 1699 498 896 1700 507 897 1701 498 896 1702 499 889 1703 500 890 1704 507 897 1705 499 889 1706 501 898 1707 508 899 1708 500 890 1709 502 891 1710 509 900 1711 501 898 1712 511 901 1713 502 891 1714 503 892 1715 504 894 1716 511 901 1717 503 892 1718 505 888 1719 512 902 1720 504 894 1721 506 895 1722 521 903 1723 513 904 1724 515 905 1725 506 895 1726 507 897 1727 508 899 1728 515 905 1729 507 897 1730 517 906 1731 508 899 1732 509 900 1733 510 907 1734 517 906 1735 509 900 1736 519 908 1737 510 907 1738 511 901 1739 512 902 1740 519 908 1741 511 901 1742 521 903 1743 512 902 1744 513 904 1745 514 909 1746 529 910 1747 521 903 1748 523 911 1749 514 909 1750 515 905 1751 516 912 1752 523 911 1753 515 905 1754 525 913 1755 516 912 1756 517 906 1757 526 914 1758 517 906 1759 518 915 1760 527 916 1761 518 915 1762 519 908 1763 520 917 1764 527 916 1765 519 908 1766 521 903 1767 528 918 1768 520 917 1769 522 919 1770 537 920 1771 529 910 1772 531 921 1773 522 919 1774 523 911 1775 524 922 1776 531 921 1777 523 911 1778 533 923 1779 524 922 1780 525 913 1781 534 924 1782 525 913 1783 526 914 1784 535 925 1785 526 914 1786 527 916 1787 528 918 1788 535 925 1789 527 916 1790 529 910 1791 536 926 1792 528 918 1793 530 927 1794 545 928 1795 537 920 1796 531 921 1797 538 929 1798 530 927 1799 540 930 1800 531 921 1801 532 931 1802 541 932 1803 532 931 1804 533 923 1805 542 933 1806 533 923 1807 534 924 1808 543 934 1809 534 924 1810 535 925 1811 536 926 1812 543 934 1813 535 925 1814 537 920 1815 544 935 1816 536 926 1817 538 929 1818 553 936 1819 545 928 1820 539 937 1821 546 938 1822 538 929 1823 548 939 1824 539 937 1825 540 930 1826 549 940 1827 540 930 1828 541 932 1829 550 941 1830 541 932 1831 542 933 1832 551 942 1833 542 933 1834 543 934 1835 544 935 1836 551 942 1837 543 934 1838 545 928 1839 552 943 1840 544 935 1841 561 944 1842 562 945 1843 554 946 1844 554 946 1845 563 947 1846 555 948 1847 556 949 1848 563 947 1849 564 950 1850 557 951 1851 564 950 1852 565 952 1853 558 953 1854 565 952 1855 566 954 1856 559 955 1857 566 954 1858 567 956 1859 559 955 1860 568 957 1861 560 958 1862 560 958 1863 569 959 1864 561 944 1865 569 959 1866 570 960 1867 562 945 1868 562 945 1869 571 961 1870 563 947 1871 564 950 1872 571 961 1873 572 962 1874 565 952 1875 572 962 1876 573 963 1877 566 954 1878 573 963 1879 574 964 1880 567 956 1881 574 964 1882 575 965 1883 567 956 1884 576 966 1885 568 957 1886 568 957 1887 577 967 1888 569 959 1889 570 960 1890 585 968 1891 578 969 1892 570 960 1893 579 970 1894 571 961 1895 572 962 1896 579 970 1897 580 971 1898 573 963 1899 580 971 1900 581 972 1901 573 963 1902 582 973 1903 574 964 1904 575 965 1905 582 973 1906 583 974 1907 575 965 1908 584 975 1909 576 966 1910 576 966 1911 585 968 1912 577 967 1913 578 969 1914 593 976 1915 586 977 1916 578 969 1917 587 978 1918 579 970 1919 579 970 1920 588 979 1921 580 971 1922 581 972 1923 588 979 1924 589 980 1925 581 972 1926 590 981 1927 582 973 1928 582 973 1929 591 982 1930 583 974 1931 584 975 1932 591 982 1933 592 983 1934 585 968 1935 592 983 1936 593 976 1937 593 976 1938 594 984 1939 586 977 1940 586 977 1941 595 985 1942 587 978 1943 588 979 1944 595 985 1945 596 986 1946 589 980 1947 596 986 1948 597 987 1949 590 981 1950 597 987 1951 598 988 1952 590 981 1953 599 989 1954 591 982 1955 592 983 1956 599 989 1957 600 990 1958 593 976 1959 600 990 1960 601 991 1961 594 984 1962 609 992 1963 602 993 1964 594 984 1965 603 994 1966 595 985 1967 596 986 1968 603 994 1969 604 995 1970 596 986 1971 605 996 1972 597 987 1973 598 988 1974 605 996 1975 606 997 1976 598 988 1977 607 998 1978 599 989 1979 600 990 1980 607 998 1981 608 999 1982 600 990 1983 609 992 1984 601 991 1985 602 993 1986 617 1000 1987 610 1001 1988 602 993 1989 611 1002 1990 603 994 1991 604 995 1992 611 1002 1993 612 1003 1994 604 995 1995 613 1004 1996 605 996 1997 605 996 1998 614 1005 1999 606 997 2000 606 997 2001 615 1006 2002 607 998 2003 608 999 2004 615 1006 2005 616 1007 2006 609 992 2007 616 1007 2008 617 1000 2009 610 1001 2010 625 1008 2011 618 1009 2012 610 1001 2013 619 1010 2014 611 1002 2015 612 1003 2016 619 1010 2017 620 1011 2018 612 1003 2019 621 1012 2020 613 1004 2021 613 1004 2022 622 1013 2023 614 1005 2024 614 1005 2025 623 1014 2026 615 1006 2027 616 1007 2028 623 1014 2029 624 1015 2030 617 1000 2031 624 1015 2032 625 1008 2033 618 1009 2034 633 1016 2035 626 1017 2036 619 1010 2037 626 1017 2038 627 1018 2039 619 1010 2040 628 1019 2041 620 1011 2042 620 1011 2043 629 1020 2044 621 1012 2045 621 1012 2046 630 1021 2047 622 1013 2048 622 1013 2049 631 1022 2050 623 1014 2051 624 1015 2052 631 1022 2053 632 1023 2054 625 1008 2055 632 1023 2056 633 1016 2057 626 1017 2058 641 1024 2059 634 1025 2060 627 1018 2061 634 1025 2062 635 1026 2063 627 1018 2064 636 1027 2065 628 1019 2066 628 1019 2067 637 1028 2068 629 1020 2069 629 1020 2070 638 1029 2071 630 1021 2072 630 1021 2073 639 1030 2074 631 1022 2075 632 1023 2076 639 1030 2077 640 1031 2078 633 1016 2079 640 1031 2080 641 1024 2081 473 858 2082 642 1032 2083 466 859 2084 466 859 2085 643 1033 2086 467 861 2087 468 862 2088 643 1033 2089 644 1034 2090 469 863 2091 644 1034 2092 645 1035 2093 470 865 2094 645 1035 2095 646 1036 2096 471 867 2097 646 1036 2098 647 1037 2099 471 867 2100 648 1038 2101 472 870 2102 472 870 2103 649 1039 2104 473 858 2105 649 1039 2106 650 1040 2107 642 1032 2108 642 1032 2109 651 1041 2110 643 1033 2111 644 1034 2112 651 1041 2113 652 1042 2114 645 1035 2115 652 1042 2116 653 1043 2117 646 1036 2118 653 1043 2119 654 1044 2120 647 1037 2121 654 1044 2122 655 1045 2123 647 1037 2124 656 1046 2125 648 1038 2126 648 1038 2127 657 1047 2128 649 1039 2129 650 1040 2130 665 1048 2131 658 1049 2132 650 1040 2133 659 1050 2134 651 1041 2135 652 1042 2136 659 1050 2137 660 1051 2138 652 1042 2139 661 1052 2140 653 1043 2141 653 1043 2142 662 1053 2143 654 1044 2144 655 1045 2145 662 1053 2146 663 1054 2147 655 1045 2148 664 1055 2149 656 1046 2150 657 1047 2151 664 1055 2152 665 1048 2153 665 1048 2154 666 1056 2155 658 1049 2156 658 1049 2157 667 1057 2158 659 1050 2159 660 1051 2160 667 1057 2161 668 1058 2162 661 1052 2163 668 1058 2164 669 1059 2165 661 1052 2166 670 1060 2167 662 1053 2168 662 1053 2169 671 1061 2170 663 1054 2171 664 1055 2172 671 1061 2173 672 1062 2174 665 1048 2175 672 1062 2176 673 1063 2177 673 1063 2178 674 1064 2179 666 1056 2180 667 1057 2181 674 1064 2182 675 1065 2183 667 1057 2184 676 1066 2185 668 1058 2186 669 1059 2187 676 1066 2188 677 1067 2189 670 1060 2190 677 1067 2191 678 1068 2192 670 1060 2193 679 1069 2194 671 1061 2195 672 1062 2196 679 1069 2197 680 1070 2198 673 1063 2199 680 1070 2200 681 1071 2201 681 1071 2202 682 1072 2203 674 1064 2204 675 1065 2205 682 1072 2206 683 1073 2207 676 1066 2208 683 1073 2209 684 1074 2210 676 1066 2211 685 1075 2212 677 1067 2213 677 1067 2214 686 1076 2215 678 1068 2216 679 1069 2217 686 1076 2218 687 1077 2219 679 1069 2220 688 1078 2221 680 1070 2222 681 1071 2223 688 1078 2224 689 1079 2225 682 1072 2226 697 1080 2227 690 1081 2228 682 1072 2229 691 1082 2230 683 1073 2231 684 1074 2232 691 1082 2233 692 1083 2234 684 1074 2235 693 1084 2236 685 1075 2237 685 1075 2238 694 1085 2239 686 1076 2240 686 1076 2241 695 1086 2242 687 1077 2243 688 1078 2244 695 1086 2245 696 1087 2246 689 1079 2247 696 1087 2248 697 1080 2249 690 1081 2250 705 1088 2251 698 1089 2252 690 1081 2253 699 1090 2254 691 1082 2255 692 1083 2256 699 1090 2257 700 1091 2258 692 1083 2259 701 1092 2260 693 1084 2261 693 1084 2262 702 1093 2263 694 1085 2264 694 1085 2265 703 1094 2266 695 1086 2267 696 1087 2268 703 1094 2269 704 1095 2270 697 1080 2271 704 1095 2272 705 1088 2273 698 1089 2274 713 1096 2275 706 1097 2276 699 1090 2277 706 1097 2278 707 1098 2279 699 1090 2280 708 1099 2281 700 1091 2282 700 1091 2283 709 1100 2284 701 1092 2285 701 1092 2286 710 1101 2287 702 1093 2288 702 1093 2289 711 1102 2290 703 1094 2291 704 1095 2292 711 1102 2293 712 1103 2294 705 1088 2295 712 1103 2296 713 1096 2297 706 1097 2298 721 1104 2299 714 1105 2300 707 1098 2301 714 1105 2302 715 1106 2303 707 1098 2304 716 1107 2305 708 1099 2306 708 1099 2307 717 1108 2308 709 1100 2309 709 1100 2310 718 1109 2311 710 1101 2312 710 1101 2313 719 1110 2314 711 1102 2315 712 1103 2316 719 1110 2317 720 1111 2318 713 1096 2319 720 1111 2320 721 1104 2321 722 1112 2322 561 944 2323 554 946 2324 723 1113 2325 554 946 2326 555 948 2327 556 949 2328 723 1113 2329 555 948 2330 557 951 2331 724 1114 2332 556 949 2333 558 953 2334 725 1115 2335 557 951 2336 559 955 2337 726 1116 2338 558 953 2339 728 1117 2340 559 955 2341 560 958 2342 729 1118 2343 560 958 2344 561 944 2345 730 1119 2346 729 1118 2347 722 1112 2348 731 1120 2349 722 1112 2350 723 1113 2351 724 1114 2352 731 1120 2353 723 1113 2354 725 1115 2355 732 1121 2356 724 1114 2357 726 1116 2358 733 1122 2359 725 1115 2360 727 1123 2361 734 1124 2362 726 1116 2363 736 1125 2364 727 1123 2365 728 1117 2366 737 1126 2367 728 1117 2368 729 1118 2369 730 1119 2370 745 1127 2371 737 1126 2372 739 1128 2373 730 1119 2374 731 1120 2375 732 1121 2376 739 1128 2377 731 1120 2378 741 1129 2379 732 1121 2380 733 1122 2381 742 1130 2382 733 1122 2383 734 1124 2384 735 1131 2385 742 1130 2386 734 1124 2387 744 1132 2388 735 1131 2389 736 1125 2390 737 1126 2391 744 1132 2392 736 1125 2393 746 1133 2394 745 1127 2395 738 1134 2396 747 1135 2397 738 1134 2398 739 1128 2399 740 1136 2400 747 1135 2401 739 1128 2402 741 1129 2403 748 1137 2404 740 1136 2405 750 1138 2406 741 1129 2407 742 1130 2408 751 1139 2409 742 1130 2410 743 1140 2411 744 1132 2412 751 1139 2413 743 1140 2414 745 1127 2415 752 1141 2416 744 1132 2417 754 1142 2418 753 1143 2419 746 1133 2420 747 1135 2421 754 1142 2422 746 1133 2423 756 1144 2424 747 1135 2425 748 1137 2426 749 1145 2427 756 1144 2428 748 1137 2429 750 1138 2430 757 1146 2431 749 1145 2432 759 1147 2433 750 1138 2434 751 1139 2435 752 1141 2436 759 1147 2437 751 1139 2438 753 1143 2439 760 1148 2440 752 1141 2441 762 1149 2442 761 1150 2443 754 1142 2444 755 1151 2445 762 1149 2446 754 1142 2447 756 1144 2448 763 1152 2449 755 1151 2450 765 1153 2451 756 1144 2452 757 1146 2453 766 1154 2454 757 1146 2455 758 1155 2456 759 1147 2457 766 1154 2458 758 1155 2459 768 1156 2460 759 1147 2461 760 1148 2462 761 1150 2463 768 1156 2464 760 1148 2465 762 1149 2466 777 1157 2467 769 1158 2468 771 1159 2469 762 1149 2470 763 1152 2471 764 1160 2472 771 1159 2473 763 1152 2474 773 1161 2475 764 1160 2476 765 1153 2477 774 1162 2478 765 1153 2479 766 1154 2480 775 1163 2481 766 1154 2482 767 1164 2483 768 1156 2484 775 1163 2485 767 1164 2486 769 1158 2487 776 1165 2488 768 1156 2489 770 1166 2490 785 1167 2491 777 1157 2492 779 1168 2493 770 1166 2494 771 1159 2495 772 1169 2496 779 1168 2497 771 1159 2498 781 1170 2499 772 1169 2500 773 1161 2501 782 1171 2502 773 1161 2503 774 1162 2504 783 1172 2505 774 1162 2506 775 1163 2507 776 1165 2508 783 1172 2509 775 1163 2510 777 1157 2511 784 1173 2512 776 1165 2513 778 1174 2514 793 1175 2515 785 1167 2516 779 1168 2517 786 1176 2518 778 1174 2519 788 1177 2520 779 1168 2521 780 1178 2522 789 1179 2523 780 1178 2524 781 1170 2525 790 1180 2526 781 1170 2527 782 1171 2528 791 1181 2529 782 1171 2530 783 1172 2531 784 1173 2532 791 1181 2533 783 1172 2534 785 1167 2535 792 1182 2536 784 1173 2537 786 1176 2538 801 1183 2539 793 1175 2540 787 1184 2541 794 1185 2542 786 1176 2543 796 1186 2544 787 1184 2545 788 1177 2546 797 1187 2547 788 1177 2548 789 1179 2549 798 1188 2550 789 1179 2551 790 1180 2552 799 1189 2553 790 1180 2554 791 1181 2555 792 1182 2556 799 1189 2557 791 1181 2558 793 1175 2559 800 1190 2560 792 1182 2561 547 1191 2562 549 1192 2563 551 1193 2564 639 1194 2565 637 1195 2566 635 1196 2567 719 1197 2568 717 1198 2569 715 1199 2570 795 1200 2571 797 1201 2572 799 1202 2573 553 1203 2574 546 1204 2575 547 1191 2576 547 1191 2577 548 1205 2578 549 1192 2579 549 1192 2580 550 102 2581 551 1193 2582 551 1193 2583 552 102 2584 553 1203 2585 553 1203 2586 547 1191 2587 551 1193 2588 635 1196 2589 634 1206 2590 641 1207 2591 641 1207 2592 640 1208 2593 639 1194 2594 639 1194 2595 638 1209 2596 637 1195 2597 637 1195 2598 636 1210 2599 635 1196 2600 635 1196 2601 641 1207 2602 639 1194 2603 715 1199 2604 714 1211 2605 721 1212 2606 721 1212 2607 720 102 2608 719 1197 2609 719 1197 2610 718 1213 2611 717 1198 2612 717 1198 2613 716 1214 2614 715 1199 2615 715 1199 2616 721 1212 2617 719 1197 2618 801 1215 2619 794 1216 2620 795 1200 2621 795 1200 2622 796 1217 2623 797 1201 2624 797 1201 2625 798 102 2626 799 1202 2627 799 1202 2628 800 1218 2629 801 1215 2630 801 1215 2631 795 1200 2632 799 1202 2633 810 1219 2634 809 1220 2635 802 1221 2636 811 1222 2637 802 1221 2638 803 1223 2639 812 1224 2640 803 1223 2641 804 1225 2642 813 1226 2643 804 1225 2644 805 1227 2645 806 1228 2646 813 1226 2647 805 1227 2648 807 1229 2649 814 1230 2650 806 1228 2651 808 1231 2652 815 1232 2653 807 1229 2654 809 1220 2655 816 1233 2656 808 1231 2657 818 1234 2658 817 1235 2659 810 1219 2660 819 1236 2661 810 1219 2662 811 1222 2663 820 1237 2664 811 1222 2665 812 1224 2666 821 1238 2667 812 1224 2668 813 1226 2669 814 1230 2670 821 1238 2671 813 1226 2672 815 1232 2673 822 1239 2674 814 1230 2675 816 1233 2676 823 1240 2677 815 1232 2678 817 1235 2679 824 1241 2680 816 1233 2681 826 1242 2682 825 1243 2683 818 1234 2684 819 1236 2685 826 1242 2686 818 1234 2687 828 1244 2688 819 1236 2689 820 1237 2690 829 1245 2691 820 1237 2692 821 1238 2693 830 1246 2694 821 1238 2695 822 1239 2696 823 1240 2697 830 1246 2698 822 1239 2699 832 1247 2700 823 1240 2701 824 1241 2702 825 1243 2703 832 1247 2704 824 1241 2705 826 1242 2706 841 1248 2707 833 1249 2708 827 1250 2709 834 1251 2710 826 1242 2711 836 1252 2712 827 1250 2713 828 1244 2714 829 1245 2715 836 1252 2716 828 1244 2717 838 1253 2718 829 1245 2719 830 1246 2720 831 1254 2721 838 1253 2722 830 1246 2723 840 1255 2724 831 1254 2725 832 1247 2726 841 1248 2727 832 1247 2728 833 1249 2729 834 1251 2730 849 1256 2731 841 1248 2732 835 1257 2733 842 1258 2734 834 1251 2735 844 1259 2736 835 1257 2737 836 1252 2738 845 1260 2739 836 1252 2740 837 1261 2741 838 1253 2742 845 1260 2743 837 1261 2744 839 1262 2745 846 1263 2746 838 1253 2747 848 1264 2748 839 1262 2749 840 1255 2750 849 1256 2751 840 1255 2752 841 1248 2753 850 1265 2754 849 1256 2755 842 1258 2756 843 1266 2757 850 1265 2758 842 1258 2759 852 1267 2760 843 1266 2761 844 1259 2762 845 1260 2763 852 1267 2764 844 1259 2765 854 1268 2766 845 1260 2767 846 1263 2768 847 1269 2769 854 1268 2770 846 1263 2771 856 1270 2772 847 1269 2773 848 1264 2774 849 1256 2775 856 1270 2776 848 1264 2777 858 1271 2778 857 1272 2779 850 1265 2780 859 1273 2781 850 1265 2782 851 1274 2783 852 1267 2784 859 1273 2785 851 1274 2786 861 1275 2787 852 1267 2788 853 1276 2789 854 1268 2790 861 1275 2791 853 1276 2792 863 1277 2793 854 1268 2794 855 1278 2795 856 1270 2796 863 1277 2797 855 1278 2798 865 1279 2799 856 1270 2800 857 1272 2801 858 1271 2802 873 1280 2803 865 1279 2804 867 1281 2805 858 1271 2806 859 1273 2807 860 1282 2808 867 1281 2809 859 1273 2810 869 1283 2811 860 1282 2812 861 1275 2813 862 1284 2814 869 1283 2815 861 1275 2816 871 1285 2817 862 1284 2818 863 1277 2819 864 1286 2820 871 1285 2821 863 1277 2822 873 1280 2823 864 1286 2824 865 1279 2825 866 1287 2826 881 1288 2827 873 1280 2828 867 1281 2829 874 1289 2830 866 1287 2831 868 1290 2832 875 1291 2833 867 1281 2834 869 1283 2835 876 1292 2836 868 1290 2837 878 1293 2838 869 1283 2839 870 1294 2840 879 1295 2841 870 1294 2842 871 1285 2843 880 1296 2844 871 1285 2845 872 1297 2846 881 1288 2847 872 1297 2848 873 1280 2849 889 1298 2850 880 1296 2851 881 1288 2852 877 1299 2853 886 1300 2854 876 1292 2855 887 1301 2856 879 1295 2857 880 1296 2858 876 1292 2859 884 1302 2860 875 1291 2861 883 1303 2862 877 1299 2863 878 1293 2864 885 1304 2865 878 1293 2866 879 1295 2867 874 1289 2868 889 1298 2869 881 1288 2870 875 1291 2871 882 1305 2872 874 1289 2873 897 1306 2874 898 1307 2875 890 1308 2876 890 1308 2877 899 1309 2878 891 1310 2879 891 1310 2880 900 1311 2881 892 1312 2882 892 1312 2883 901 1313 2884 893 1314 2885 894 1315 2886 901 1313 2887 902 1316 2888 895 1317 2889 902 1316 2890 903 1318 2891 896 1319 2892 903 1318 2893 904 1320 2894 897 1306 2895 904 1320 2896 905 1321 2897 905 1321 2898 906 1322 2899 898 1307 2900 898 1307 2901 907 1323 2902 899 1309 2903 899 1309 2904 908 1324 2905 900 1311 2906 900 1311 2907 909 1325 2908 901 1313 2909 902 1316 2910 909 1325 2911 910 1326 2912 903 1318 2913 910 1326 2914 911 1327 2915 904 1320 2916 911 1327 2917 912 1328 2918 905 1321 2919 912 1328 2920 913 1329 2921 913 1329 2922 914 1330 2923 906 1322 2924 907 1323 2925 914 1330 2926 915 1331 2927 907 1323 2928 916 1332 2929 908 1324 2930 908 1324 2931 917 1333 2932 909 1325 2933 909 1325 2934 918 1334 2935 910 1326 2936 911 1327 2937 918 1334 2938 919 1335 2939 911 1327 2940 920 1336 2941 912 1328 2942 913 1329 2943 920 1336 2944 921 1337 2945 914 1330 2946 929 1338 2947 922 1339 2948 915 1331 2949 922 1339 2950 923 1340 2951 915 1331 2952 924 1341 2953 916 1332 2954 916 1332 2955 925 1342 2956 917 1333 2957 918 1334 2958 925 1342 2959 926 1343 2960 919 1335 2961 926 1343 2962 927 1344 2963 919 1335 2964 928 1345 2965 920 1336 2966 920 1336 2967 929 1338 2968 921 1337 2969 922 1339 2970 937 1346 2971 930 1347 2972 923 1340 2973 930 1347 2974 931 1348 2975 923 1340 2976 932 1349 2977 924 1341 2978 924 1341 2979 933 1350 2980 925 1342 2981 925 1342 2982 934 1351 2983 926 1343 2984 927 1344 2985 934 1351 2986 935 1352 2987 927 1344 2988 936 1353 2989 928 1345 2990 928 1345 2991 937 1346 2992 929 1338 2993 937 1346 2994 938 1354 2995 930 1347 2996 931 1348 2997 938 1354 2998 939 1355 2999 931 1348 3000 940 1356 3001 932 1349 3002 932 1349 3003 941 1357 3004 933 1350 3005 934 1351 3006 941 1357 3007 942 1358 3008 935 1352 3009 942 1358 3010 943 1359 3011 935 1352 3012 944 1360 3013 936 1353 3014 936 1353 3015 945 1361 3016 937 1346 3017 945 1361 3018 946 1362 3019 938 1354 3020 939 1355 3021 946 1362 3022 947 1363 3023 939 1355 3024 948 1364 3025 940 1356 3026 940 1356 3027 949 1365 3028 941 1357 3029 942 1358 3030 949 1365 3031 950 1366 3032 943 1359 3033 950 1366 3034 951 1367 3035 943 1359 3036 952 1368 3037 944 1360 3038 945 1361 3039 952 1368 3040 953 1369 3041 953 1369 3042 954 1370 3043 946 1362 3044 947 1363 3045 954 1370 3046 955 1371 3047 947 1363 3048 956 1372 3049 948 1364 3050 948 1364 3051 957 1373 3052 949 1365 3053 950 1366 3054 957 1373 3055 958 1374 3056 951 1367 3057 958 1374 3058 959 1375 3059 951 1367 3060 960 1376 3061 952 1368 3062 953 1369 3063 960 1376 3064 961 1377 3065 954 1370 3066 969 1378 3067 962 1379 3068 955 1371 3069 962 1379 3070 963 1380 3071 956 1372 3072 963 1380 3073 964 1381 3074 957 1373 3075 964 1381 3076 965 1382 3077 957 1373 3078 966 1383 3079 958 1374 3080 958 1374 3081 967 1384 3082 959 1375 3083 959 1375 3084 968 1385 3085 960 1376 3086 960 1376 3087 969 1378 3088 961 1377 3089 968 1385 3090 889 1298 3091 969 1378 3092 965 1382 3093 886 1300 3094 888 1386 3095 967 1384 3096 887 1301 3097 968 1385 3098 964 1381 3099 884 1302 3100 886 1300 3101 965 1382 3102 883 1303 3103 966 1383 3104 966 1383 3105 885 1304 3106 967 1384 3107 962 1379 3108 889 1298 3109 882 1305 3110 963 1380 3111 882 1305 3112 884 1302 3113 977 1387 3114 978 1388 3115 970 1389 3116 970 1389 3117 979 1390 3118 971 1391 3119 971 1391 3120 980 1392 3121 972 1393 3122 972 1393 3123 981 1394 3124 973 1395 3125 974 1396 3126 981 1394 3127 982 1397 3128 975 1398 3129 982 1397 3130 983 1399 3131 976 1400 3132 983 1399 3133 984 1401 3134 977 1387 3135 984 1401 3136 985 1402 3137 985 1402 3138 986 1403 3139 978 1388 3140 978 1388 3141 987 1404 3142 979 1390 3143 979 1390 3144 988 1405 3145 980 1392 3146 980 1392 3147 989 1406 3148 981 1394 3149 982 1397 3150 989 1406 3151 990 1407 3152 983 1399 3153 990 1407 3154 991 1408 3155 984 1401 3156 991 1408 3157 992 1409 3158 985 1402 3159 992 1409 3160 993 1410 3161 993 1410 3162 994 1411 3163 986 1403 3164 987 1404 3165 994 1411 3166 995 1412 3167 987 1404 3168 996 1413 3169 988 1405 3170 989 1406 3171 996 1413 3172 997 1414 3173 989 1406 3174 998 1415 3175 990 1407 3176 991 1408 3177 998 1415 3178 999 1416 3179 991 1408 3180 1000 1417 3181 992 1409 3182 993 1410 3183 1000 1417 3184 1001 1418 3185 994 1411 3186 1009 1419 3187 1002 1420 3188 994 1411 3189 1003 1421 3190 995 1412 3191 995 1412 3192 1004 1422 3193 996 1413 3194 996 1413 3195 1005 1423 3196 997 1414 3197 998 1415 3198 1005 1423 3199 1006 1424 3200 998 1415 3201 1007 1425 3202 999 1416 3203 1000 1417 3204 1007 1425 3205 1008 1426 3206 1000 1417 3207 1009 1419 3208 1001 1418 3209 1002 1420 3210 1017 1427 3211 1010 1428 3212 1003 1421 3213 1010 1428 3214 1011 1429 3215 1003 1421 3216 1012 1430 3217 1004 1422 3218 1004 1422 3219 1013 1431 3220 1005 1423 3221 1006 1424 3222 1013 1431 3223 1014 1432 3224 1007 1425 3225 1014 1432 3226 1015 1433 3227 1007 1425 3228 1016 1434 3229 1008 1426 3230 1008 1426 3231 1017 1427 3232 1009 1419 3233 1017 1427 3234 1018 1435 3235 1010 1428 3236 1011 1429 3237 1018 1435 3238 1019 1436 3239 1011 1429 3240 1020 1437 3241 1012 1430 3242 1012 1430 3243 1021 1438 3244 1013 1431 3245 1014 1432 3246 1021 1438 3247 1022 1439 3248 1015 1433 3249 1022 1439 3250 1023 1440 3251 1015 1433 3252 1024 1441 3253 1016 1434 3254 1016 1434 3255 1025 1442 3256 1017 1427 3257 1025 1442 3258 1026 1443 3259 1018 1435 3260 1019 1436 3261 1026 1443 3262 1027 1444 3263 1019 1436 3264 1028 1445 3265 1020 1437 3266 1020 1437 3267 1029 1446 3268 1021 1438 3269 1022 1439 3270 1029 1446 3271 1030 1447 3272 1023 1440 3273 1030 1447 3274 1031 1448 3275 1023 1440 3276 1032 1449 3277 1024 1441 3278 1025 1442 3279 1032 1449 3280 1033 1450 3281 1033 1450 3282 1034 1451 3283 1026 1443 3284 1026 1443 3285 1035 1452 3286 1027 1444 3287 1028 1445 3288 1035 1452 3289 1036 1453 3290 1028 1445 3291 1037 1454 3292 1029 1446 3293 1030 1447 3294 1037 1454 3295 1038 1455 3296 1030 1447 3297 1039 1456 3298 1031 1448 3299 1031 1448 3300 1040 1457 3301 1032 1449 3302 1033 1450 3303 1040 1457 3304 1041 1458 3305 1034 1451 3306 1049 1459 3307 1042 1460 3308 1035 1452 3309 1042 1460 3310 1043 1461 3311 1036 1453 3312 1043 1461 3313 1044 1462 3314 1037 1454 3315 1044 1462 3316 1045 1463 3317 1037 1454 3318 1046 1464 3319 1038 1455 3320 1038 1455 3321 1047 1465 3322 1039 1456 3323 1039 1456 3324 1048 1466 3325 1040 1457 3326 1040 1457 3327 1049 1459 3328 1041 1458 3329 1048 1466 3330 1057 1467 3331 1049 1459 3332 1045 1463 3333 1054 1468 3334 1056 1469 3335 1047 1465 3336 1055 1470 3337 1048 1466 3338 1044 1462 3339 1052 1471 3340 1054 1468 3341 1045 1463 3342 1051 1472 3343 1046 1464 3344 1046 1464 3345 1053 1473 3346 1047 1465 3347 1042 1460 3348 1057 1467 3349 1050 1474 3350 1043 1461 3351 1050 1474 3352 1052 1471 3353 1066 1475 3354 1065 1476 3355 1058 1477 3356 1067 1478 3357 1058 1477 3358 1059 1479 3359 1068 1480 3360 1059 1479 3361 1060 1481 3362 1069 1482 3363 1060 1481 3364 1061 1483 3365 1062 1484 3366 1069 1482 3367 1061 1483 3368 1063 1485 3369 1070 1486 3370 1062 1484 3371 1064 1487 3372 1071 1488 3373 1063 1485 3374 1065 1476 3375 1072 1489 3376 1064 1487 3377 1074 1490 3378 1073 1491 3379 1066 1475 3380 1075 1492 3381 1066 1475 3382 1067 1478 3383 1076 1493 3384 1067 1478 3385 1068 1480 3386 1077 1494 3387 1068 1480 3388 1069 1482 3389 1070 1486 3390 1077 1494 3391 1069 1482 3392 1071 1488 3393 1078 1495 3394 1070 1486 3395 1072 1489 3396 1079 1496 3397 1071 1488 3398 1073 1491 3399 1080 1497 3400 1072 1489 3401 1082 1498 3402 1081 1499 3403 1074 1490 3404 1075 1492 3405 1082 1498 3406 1074 1490 3407 1084 1500 3408 1075 1492 3409 1076 1493 3410 1077 1494 3411 1084 1500 3412 1076 1493 3413 1086 1501 3414 1077 1494 3415 1078 1495 3416 1079 1496 3417 1086 1501 3418 1078 1495 3419 1088 1502 3420 1079 1496 3421 1080 1497 3422 1081 1499 3423 1088 1502 3424 1080 1497 3425 1082 1498 3426 1097 1503 3427 1089 1504 3428 1083 1505 3429 1090 1506 3430 1082 1498 3431 1092 1507 3432 1083 1505 3433 1084 1500 3434 1085 1508 3435 1092 1507 3436 1084 1500 3437 1094 1509 3438 1085 1508 3439 1086 1501 3440 1087 1510 3441 1094 1509 3442 1086 1501 3443 1096 1511 3444 1087 1510 3445 1088 1502 3446 1097 1503 3447 1088 1502 3448 1089 1504 3449 1090 1506 3450 1105 1512 3451 1097 1503 3452 1091 1513 3453 1098 1514 3454 1090 1506 3455 1100 1515 3456 1091 1513 3457 1092 1507 3458 1101 1516 3459 1092 1507 3460 1093 1517 3461 1094 1509 3462 1101 1516 3463 1093 1517 3464 1095 1518 3465 1102 1519 3466 1094 1509 3467 1104 1520 3468 1095 1518 3469 1096 1511 3470 1105 1512 3471 1096 1511 3472 1097 1503 3473 1106 1521 3474 1105 1512 3475 1098 1514 3476 1099 1522 3477 1106 1521 3478 1098 1514 3479 1108 1523 3480 1099 1522 3481 1100 1515 3482 1101 1516 3483 1108 1523 3484 1100 1515 3485 1110 1524 3486 1101 1516 3487 1102 1519 3488 1103 1525 3489 1110 1524 3490 1102 1519 3491 1112 1526 3492 1103 1525 3493 1104 1520 3494 1105 1512 3495 1112 1526 3496 1104 1520 3497 1114 1527 3498 1113 1528 3499 1106 1521 3500 1115 1529 3501 1106 1521 3502 1107 1530 3503 1108 1523 3504 1115 1529 3505 1107 1530 3506 1117 1531 3507 1108 1523 3508 1109 1532 3509 1110 1524 3510 1117 1531 3511 1109 1532 3512 1119 1533 3513 1110 1524 3514 1111 1534 3515 1112 1526 3516 1119 1533 3517 1111 1534 3518 1121 1535 3519 1112 1526 3520 1113 1528 3521 1114 1527 3522 1129 1536 3523 1121 1535 3524 1123 1537 3525 1114 1527 3526 1115 1529 3527 1124 1538 3528 1115 1529 3529 1116 1539 3530 1125 1540 3531 1116 1539 3532 1117 1531 3533 1118 1541 3534 1125 1540 3535 1117 1531 3536 1127 1542 3537 1118 1541 3538 1119 1533 3539 1120 1543 3540 1127 1542 3541 1119 1533 3542 1129 1536 3543 1120 1543 3544 1121 1535 3545 1122 1544 3546 1137 1545 3547 1129 1536 3548 1123 1537 3549 1130 1546 3550 1122 1544 3551 1124 1538 3552 1131 1547 3553 1123 1537 3554 1125 1540 3555 1132 1548 3556 1124 1538 3557 1134 1549 3558 1125 1540 3559 1126 1550 3560 1135 1551 3561 1126 1550 3562 1127 1542 3563 1136 1552 3564 1127 1542 3565 1128 1553 3566 1137 1545 3567 1128 1553 3568 1129 1536 3569 1057 1467 3570 1136 1552 3571 1137 1545 3572 1133 1554 3573 1054 1468 3574 1132 1548 3575 1055 1470 3576 1135 1551 3577 1136 1552 3578 1132 1548 3579 1052 1471 3580 1131 1547 3581 1051 1472 3582 1133 1554 3583 1134 1549 3584 1053 1473 3585 1134 1549 3586 1135 1551 3587 1130 1546 3588 1057 1467 3589 1137 1545 3590 1131 1547 3591 1050 1474 3592 1130 1546 3593 809 1555 3594 807 1556 3595 805 1557 3596 893 1558 3597 895 1559 3598 897 1560 3599 973 1561 3600 975 1562 3601 977 1563 3602 1065 1564 3603 1063 1565 3604 1061 1566 3605 803 1567 3606 802 1568 3607 809 1555 3608 809 1555 3609 808 102 3610 807 1556 3611 807 1556 3612 806 102 3613 805 1557 3614 805 1557 3615 804 102 3616 803 1567 3617 803 1567 3618 809 1555 3619 805 1557 3620 897 1560 3621 890 102 3622 891 1569 3623 891 1569 3624 892 1570 3625 893 1558 3626 893 1558 3627 894 102 3628 895 1559 3629 895 1559 3630 896 1571 3631 897 1560 3632 897 1560 3633 891 1569 3634 893 1558 3635 977 1563 3636 970 102 3637 971 1572 3638 971 1572 3639 972 1568 3640 973 1561 3641 973 1561 3642 974 102 3643 975 1562 3644 975 1562 3645 976 1570 3646 977 1563 3647 977 1563 3648 971 1572 3649 973 1561 3650 1059 1573 3651 1058 1570 3652 1065 1564 3653 1065 1564 3654 1064 102 3655 1063 1565 3656 1063 1565 3657 1062 102 3658 1061 1566 3659 1061 1566 3660 1060 102 3661 1059 1573 3662 1059 1573 3663 1065 1564 3664 1061 1566 3665 1146 1574 3666 1145 1575 3667 1138 1576 3668 1147 1577 3669 1138 1576 3670 1139 1578 3671 1140 1579 3672 1147 1577 3673 1139 1578 3674 1141 1580 3675 1148 1581 3676 1140 1579 3677 1142 1582 3678 1149 1583 3679 1141 1580 3680 1143 1584 3681 1150 1585 3682 1142 1582 3683 1152 1586 3684 1143 1584 3685 1144 1587 3686 1153 1588 3687 1144 1587 3688 1145 1575 3689 1146 1574 3690 1161 1589 3691 1153 1588 3692 1147 1577 3693 1154 1590 3694 1146 1574 3695 1156 1591 3696 1147 1577 3697 1148 1581 3698 1157 1592 3699 1148 1581 3700 1149 1583 3701 1158 1593 3702 1149 1583 3703 1150 1585 3704 1159 1594 3705 1150 1585 3706 1151 1595 3707 1152 1586 3708 1159 1594 3709 1151 1595 3710 1153 1588 3711 1160 1596 3712 1152 1586 3713 1154 1590 3714 1169 1597 3715 1161 1589 3716 1163 1598 3717 1154 1590 3718 1155 1599 3719 1156 1591 3720 1163 1598 3721 1155 1599 3722 1165 1600 3723 1156 1591 3724 1157 1592 3725 1166 1601 3726 1157 1592 3727 1158 1593 3728 1159 1594 3729 1166 1601 3730 1158 1593 3731 1168 1602 3732 1159 1594 3733 1160 1596 3734 1161 1589 3735 1168 1602 3736 1160 1596 3737 1170 1603 3738 1169 1597 3739 1162 1604 3740 1171 1605 3741 1162 1604 3742 1163 1598 3743 1164 1606 3744 1171 1605 3745 1163 1598 3746 1165 1600 3747 1172 1607 3748 1164 1606 3749 1166 1601 3750 1173 1608 3751 1165 1600 3752 1167 1609 3753 1174 1610 3754 1166 1601 3755 1176 1611 3756 1167 1609 3757 1168 1602 3758 1177 1612 3759 1168 1602 3760 1169 1597 3761 1170 1603 3762 1185 1613 3763 1177 1612 3764 1171 1605 3765 1178 1614 3766 1170 1603 3767 1180 1615 3768 1171 1605 3769 1172 1607 3770 1181 1616 3771 1172 1607 3772 1173 1608 3773 1182 1617 3774 1173 1608 3775 1174 1610 3776 1183 1618 3777 1174 1610 3778 1175 1619 3779 1176 1611 3780 1183 1618 3781 1175 1619 3782 1177 1612 3783 1184 1620 3784 1176 1611 3785 1178 1614 3786 1193 1621 3787 1185 1613 3788 1179 1622 3789 1186 1623 3790 1178 1614 3791 1188 1624 3792 1179 1622 3793 1180 1615 3794 1189 1625 3795 1180 1615 3796 1181 1616 3797 1190 1626 3798 1181 1616 3799 1182 1617 3800 1191 1627 3801 1182 1617 3802 1183 1618 3803 1184 1620 3804 1191 1627 3805 1183 1618 3806 1185 1613 3807 1192 1628 3808 1184 1620 3809 1186 1623 3810 1201 1629 3811 1193 1621 3812 1187 1630 3813 1194 1631 3814 1186 1623 3815 1196 1632 3816 1187 1630 3817 1188 1624 3818 1197 1633 3819 1188 1624 3820 1189 1625 3821 1198 1634 3822 1189 1625 3823 1190 1626 3824 1199 1635 3825 1190 1626 3826 1191 1627 3827 1192 1628 3828 1199 1635 3829 1191 1627 3830 1193 1621 3831 1200 1636 3832 1192 1628 3833 1194 1631 3834 1209 1637 3835 1201 1629 3836 1195 1638 3837 1202 1639 3838 1194 1631 3839 1204 1640 3840 1195 1638 3841 1196 1632 3842 1205 1641 3843 1196 1632 3844 1197 1633 3845 1206 1642 3846 1197 1633 3847 1198 1634 3848 1207 1643 3849 1198 1634 3850 1199 1635 3851 1200 1636 3852 1207 1643 3853 1199 1635 3854 1201 1629 3855 1208 1644 3856 1200 1636 3857 1202 1639 3858 1217 1645 3859 1209 1637 3860 1203 1646 3861 1210 1647 3862 1202 1639 3863 1212 1648 3864 1203 1646 3865 1204 1640 3866 1213 1649 3867 1204 1640 3868 1205 1641 3869 1214 1650 3870 1205 1641 3871 1206 1642 3872 1215 1651 3873 1206 1642 3874 1207 1643 3875 1208 1644 3876 1215 1651 3877 1207 1643 3878 1209 1637 3879 1216 1652 3880 1208 1644 3881 1210 1647 3882 1225 1653 3883 1217 1645 3884 1211 1654 3885 1218 1655 3886 1210 1647 3887 1220 1656 3888 1211 1654 3889 1212 1648 3890 1221 1657 3891 1212 1648 3892 1213 1649 3893 1222 1658 3894 1213 1649 3895 1214 1650 3896 1223 1659 3897 1214 1650 3898 1215 1651 3899 1216 1652 3900 1223 1659 3901 1215 1651 3902 1217 1645 3903 1224 1660 3904 1216 1652 3905 1218 1655 3906 1233 1661 3907 1225 1653 3908 1219 1662 3909 1226 1663 3910 1218 1655 3911 1228 1664 3912 1219 1662 3913 1220 1656 3914 1229 1665 3915 1220 1656 3916 1221 1657 3917 1230 1666 3918 1221 1657 3919 1222 1658 3920 1231 1667 3921 1222 1658 3922 1223 1659 3923 1224 1660 3924 1231 1667 3925 1223 1659 3926 1225 1653 3927 1232 1668 3928 1224 1660 3929 1234 1669 3930 1233 1661 3931 1226 1663 3932 1235 1670 3933 1226 1663 3934 1227 1671 3935 1228 1664 3936 1235 1670 3937 1227 1671 3938 1229 1665 3939 1236 1672 3940 1228 1664 3941 1230 1666 3942 1237 1673 3943 1229 1665 3944 1231 1667 3945 1238 1674 3946 1230 1666 3947 1240 1675 3948 1231 1667 3949 1232 1668 3950 1241 1676 3951 1232 1668 3952 1233 1661 3953 1242 1677 3954 1241 1676 3955 1234 1669 3956 1243 1678 3957 1234 1669 3958 1235 1670 3959 1236 1672 3960 1243 1678 3961 1235 1670 3962 1237 1673 3963 1244 1679 3964 1236 1672 3965 1238 1674 3966 1245 1680 3967 1237 1673 3968 1239 1681 3969 1246 1682 3970 1238 1674 3971 1248 1683 3972 1239 1681 3973 1240 1675 3974 1249 1684 3975 1240 1675 3976 1241 1676 3977 1250 1685 3978 1249 1684 3979 1242 1677 3980 1251 1686 3981 1242 1677 3982 1243 1678 3983 1244 1679 3984 1251 1686 3985 1243 1678 3986 1245 1680 3987 1252 1687 3988 1244 1679 3989 1246 1682 3990 1253 1688 3991 1245 1680 3992 1247 1689 3993 1254 1690 3994 1246 1682 3995 1256 1691 3996 1247 1689 3997 1248 1683 3998 1257 1692 3999 1248 1683 4000 1249 1684 4001 1258 1693 4002 1257 1692 4003 1250 1685 4004 1259 1694 4005 1250 1685 4006 1251 1686 4007 1252 1687 4008 1259 1694 4009 1251 1686 4010 1253 1688 4011 1260 1695 4012 1252 1687 4013 1254 1690 4014 1261 1696 4015 1253 1688 4016 1255 1697 4017 1262 1698 4018 1254 1690 4019 1264 1699 4020 1255 1697 4021 1256 1691 4022 1265 1700 4023 1256 1691 4024 1257 1692 4025 1266 1701 4026 1265 1700 4027 1258 1693 4028 1267 1702 4029 1258 1693 4030 1259 1694 4031 1260 1695 4032 1267 1702 4033 1259 1694 4034 1261 1696 4035 1268 1703 4036 1260 1695 4037 1262 1698 4038 1269 1704 4039 1261 1696 4040 1263 1705 4041 1270 1706 4042 1262 1698 4043 1272 1707 4044 1263 1705 4045 1264 1699 4046 1273 1708 4047 1264 1699 4048 1265 1700 4049 1274 1709 4050 1273 1708 4051 1266 1701 4052 1275 1710 4053 1266 1701 4054 1267 1702 4055 1268 1703 4056 1275 1710 4057 1267 1702 4058 1269 1704 4059 1276 1711 4060 1268 1703 4061 1270 1706 4062 1277 1712 4063 1269 1704 4064 1271 1713 4065 1278 1714 4066 1270 1706 4067 1280 1715 4068 1271 1713 4069 1272 1707 4070 1281 1716 4071 1272 1707 4072 1273 1708 4073 1282 1717 4074 1281 1716 4075 1274 1709 4076 1283 1718 4077 1274 1709 4078 1275 1710 4079 1276 1711 4080 1283 1718 4081 1275 1710 4082 1277 1712 4083 1284 1719 4084 1276 1711 4085 1278 1714 4086 1285 1720 4087 1277 1712 4088 1279 1721 4089 1286 1722 4090 1278 1714 4091 1288 1723 4092 1279 1721 4093 1280 1715 4094 1289 1724 4095 1280 1715 4096 1281 1716 4097 1282 1717 4098 1297 1725 4099 1289 1724 4100 1283 1718 4101 1290 1726 4102 1282 1717 4103 1292 1727 4104 1283 1718 4105 1284 1719 4106 1293 1728 4107 1284 1719 4108 1285 1720 4109 1294 1729 4110 1285 1720 4111 1286 1722 4112 1295 1730 4113 1286 1722 4114 1287 1731 4115 1288 1723 4116 1295 1730 4117 1287 1731 4118 1289 1724 4119 1296 1732 4120 1288 1723 4121 1298 1733 4122 1297 1725 4123 1290 1726 4124 1299 1734 4125 1290 1726 4126 1291 1735 4127 1300 1736 4128 1291 1735 4129 1292 1727 4130 1293 1728 4131 1300 1736 4132 1292 1727 4133 1302 1737 4134 1293 1728 4135 1294 1729 4136 1295 1730 4137 1302 1737 4138 1294 1729 4139 1304 1738 4140 1295 1730 4141 1296 1732 4142 1297 1725 4143 1304 1738 4144 1296 1732 4145 1306 1739 4146 1305 1740 4147 1298 1733 4148 1307 1741 4149 1298 1733 4150 1299 1734 4151 1300 1736 4152 1307 1741 4153 1299 1734 4154 1301 1742 4155 1308 1743 4156 1300 1736 4157 1302 1737 4158 1309 1744 4159 1301 1742 4160 1303 1745 4161 1310 1746 4162 1302 1737 4163 1312 1747 4164 1303 1745 4165 1304 1738 4166 1313 1748 4167 1304 1738 4168 1305 1740 4169 1306 1739 4170 1321 1749 4171 1313 1748 4172 1307 1741 4173 1314 1750 4174 1306 1739 4175 1316 1751 4176 1307 1741 4177 1308 1743 4178 1317 1752 4179 1308 1743 4180 1309 1744 4181 1318 1753 4182 1309 1744 4183 1310 1746 4184 1319 1754 4185 1310 1746 4186 1311 1755 4187 1312 1747 4188 1319 1754 4189 1311 1755 4190 1313 1748 4191 1320 1756 4192 1312 1747 4193 1314 1750 4194 1329 1757 4195 1321 1749 4196 1315 1758 4197 1322 1759 4198 1314 1750 4199 1324 1760 4200 1315 1758 4201 1316 1751 4202 1325 1761 4203 1316 1751 4204 1317 1752 4205 1326 1762 4206 1317 1752 4207 1318 1753 4208 1327 1763 4209 1318 1753 4210 1319 1754 4211 1320 1756 4212 1327 1763 4213 1319 1754 4214 1321 1749 4215 1328 1764 4216 1320 1756 4217 1322 1759 4218 1337 1765 4219 1329 1757 4220 1323 1766 4221 1330 1767 4222 1322 1759 4223 1332 1768 4224 1323 1766 4225 1324 1760 4226 1333 1769 4227 1324 1760 4228 1325 1761 4229 1334 1770 4230 1325 1761 4231 1326 1762 4232 1335 1771 4233 1326 1762 4234 1327 1763 4235 1328 1764 4236 1335 1771 4237 1327 1763 4238 1329 1757 4239 1336 1772 4240 1328 1764 4241 1330 1767 4242 1345 1773 4243 1337 1765 4244 1331 1774 4245 1338 1775 4246 1330 1767 4247 1340 1776 4248 1331 1774 4249 1332 1768 4250 1341 1777 4251 1332 1768 4252 1333 1769 4253 1342 1778 4254 1333 1769 4255 1334 1770 4256 1343 1779 4257 1334 1770 4258 1335 1771 4259 1336 1772 4260 1343 1779 4261 1335 1771 4262 1337 1765 4263 1344 1780 4264 1336 1772 4265 1338 1775 4266 1353 1781 4267 1345 1773 4268 1339 1782 4269 1346 1783 4270 1338 1775 4271 1348 1784 4272 1339 1782 4273 1340 1776 4274 1349 1785 4275 1340 1776 4276 1341 1777 4277 1350 1786 4278 1341 1777 4279 1342 1778 4280 1351 1787 4281 1342 1778 4282 1343 1779 4283 1344 1780 4284 1351 1787 4285 1343 1779 4286 1345 1773 4287 1352 1788 4288 1344 1780 4289 1346 1783 4290 1361 1789 4291 1353 1781 4292 1347 1790 4293 1354 1791 4294 1346 1783 4295 1356 1792 4296 1347 1790 4297 1348 1784 4298 1357 1793 4299 1348 1784 4300 1349 1785 4301 1358 1794 4302 1349 1785 4303 1350 1786 4304 1359 1795 4305 1350 1786 4306 1351 1787 4307 1352 1788 4308 1359 1795 4309 1351 1787 4310 1353 1781 4311 1360 1796 4312 1352 1788 4313 1354 1791 4314 1369 1797 4315 1361 1789 4316 1355 1798 4317 1362 1799 4318 1354 1791 4319 1364 1800 4320 1355 1798 4321 1356 1792 4322 1365 1801 4323 1356 1792 4324 1357 1793 4325 1366 1802 4326 1357 1793 4327 1358 1794 4328 1367 1803 4329 1358 1794 4330 1359 1795 4331 1360 1796 4332 1367 1803 4333 1359 1795 4334 1361 1789 4335 1368 1804 4336 1360 1796 4337 1370 1805 4338 1369 1797 4339 1362 1799 4340 1371 1806 4341 1362 1799 4342 1363 1807 4343 1364 1800 4344 1371 1806 4345 1363 1807 4346 1365 1801 4347 1372 1808 4348 1364 1800 4349 1366 1802 4350 1373 1809 4351 1365 1801 4352 1367 1803 4353 1374 1810 4354 1366 1802 4355 1376 1811 4356 1367 1803 4357 1368 1804 4358 1377 1812 4359 1368 1804 4360 1369 1797 4361 1378 1813 4362 1377 1812 4363 1370 1805 4364 1379 1814 4365 1370 1805 4366 1371 1806 4367 1372 1808 4368 1379 1814 4369 1371 1806 4370 1373 1809 4371 1380 1815 4372 1372 1808 4373 1374 1810 4374 1381 1816 4375 1373 1809 4376 1375 1817 4377 1382 1818 4378 1374 1810 4379 1384 1819 4380 1375 1817 4381 1376 1811 4382 1385 1820 4383 1376 1811 4384 1377 1812 4385 1386 1821 4386 1385 1820 4387 1378 1813 4388 1387 1822 4389 1378 1813 4390 1379 1814 4391 1380 1815 4392 1387 1822 4393 1379 1814 4394 1381 1816 4395 1388 1823 4396 1380 1815 4397 1382 1818 4398 1389 1824 4399 1381 1816 4400 1383 1825 4401 1390 1826 4402 1382 1818 4403 1392 1827 4404 1383 1825 4405 1384 1819 4406 1393 1828 4407 1384 1819 4408 1385 1820 4409 1394 1829 4410 1393 1828 4411 1386 1821 4412 1395 1830 4413 1386 1821 4414 1387 1822 4415 1388 1823 4416 1395 1830 4417 1387 1822 4418 1389 1824 4419 1396 1831 4420 1388 1823 4421 1390 1826 4422 1397 1832 4423 1389 1824 4424 1391 1833 4425 1398 1834 4426 1390 1826 4427 1400 1835 4428 1391 1833 4429 1392 1827 4430 1401 1836 4431 1392 1827 4432 1393 1828 4433 1402 1837 4434 1401 1836 4435 1394 1829 4436 1403 1838 4437 1394 1829 4438 1395 1830 4439 1396 1831 4440 1403 1838 4441 1395 1830 4442 1397 1832 4443 1404 1839 4444 1396 1831 4445 1398 1834 4446 1405 1840 4447 1397 1832 4448 1399 1841 4449 1406 1842 4450 1398 1834 4451 1408 1843 4452 1399 1841 4453 1400 1835 4454 1409 1844 4455 1400 1835 4456 1401 1836 4457 1138 1576 4458 1409 1844 4459 1402 1837 4460 1139 1578 4461 1402 1837 4462 1403 1838 4463 1404 1839 4464 1139 1578 4465 1403 1838 4466 1405 1840 4467 1140 1579 4468 1404 1839 4469 1406 1842 4470 1141 1580 4471 1405 1840 4472 1407 1845 4473 1142 1582 4474 1406 1842 4475 1144 1587 4476 1407 1845 4477 1408 1843 4478 1145 1575 4479 1408 1843 4480 1409 1844 4481 1411 1846 4482 1414 1847 4483 1421 1848 4484 1414 1847 4485 1417 1849 4486 1421 1848 4487 1415 1850 4488 1414 1851 4489 1411 1852 4490 1414 1851 4491 1416 1853 4492 1417 1854 4493 1413 1855 4494 1412 1856 4495 1410 1857 4496 1410 1857 4497 1412 1856 4498 1411 1858 4499 1415 1859 4500 1411 1860 4501 1452 1861 4502 1418 1862 4503 1420 1863 4504 1421 1848 4505 1417 1854 4506 1419 1864 4507 1418 1865 4508 1418 1866 4509 1422 1867 4510 1420 1868 4511 1420 1868 4512 1423 1869 4513 1424 1870 4514 1427 1871 4515 1430 1872 4516 1421 1848 4517 1425 1873 4518 1427 1871 4519 1421 1848 4520 1418 1874 4521 1419 1875 4522 1452 1876 4523 1449 1877 4524 1450 1878 4525 1425 1879 4526 1425 1880 4527 1428 1881 4528 1427 1882 4529 1439 1883 4530 1442 1884 4531 1421 1848 4532 1421 1848 4533 1445 1885 4534 1410 1886 4535 1431 1887 4536 1434 1888 4537 1433 1889 4538 1435 1890 4539 1438 1891 4540 1436 1892 4541 1430 1893 4542 1432 1894 4543 1431 1895 4544 1436 1892 4545 1438 1891 4546 1437 1896 4547 1421 1848 4548 1433 1897 4549 1436 1898 4550 1431 1899 4551 1432 1900 4552 1450 1901 4553 1437 1902 4554 1440 1903 4555 1439 1904 4556 1439 1904 4557 1441 1905 4558 1442 1906 4559 1427 1882 4560 1429 1907 4561 1430 1893 4562 1444 1908 4563 1441 1909 4564 1451 1910 4565 1440 1911 4566 1437 1912 4567 1451 1913 4568 1442 1906 4569 1444 1914 4570 1443 1915 4571 1443 1916 4572 1445 1885 4573 1421 1848 4574 1443 1917 4575 1446 1918 4576 1445 1919 4577 1424 1870 4578 1426 1920 4579 1425 1921 4580 1424 1922 4581 1421 1848 4582 1420 1863 4583 1415 1850 4584 1416 1853 4585 1414 1851 4586 1416 1853 4587 1419 1864 4588 1417 1854 4589 1410 1857 4590 1445 1919 4591 1413 1855 4592 1445 1919 4593 1446 1918 4594 1413 1855 4595 1422 1867 4596 1423 1869 4597 1420 1868 4598 1423 1869 4599 1426 1920 4600 1424 1870 4601 1440 1903 4602 1441 1905 4603 1439 1904 4604 1441 1905 4605 1444 1914 4606 1442 1906 4607 1428 1881 4608 1429 1907 4609 1427 1882 4610 1429 1907 4611 1432 1894 4612 1430 1893 4613 1434 1888 4614 1435 1890 4615 1433 1889 4616 1433 1889 4617 1435 1890 4618 1436 1892 4619 1450 1923 4620 1449 1924 4621 1448 1925 4622 1421 1848 4623 1410 1886 4624 1411 1846 4625 1413 1926 4626 1448 1927 4627 1412 1928 4628 1448 1927 4629 1452 1861 4630 1411 1860 4631 1412 1928 4632 1448 1927 4633 1411 1860 4634 1452 1861 4635 1416 1929 4636 1415 1859 4637 1421 1848 4638 1417 1849 4639 1418 1862 4640 1421 1848 4641 1424 1922 4642 1425 1873 4643 1419 1875 4644 1416 1930 4645 1452 1876 4646 1452 1876 4647 1449 1931 4648 1418 1874 4649 1449 1931 4650 1423 1932 4651 1422 1933 4652 1418 1874 4653 1449 1931 4654 1422 1933 4655 1450 1878 4656 1429 1934 4657 1428 1935 4658 1428 1935 4659 1425 1879 4660 1450 1878 4661 1425 1879 4662 1426 1936 4663 1449 1877 4664 1426 1936 4665 1423 1937 4666 1449 1877 4667 1430 1872 4668 1431 1938 4669 1421 1848 4670 1431 1938 4671 1433 1897 4672 1421 1848 4673 1436 1898 4674 1437 1939 4675 1421 1848 4676 1437 1939 4677 1439 1883 4678 1421 1848 4679 1432 1900 4680 1429 1940 4681 1450 1901 4682 1450 1901 4683 1447 1941 4684 1431 1899 4685 1447 1941 4686 1435 1942 4687 1434 1943 4688 1431 1899 4689 1447 1941 4690 1434 1943 4691 1451 1910 4692 1448 1944 4693 1443 1945 4694 1448 1944 4695 1413 1946 4696 1446 1947 4697 1443 1945 4698 1448 1944 4699 1446 1947 4700 1443 1945 4701 1444 1908 4702 1451 1910 4703 1435 1948 4704 1447 1949 4705 1438 1950 4706 1447 1949 4707 1451 1913 4708 1437 1912 4709 1438 1950 4710 1447 1949 4711 1437 1912 4712 1451 1913 4713 1441 1951 4714 1440 1911 4715 1421 1848 4716 1442 1884 4717 1443 1916 4718 1449 1924 4719 1452 1952 4720 1448 1925 4721 1448 1925 4722 1451 1953 4723 1447 1954 4724 1447 1954 4725 1450 1923 4726 1448 1925 4727 1484 1955 4728 1454 1956 4729 1453 1957 4730 1453 1958 4731 1454 1959 4732 1465 1960 4733 1495 1961 4734 1454 1962 4735 1455 1963 4736 1454 1956 4737 1484 1955 4738 1455 1964 4739 1484 1955 4740 1453 1957 4741 1456 1965 4742 1458 1966 4743 1484 1955 4744 1456 1965 4745 1484 1955 4746 1458 1966 4747 1457 1967 4748 1457 1968 4749 1458 1969 4750 1459 1970 4751 1458 1971 4752 1456 1972 4753 1460 1973 4754 1458 1974 4755 1461 1975 4756 1459 1976 4757 1458 1974 4758 1460 1977 4759 1462 1978 4760 1461 1975 4761 1458 1974 4762 1462 1978 4763 1462 1978 4764 1460 1977 4765 1463 1979 4766 1463 1980 4767 1465 1981 4768 1462 1982 4769 1462 1983 4770 1467 1984 4771 1461 1985 4772 1466 1986 4773 1462 1983 4774 1464 1987 4775 1462 1982 4776 1454 1988 4777 1464 1989 4778 1465 1981 4779 1454 1988 4780 1462 1982 4781 1468 1990 4782 1462 1983 4783 1466 1986 4784 1467 1984 4785 1462 1983 4786 1468 1990 4787 1472 1991 4788 1468 1992 4789 1469 1993 4790 1468 1994 4791 1470 1995 4792 1469 1996 4793 1466 1997 4794 1471 1998 4795 1468 1994 4796 1468 1992 4797 1473 1999 4798 1467 2000 4799 1470 1995 4800 1468 1994 4801 1471 1998 4802 1473 1999 4803 1468 1992 4804 1472 1991 4805 1475 2001 4806 1473 2002 4807 1472 2003 4808 1473 1999 4809 1474 2004 4810 1467 2000 4811 1473 2005 4812 1476 2006 4813 1474 2007 4814 1475 2008 4815 1484 1955 4816 1473 2009 4817 1473 2009 4818 1484 1955 4819 1476 2010 4820 1484 1955 4821 1477 2011 4822 1476 2010 4823 1477 2011 4824 1484 1955 4825 1478 2012 4826 1478 2013 4827 1479 2014 4828 1480 2015 4829 1477 2016 4830 1478 2017 4831 1482 2018 4832 1478 2012 4833 1484 1955 4834 1479 2019 4835 1479 2019 4836 1484 1955 4837 1457 1967 4838 1480 2015 4839 1479 2014 4840 1481 2020 4841 1479 2014 4842 1457 1968 4843 1481 2020 4844 1461 2021 4845 1480 2022 4846 1481 2023 4847 1459 1976 4848 1461 1975 4849 1481 2024 4850 1481 2020 4851 1457 1968 4852 1459 1970 4853 1480 2022 4854 1461 2021 4855 1478 2025 4856 1482 2026 4857 1478 2025 4858 1467 2027 4859 1467 2027 4860 1478 2025 4861 1461 2021 4862 1483 2028 4863 1477 2016 4864 1482 2018 4865 1483 2029 4866 1482 2026 4867 1467 2027 4868 1467 2000 4869 1474 2004 4870 1483 2030 4871 1474 2007 4872 1476 2006 4873 1483 2028 4874 1476 2006 4875 1477 2016 4876 1483 2028 4877 1485 2031 4878 1484 1955 4879 1475 2008 4880 1471 2032 4881 1484 1955 4882 1485 2031 4883 1484 1955 4884 1471 2032 4885 1486 2033 4886 1486 2034 4887 1471 2035 4888 1487 2036 4889 1471 2037 4890 1485 2038 4891 1470 2039 4892 1486 2033 4893 1488 2040 4894 1484 1955 4895 1489 2041 4896 1486 2034 4897 1487 2036 4898 1488 2042 4899 1486 2034 4900 1489 2041 4901 1466 2043 4902 1490 2044 4903 1489 2045 4904 1490 2046 4905 1488 2042 4906 1489 2041 4907 1487 2047 4908 1466 1997 4909 1489 2048 4910 1491 2049 4911 1490 2044 4912 1466 2043 4913 1491 2050 4914 1488 2042 4915 1490 2046 4916 1491 2049 4917 1464 2051 4918 1492 2052 4919 1493 2053 4920 1491 2054 4921 1492 2055 4922 1464 2051 4923 1491 2049 4924 1466 2043 4925 1484 1955 4926 1491 2056 4927 1493 2057 4928 1491 2056 4929 1484 1955 4930 1488 2040 4931 1494 2058 4932 1493 2053 4933 1492 2055 4934 1455 1963 4935 1493 2053 4936 1494 2058 4937 1455 1964 4938 1484 1955 4939 1493 2057 4940 1464 1989 4941 1495 2059 4942 1494 2060 4943 1495 1961 4944 1455 1963 4945 1494 2058 4946 1492 2052 4947 1464 2051 4948 1494 2061 4949 1495 2059 4950 1464 1989 4951 1454 1988 4952 1471 1998 4953 1466 1997 4954 1487 2047 4955 1470 2039 4956 1485 2038 4957 1469 2062 4958 1485 2038 4959 1475 2001 4960 1469 2062 4961 1469 2062 4962 1475 2001 4963 1472 2003 4964 1463 2063 4965 1453 1958 4966 1465 1960 4967 1456 1972 4968 1463 2063 4969 1460 1973 4970 1453 1958 4971 1463 2063 4972 1456 1972 4973 1576 2064 4974 1504 2065 4975 1499 2066 4976 1497 2067 4977 1502 2068 4978 1498 2069 4979 1613 2070 4980 1510 2071 4981 1505 2072 4982 1540 2073 4983 1499 2066 4984 1504 2065 4985 1498 2069 4986 1503 2074 4987 1576 2064 4988 1497 2067 4989 1500 2075 4990 1501 2076 4991 1501 2076 4992 1507 2077 4993 1502 2068 4994 1610 2078 4995 1608 2079 4996 1578 2080 4997 1540 2073 4998 1504 2065 4999 1509 2081 5000 1503 2074 5001 1507 2077 5002 1508 2082 5003 1500 2075 5004 1506 2083 5005 1501 2076 5006 1504 2065 5007 1508 2082 5008 1509 2081 5009 1540 2073 5010 1509 2081 5011 1514 2084 5012 1507 2077 5013 1513 2085 5014 1508 2082 5015 1506 2083 5016 1510 2071 5017 1511 2086 5018 1508 2082 5019 1514 2084 5020 1509 2081 5021 1506 2083 5022 1512 2087 5023 1507 2077 5024 1615 2088 5025 1580 2089 5026 1582 2090 5027 1510 2071 5028 1516 2091 5029 1511 2086 5030 1514 2084 5031 1518 2092 5032 1519 2093 5033 1511 2086 5034 1517 2094 5035 1512 2087 5036 1615 2088 5037 1584 2095 5038 1618 2096 5039 1540 2073 5040 1514 2084 5041 1519 2093 5042 1513 2085 5043 1517 2094 5044 1518 2092 5045 1518 2092 5046 1524 2097 5047 1519 2093 5048 1516 2091 5049 1522 2098 5050 1517 2094 5051 1621 2099 5052 1584 2095 5053 1586 2100 5054 1540 2073 5055 1519 2093 5056 1524 2097 5057 1517 2094 5058 1523 2101 5059 1518 2092 5060 1516 2091 5061 1520 2102 5062 1521 2103 5063 1621 2099 5064 1588 2104 5065 1624 2105 5066 1540 2073 5067 1524 2097 5068 1529 2106 5069 1523 2101 5070 1527 2107 5071 1528 2108 5072 1521 2103 5073 1525 2109 5074 1526 2110 5075 1524 2097 5076 1528 2108 5077 1529 2106 5078 1521 2103 5079 1527 2107 5080 1522 2098 5081 1540 2073 5082 1529 2106 5083 1534 2111 5084 1528 2108 5085 1532 2112 5086 1533 2113 5087 1526 2110 5088 1530 2114 5089 1531 2115 5090 1528 2108 5091 1534 2111 5092 1529 2106 5093 1527 2107 5094 1531 2115 5095 1532 2112 5096 1627 2116 5097 1588 2104 5098 1590 2117 5099 1534 2111 5100 1538 2118 5101 1539 2119 5102 1531 2115 5103 1537 2120 5104 1532 2112 5105 1627 2116 5106 1592 2121 5107 1630 2122 5108 1540 2073 5109 1534 2111 5110 1539 2119 5111 1532 2112 5112 1538 2118 5113 1533 2113 5114 1531 2115 5115 1535 2123 5116 1536 2124 5117 1538 2118 5118 1545 2125 5119 1539 2119 5120 1537 2120 5121 1542 2126 5122 1543 2127 5123 1630 2122 5124 1594 2128 5125 1633 2129 5126 1515 2130 5127 1622 2131 5128 1520 2102 5129 1540 2073 5130 1539 2119 5131 1545 2125 5132 1538 2118 5133 1543 2127 5134 1544 2132 5135 1536 2124 5136 1541 2133 5137 1542 2126 5138 1535 2123 5139 1634 2134 5140 1541 2133 5141 1551 2135 5142 1643 2136 5143 1556 2137 5144 1540 2073 5145 1545 2125 5146 1550 2138 5147 1543 2127 5148 1549 2139 5149 1544 2132 5150 1542 2126 5151 1546 2140 5152 1547 2141 5153 1610 2078 5154 1580 2089 5155 1612 2142 5156 1544 2132 5157 1550 2138 5158 1545 2125 5159 1542 2126 5160 1548 2143 5161 1543 2127 5162 1633 2129 5163 1596 2144 5164 1636 2145 5165 1549 2139 5166 1553 2146 5167 1554 2147 5168 1547 2141 5169 1551 2135 5170 1552 2148 5171 1556 2137 5172 1646 2149 5173 1561 2150 5174 1550 2138 5175 1554 2147 5176 1555 2151 5177 1548 2143 5178 1552 2148 5179 1553 2146 5180 1639 2152 5181 1596 2144 5182 1598 2153 5183 1628 2154 5184 1535 2123 5185 1530 2114 5186 1540 2073 5187 1550 2138 5188 1555 2151 5189 1554 2147 5190 1560 2155 5191 1555 2151 5192 1552 2148 5193 1558 2156 5194 1553 2146 5195 1639 2152 5196 1600 2157 5197 1642 2158 5198 1616 2159 5199 1515 2130 5200 1510 2071 5201 1540 2073 5202 1555 2151 5203 1560 2155 5204 1554 2147 5205 1558 2156 5206 1559 2160 5207 1551 2135 5208 1557 2161 5209 1552 2148 5210 1655 2162 5211 1500 2075 5212 1496 2163 5213 1557 2161 5214 1563 2164 5215 1558 2156 5216 1645 2165 5217 1600 2157 5218 1602 2166 5219 1571 2167 5220 1655 2162 5221 1496 2163 5222 1540 2073 5223 1560 2155 5224 1565 2168 5225 1558 2156 5226 1564 2169 5227 1559 2160 5228 1556 2137 5229 1562 2170 5230 1557 2161 5231 1560 2155 5232 1564 2169 5233 1565 2168 5234 1540 2073 5235 1565 2168 5236 1570 2171 5237 1563 2164 5238 1569 2172 5239 1564 2169 5240 1561 2150 5241 1567 2173 5242 1562 2170 5243 1634 2134 5244 1546 2140 5245 1541 2133 5246 1564 2169 5247 1570 2171 5248 1565 2168 5249 1563 2164 5250 1567 2173 5251 1568 2174 5252 1648 2175 5253 1602 2166 5254 1604 2176 5255 1625 2177 5256 1530 2114 5257 1525 2109 5258 1566 2178 5259 1572 2179 5260 1567 2173 5261 1637 2180 5262 1551 2135 5263 1546 2140 5264 1570 2171 5265 1574 2181 5266 1575 2182 5267 1568 2174 5268 1572 2179 5269 1573 2183 5270 1651 2184 5271 1604 2176 5272 1606 2185 5273 1566 2178 5274 1652 2186 5275 1571 2167 5276 1540 2073 5277 1570 2171 5278 1575 2182 5279 1569 2172 5280 1573 2183 5281 1574 2181 5282 1574 2181 5283 1499 2066 5284 1575 2182 5285 1573 2183 5286 1497 2067 5287 1498 2069 5288 1651 2184 5289 1608 2079 5290 1654 2187 5291 1561 2150 5292 1649 2188 5293 1566 2178 5294 1540 2073 5295 1575 2182 5296 1499 2066 5297 1574 2181 5298 1498 2069 5299 1576 2064 5300 1571 2167 5301 1497 2067 5302 1572 2179 5303 1622 2131 5304 1525 2109 5305 1520 2102 5306 1608 2079 5307 1577 2189 5308 1578 2080 5309 1577 2189 5310 1580 2089 5311 1578 2080 5312 1580 2089 5313 1581 2190 5314 1582 2090 5315 1582 2090 5316 1583 2191 5317 1584 2095 5318 1584 2095 5319 1585 2192 5320 1586 2100 5321 1585 2192 5322 1588 2104 5323 1586 2100 5324 1587 2193 5325 1590 2117 5326 1588 2104 5327 1590 2117 5328 1591 2194 5329 1592 2121 5330 1592 2121 5331 1593 2195 5332 1594 2128 5333 1593 2195 5334 1596 2144 5335 1594 2128 5336 1595 2196 5337 1598 2153 5338 1596 2144 5339 1597 2197 5340 1600 2157 5341 1598 2153 5342 1600 2157 5343 1601 2198 5344 1602 2166 5345 1601 2198 5346 1604 2176 5347 1602 2166 5348 1603 2199 5349 1606 2185 5350 1604 2176 5351 1606 2185 5352 1607 2200 5353 1608 2079 5354 1612 2142 5355 1611 2201 5356 1610 2078 5357 1611 2201 5358 1613 2070 5359 1609 2202 5360 1613 2070 5361 1617 2203 5362 1616 2159 5363 1617 2203 5364 1612 2142 5365 1615 2088 5366 1616 2159 5367 1620 2204 5368 1619 2205 5369 1617 2203 5370 1618 2096 5371 1620 2204 5372 1618 2096 5373 1623 2206 5374 1620 2204 5375 1623 2206 5376 1619 2205 5377 1620 2204 5378 1624 2105 5379 1623 2206 5380 1621 2099 5381 1626 2207 5382 1622 2131 5383 1623 2206 5384 1628 2154 5385 1626 2207 5386 1629 2208 5387 1629 2208 5388 1624 2105 5389 1627 2116 5390 1631 2209 5391 1629 2208 5392 1632 2210 5393 1629 2208 5394 1630 2122 5395 1632 2210 5396 1630 2122 5397 1635 2211 5398 1632 2210 5399 1635 2211 5400 1631 2209 5401 1632 2210 5402 1634 2134 5403 1638 2212 5404 1637 2180 5405 1635 2211 5406 1636 2145 5407 1638 2212 5408 1640 2213 5409 1638 2212 5410 1641 2214 5411 1641 2214 5412 1636 2145 5413 1639 2152 5414 1642 2158 5415 1641 2214 5416 1639 2152 5417 1641 2214 5418 1643 2136 5419 1640 2213 5420 1642 2158 5421 1647 2215 5422 1644 2216 5423 1644 2216 5424 1646 2149 5425 1643 2136 5426 1646 2149 5427 1650 2217 5428 1649 2188 5429 1647 2215 5430 1648 2175 5431 1650 2217 5432 1652 2186 5433 1650 2217 5434 1653 2218 5435 1650 2217 5436 1651 2184 5437 1653 2218 5438 1654 2187 5439 1653 2218 5440 1651 2184 5441 1656 2219 5442 1652 2186 5443 1653 2218 5444 1609 2202 5445 1656 2219 5446 1611 2201 5447 1656 2219 5448 1610 2078 5449 1611 2201 5450 1500 2075 5451 1613 2070 5452 1505 2072 5453 1605 2220 5454 1603 2199 5455 1601 2198 5456 1601 2198 5457 1599 2221 5458 1605 2220 5459 1599 2221 5460 1597 2197 5461 1605 2220 5462 1597 2197 5463 1595 2196 5464 1593 2195 5465 1593 2195 5466 1591 2194 5467 1589 2222 5468 1589 2222 5469 1587 2193 5470 1581 2190 5471 1587 2193 5472 1585 2192 5473 1581 2190 5474 1585 2192 5475 1583 2191 5476 1581 2190 5477 1581 2190 5478 1579 2223 5479 1577 2189 5480 1577 2189 5481 1607 2200 5482 1581 2190 5483 1607 2200 5484 1605 2220 5485 1581 2190 5486 1597 2197 5487 1593 2195 5488 1605 2220 5489 1581 2190 5490 1593 2195 5491 1589 2222 5492 247 835 5493 39 534 5494 20 802 5495 1680 2224 5496 1690 2225 5497 1759 2226 5498 1659 2227 5499 1699 2228 5500 1696 2229 5501 1660 2230 5502 1702 2231 5503 1699 2228 5504 1661 2232 5505 1687 2233 5506 1662 2234 5507 1666 2235 5508 1720 2236 5509 1717 2237 5510 1667 2238 5511 1723 2239 5512 1720 2236 5513 1668 2240 5514 1726 2241 5515 1723 2239 5516 1669 2242 5517 1729 2243 5518 1726 2241 5519 1670 2244 5520 1732 2245 5521 1729 2243 5522 1671 2246 5523 1735 2247 5524 1732 2245 5525 1672 2248 5526 1738 2249 5527 1735 2247 5528 1673 2250 5529 1686 2251 5530 1674 2252 5531 1678 2253 5532 1756 2254 5533 1753 2255 5534 1679 2256 5535 1759 2226 5536 1756 2254 5537 1667 48 5538 1666 2257 5539 1673 2258 5540 1658 2259 5541 1696 2229 5542 1693 2260 5543 1665 2261 5544 1717 2237 5545 1714 2262 5546 1684 2263 5547 1664 2264 5548 1683 2265 5549 1688 2266 5550 1662 2267 5551 1687 2268 5552 1682 2269 5553 1663 2270 5554 1681 2271 5555 1662 2267 5556 1682 2269 5557 1681 2271 5558 1675 2272 5559 1683 2265 5560 1663 2270 5561 1686 2273 5562 1665 2274 5563 1685 2275 5564 1674 2276 5565 1685 2275 5566 1664 2264 5567 1657 2277 5568 1693 2260 5569 1690 2225 5570 1679 2278 5571 1678 2279 5572 1688 2266 5573 1677 2280 5574 1753 2255 5575 1750 2281 5576 1690 2225 5577 1694 2282 5578 1691 2283 5579 1691 2283 5580 1692 2284 5581 1689 2285 5582 1696 2229 5583 1694 2282 5584 1693 2260 5585 1697 2286 5586 1692 2284 5587 1694 2282 5588 1699 2228 5589 1697 2286 5590 1696 2229 5591 1700 2287 5592 1695 2288 5593 1697 2286 5594 1699 2228 5595 1703 2289 5596 1700 2287 5597 1700 2287 5598 1701 2290 5599 1698 2291 5600 1717 2237 5601 1715 2292 5602 1714 2262 5603 1718 2293 5604 1713 2294 5605 1715 2292 5606 1720 2236 5607 1718 2293 5608 1717 2237 5609 1721 2295 5610 1716 2296 5611 1718 2293 5612 1723 2239 5613 1721 2295 5614 1720 2236 5615 1724 2297 5616 1719 2298 5617 1721 2295 5618 1726 2241 5619 1724 2297 5620 1723 2239 5621 1727 2299 5622 1722 2300 5623 1724 2297 5624 1726 2241 5625 1730 2301 5626 1727 2299 5627 1727 2299 5628 1728 2302 5629 1725 2303 5630 1729 2243 5631 1733 2304 5632 1730 2301 5633 1730 2301 5634 1731 2305 5635 1728 2302 5636 1732 2245 5637 1736 2306 5638 1733 2304 5639 1733 2304 5640 1734 2307 5641 1731 2305 5642 1735 2247 5643 1739 2308 5644 1736 2306 5645 1736 2306 5646 1737 2309 5647 1734 2307 5648 1753 2255 5649 1751 2310 5650 1750 2281 5651 1754 2311 5652 1749 2312 5653 1751 2310 5654 1753 2255 5655 1757 2313 5656 1754 2311 5657 1754 2311 5658 1755 2314 5659 1752 2315 5660 1756 2254 5661 1760 2316 5662 1757 2313 5663 1757 2313 5664 1758 2317 5665 1755 2314 5666 1690 2225 5667 1760 2316 5668 1759 2226 5669 1691 2283 5670 1758 2317 5671 1760 2316 5672 1705 2318 5673 1709 2319 5674 1706 2320 5675 1709 2319 5676 1704 2321 5677 1706 2320 5678 1747 2322 5679 1745 2323 5680 1744 2324 5681 1745 2323 5682 1746 2325 5683 1743 2326 5684 1708 2327 5685 1712 2328 5686 1709 2319 5687 1712 2328 5688 1707 2329 5689 1709 2319 5690 1744 2324 5691 1742 2330 5692 1741 2331 5693 1742 2330 5694 1743 2326 5695 1740 2332 5696 1711 2333 5697 1715 2292 5698 1712 2328 5699 1715 2292 5700 1710 2334 5701 1712 2328 5702 1741 2331 5703 1739 2308 5704 1738 2249 5705 1739 2308 5706 1740 2332 5707 1737 2309 5708 1702 2231 5709 1706 2320 5710 1703 2289 5711 1703 2289 5712 1704 2321 5713 1701 2290 5714 1750 2281 5715 1748 2335 5716 1747 2322 5717 1751 2310 5718 1746 2325 5719 1748 2335 5720 1794 2336 5721 1784 2337 5722 1863 2338 5723 1803 2339 5724 1763 2340 5725 1800 2341 5726 1806 2342 5727 1764 161 5728 1803 2339 5729 1766 2343 5730 1791 2344 5731 1765 2345 5732 1769 2346 5733 1789 2347 5734 1768 2348 5735 1824 2349 5736 1770 2350 5737 1821 2351 5738 1827 2352 5739 1771 2353 5740 1824 2349 5741 1830 2354 5742 1772 2355 5743 1827 2352 5744 1833 2356 5745 1773 2357 5746 1830 2354 5747 1836 2358 5748 1774 2359 5749 1833 2356 5750 1839 2360 5751 1775 2361 5752 1836 2358 5753 1842 2362 5754 1776 2363 5755 1839 2360 5756 1778 2364 5757 1790 2365 5758 1777 2366 5759 1781 2367 5760 1792 2368 5761 1780 2369 5762 1860 2370 5763 1782 2371 5764 1857 2372 5765 1863 2338 5766 1783 2373 5767 1860 2370 5768 1770 2374 5769 1772 2375 5770 1774 2376 5771 1800 2341 5772 1762 2377 5773 1797 2378 5774 1821 2351 5775 1769 2346 5776 1818 2379 5777 1768 2380 5778 1788 2381 5779 1787 2382 5780 1766 2383 5781 1792 2384 5782 1791 2385 5783 1767 2386 5784 1786 2387 5785 1785 2388 5786 1785 2388 5787 1780 2389 5788 1766 2383 5789 1787 2382 5790 1779 2390 5791 1767 2386 5792 1789 2391 5793 1777 2392 5794 1790 2393 5795 1768 2380 5796 1790 2393 5797 1778 2394 5798 1797 2378 5799 1761 2395 5800 1794 2336 5801 1764 2396 5802 1765 2397 5803 1791 2385 5804 1857 2372 5805 1781 2367 5806 1854 2398 5807 1795 2399 5808 1797 2378 5809 1794 2336 5810 1793 2400 5811 1798 2401 5812 1795 2399 5813 1798 2401 5814 1800 2341 5815 1797 2378 5816 1798 2401 5817 1799 2402 5818 1801 2403 5819 1801 2403 5820 1803 2339 5821 1800 2341 5822 1801 2403 5823 1802 2404 5824 1804 2405 5825 1803 2339 5826 1807 2406 5827 1806 2342 5828 1802 2404 5829 1807 2406 5830 1804 2405 5831 1819 2407 5832 1821 2351 5833 1818 2379 5834 1819 2407 5835 1820 2408 5836 1822 2409 5837 1821 2351 5838 1825 2410 5839 1824 2349 5840 1820 2408 5841 1825 2410 5842 1822 2409 5843 1824 2349 5844 1828 2411 5845 1827 2352 5846 1823 2412 5847 1828 2411 5848 1825 2410 5849 1827 2352 5850 1831 2413 5851 1830 2354 5852 1828 2411 5853 1829 2414 5854 1831 2413 5855 1831 2413 5856 1833 2356 5857 1830 2354 5858 1829 2414 5859 1834 2415 5860 1831 2413 5861 1834 2415 5862 1836 2358 5863 1833 2356 5864 1834 2415 5865 1835 2416 5866 1837 2417 5867 1837 2417 5868 1839 2360 5869 1836 2358 5870 1837 2417 5871 1838 2418 5872 1840 2419 5873 1839 2360 5874 1843 2420 5875 1842 2362 5876 1838 2418 5877 1843 2420 5878 1840 2419 5879 1855 2421 5880 1857 2372 5881 1854 2398 5882 1855 2421 5883 1856 2422 5884 1858 2423 5885 1857 2372 5886 1861 2424 5887 1860 2370 5888 1856 2422 5889 1861 2424 5890 1858 2423 5891 1860 2370 5892 1864 2425 5893 1863 2338 5894 1859 2426 5895 1864 2425 5896 1861 2424 5897 1863 2338 5898 1795 2399 5899 1794 2336 5900 1864 2425 5901 1793 2400 5902 1795 2399 5903 1810 2427 5904 1812 2428 5905 1809 2429 5906 1810 2427 5907 1811 2430 5908 1813 2431 5909 1848 2432 5910 1852 2433 5911 1851 2434 5912 1847 2435 5913 1852 2433 5914 1849 2436 5915 1812 2428 5916 1816 2437 5917 1815 2438 5918 1811 2430 5919 1816 2437 5920 1813 2431 5921 1846 2439 5922 1848 2432 5923 1845 2440 5924 1846 2439 5925 1847 2435 5926 1849 2436 5927 1816 2437 5928 1818 2379 5929 1815 2438 5930 1816 2437 5931 1817 2441 5932 1819 2407 5933 1842 2362 5934 1846 2439 5935 1845 2440 5936 1841 2442 5937 1846 2439 5938 1843 2420 5939 1806 2342 5940 1810 2427 5941 1809 2429 5942 1805 2443 5943 1810 2427 5944 1807 2406 5945 1852 2433 5946 1854 2398 5947 1851 2434 5948 1852 2433 5949 1853 2444 5950 1855 2421 5951 1818 2379 5952 1768 2348 5953 1815 2438 5954 1683 2445 5955 1708 2327 5956 1663 2446 5957 1705 2318 5958 1662 2234 5959 1681 2447 5960 1684 2448 5961 1744 2324 5962 1741 2331 5963 1683 2445 5964 1664 2449 5965 1711 2333 5966 1738 2249 5967 1674 2252 5968 1741 2331 5969 1664 2449 5970 1685 2450 5971 1665 2261 5972 1854 2398 5973 1780 2369 5974 1851 2434 5975 1682 2451 5976 1744 2324 5977 1675 2452 5978 1741 2331 5979 1674 2252 5980 1684 2448 5981 1676 2453 5982 1750 2281 5983 1747 2322 5984 1682 2451 5985 1676 2453 5986 1747 2322 5987 1842 2362 5988 1778 2364 5989 1777 2366 5990 1676 2453 5991 1688 2454 5992 1677 2280 5993 1666 2257 5994 1665 2274 5995 1673 2258 5996 1673 2258 5997 1672 2455 5998 1669 2456 5999 1672 2455 6000 1671 2457 6001 1669 2456 6002 1671 2457 6003 1670 2458 6004 1669 2456 6005 1669 2456 6006 1668 48 6007 1673 2258 6008 1668 48 6009 1667 48 6010 1673 2258 6011 1678 2279 6012 1677 2459 6013 1688 2266 6014 1688 2266 6015 1687 2268 6016 1657 2460 6017 1687 2268 6018 1661 48 6019 1660 2461 6020 1659 2462 6021 1687 2268 6022 1660 2461 6023 1659 2462 6024 1658 2463 6025 1687 2268 6026 1658 2463 6027 1657 2460 6028 1687 2268 6029 1657 2460 6030 1680 2464 6031 1688 2266 6032 1680 2464 6033 1679 2278 6034 1688 2266 6035 1704 2321 6036 1707 2329 6037 1710 2334 6038 1710 2334 6039 1713 2294 6040 1716 2296 6041 1716 2296 6042 1719 2298 6043 1728 2302 6044 1719 2298 6045 1722 2300 6046 1728 2302 6047 1722 2300 6048 1725 2303 6049 1728 2302 6050 1728 2302 6051 1731 2305 6052 1734 2307 6053 1734 2307 6054 1737 2309 6055 1740 2332 6056 1740 2332 6057 1743 2326 6058 1746 2325 6059 1746 2325 6060 1749 2312 6061 1752 2315 6062 1752 2315 6063 1755 2314 6064 1692 2284 6065 1755 2314 6066 1758 2317 6067 1692 2284 6068 1758 2317 6069 1689 2285 6070 1692 2284 6071 1692 2284 6072 1695 2288 6073 1698 2291 6074 1698 2291 6075 1701 2290 6076 1704 2321 6077 1704 2321 6078 1710 2334 6079 1716 2296 6080 1728 2302 6081 1734 2307 6082 1752 2315 6083 1734 2307 6084 1740 2332 6085 1752 2315 6086 1740 2332 6087 1746 2325 6088 1752 2315 6089 1692 2284 6090 1698 2291 6091 1704 2321 6092 1814 2465 6093 1838 2418 6094 1826 2466 6095 1752 2315 6096 1692 2284 6097 1704 2321 6098 1728 2302 6099 1704 2321 6100 1716 2296 6101 1766 2343 6102 1809 2429 6103 1785 2467 6104 1681 2447 6105 1708 2327 6106 1705 2318 6107 1786 2468 6108 1848 2432 6109 1851 2434 6110 1815 2438 6111 1768 2348 6112 1787 2469 6113 1806 2342 6114 1766 2343 6115 1765 2345 6116 1664 2449 6117 1714 2262 6118 1711 2333 6119 1778 2364 6120 1845 2440 6121 1788 2470 6122 1785 2467 6123 1812 2428 6124 1767 2471 6125 1788 2470 6126 1848 2432 6127 1779 2472 6128 1851 2434 6129 1780 2369 6130 1786 2468 6131 1702 2231 6132 1662 2234 6133 1705 2318 6134 1777 2392 6135 1769 2473 6136 1770 2374 6137 1770 2374 6138 1771 2474 6139 1772 2375 6140 1772 2375 6141 1773 2475 6142 1774 2376 6143 1774 2376 6144 1775 2476 6145 1776 2477 6146 1776 2477 6147 1777 2392 6148 1774 2376 6149 1777 2392 6150 1770 2374 6151 1774 2376 6152 1792 2384 6153 1781 2478 6154 1782 2479 6155 1782 2479 6156 1783 48 6157 1792 2384 6158 1783 48 6159 1784 48 6160 1792 2384 6161 1784 48 6162 1761 48 6163 1792 2384 6164 1761 48 6165 1762 2480 6166 1791 2385 6167 1792 2384 6168 1761 48 6169 1791 2385 6170 1762 2480 6171 1763 2481 6172 1791 2385 6173 1763 2481 6174 1764 2396 6175 1791 2385 6176 1814 2465 6177 1811 2430 6178 1808 2482 6179 1808 2482 6180 1805 2443 6181 1814 2465 6182 1805 2443 6183 1802 2404 6184 1814 2465 6185 1802 2404 6186 1799 2402 6187 1796 2483 6188 1796 2483 6189 1793 2400 6190 1862 2484 6191 1862 2484 6192 1859 2426 6193 1856 2422 6194 1856 2422 6195 1853 2444 6196 1862 2484 6197 1853 2444 6198 1850 2485 6199 1862 2484 6200 1850 2485 6201 1847 2435 6202 1844 2486 6203 1844 2486 6204 1841 2442 6205 1850 2485 6206 1841 2442 6207 1838 2418 6208 1850 2485 6209 1838 2418 6210 1835 2416 6211 1832 2487 6212 1832 2487 6213 1829 2414 6214 1826 2466 6215 1826 2466 6216 1823 2412 6217 1820 2408 6218 1820 2408 6219 1817 2441 6220 1826 2466 6221 1817 2441 6222 1814 2465 6223 1826 2466 6224 1802 2404 6225 1796 2483 6226 1814 2465 6227 1796 2483 6228 1862 2484 6229 1814 2465 6230 1838 2418 6231 1832 2487 6232 1826 2466 6233 1862 2484 6234 1850 2485 6235 1838 2418 6236 1787 2469 6237 1812 2428 6238 1815 2438 6239 11 0 7458 9 3 7459 404 1 7460 9 3 7461 8 2894 7462 403 4 7463 403 4 7464 8 2894 7465 7 5 7466 7 5 7467 6 8 7468 406 7 7469 6 8 7470 5 337 7471 407 9 7472 73 10 7473 60 158 7474 86 11 7475 267 13 7476 254 705 7477 259 14 7478 25 16 7479 26 2895 7480 76 17 7481 12 19 7482 108 227 7483 162 20 7484 49 22 7485 50 31 7486 51 23 7487 49 22 7488 48 24 7489 46 25 7490 23 27 7491 24 62 7492 78 28 7493 53 30 7494 52 33 7495 51 23 7496 53 30 7497 54 717 7498 55 32 7499 295 34 7500 253 402 7501 252 35 7502 41 37 7503 40 41 7504 39 38 7505 43 40 7506 42 46 7507 40 41 7508 71 42 7509 34 2896 7510 37 43 7511 45 45 7512 44 168 7513 42 46 7514 22 50 7515 23 27 7516 74 29 7517 76 17 7518 26 2895 7519 27 52 7520 61 54 7521 35 58 7522 29 55 7523 61 54 7524 65 65 7525 36 57 7526 20 59 7527 21 66 7528 59 60 7529 24 62 7530 25 16 7531 69 18 7532 27 63 7533 34 2896 7534 71 42 7535 65 65 7536 63 44 7537 37 43 7538 21 66 7539 22 50 7540 57 51 7541 58 67 7542 56 98 7543 14 68 7544 32 70 7545 33 109 7546 62 71 7547 81 73 7548 70 2897 7549 30 74 7550 79 62 7551 68 112 7552 17 79 7553 66 21 7554 58 67 7555 13 69 7556 32 70 7557 64 72 7558 60 80 7559 31 81 7560 60 80 7561 73 82 7562 205 84 7563 206 2898 7564 163 85 7565 91 87 7566 89 48 7567 63 48 7568 62 89 7569 88 145 7570 90 90 7571 77 92 7572 81 2899 7573 19 93 7574 74 95 7575 100 2900 7576 83 96 7577 56 98 7578 75 110 7579 15 99 7580 82 100 7581 101 2901 7582 75 101 7583 80 103 7584 106 2902 7585 102 104 7586 103 106 7587 107 2903 7588 81 107 7589 30 74 7590 70 2897 7591 62 71 7592 75 110 7593 79 62 7594 16 28 7595 83 96 7596 85 155 7597 59 111 7598 68 112 7599 77 92 7600 18 94 7601 58 102 7602 84 153 7603 82 100 7604 84 113 7605 85 2904 7606 83 114 7607 88 116 7608 89 138 7609 91 117 7610 107 119 7611 106 2905 7612 97 120 7613 104 122 7614 95 140 7615 94 123 7616 93 125 7617 85 2904 7618 84 113 7619 86 127 7620 90 118 7621 91 117 7622 86 127 7623 87 128 7624 98 129 7625 92 131 7626 66 152 7627 162 132 7628 103 134 7629 102 2906 7630 106 135 7631 83 114 7632 100 139 7633 101 137 7634 96 121 7635 97 120 7636 89 138 7637 100 139 7638 104 122 7639 105 124 7640 95 140 7641 102 2906 7642 103 134 7643 81 107 7644 107 2903 7645 96 141 7646 97 143 7647 106 2902 7648 80 103 7649 70 142 7650 96 141 7651 88 145 7652 89 48 7653 97 143 7654 71 144 7655 79 146 7656 105 154 7657 94 147 7658 95 149 7659 104 157 7660 78 150 7661 66 152 7662 92 131 7663 84 153 7664 75 101 7665 101 2901 7666 105 154 7667 85 155 7668 93 78 7669 67 156 7670 104 157 7671 100 2900 7672 74 95 7673 94 147 7674 103 106 7675 77 108 7676 76 105 7677 102 104 7678 95 149 7679 64 91 7680 90 90 7681 86 11 7682 87 159 7683 91 87 7684 65 88 7685 243 161 7686 298 389 7687 294 162 7688 354 164 7689 332 365 7690 341 165 7691 92 126 7692 188 271 7693 189 167 7694 47 26 7695 46 25 7696 44 168 7697 169 169 7698 195 565 7699 182 170 7700 33 171 7701 49 808 7702 47 172 7703 172 174 7704 122 206 7705 121 175 7706 145 177 7707 144 2907 7708 147 178 7709 142 180 7710 144 2907 7711 145 177 7712 174 182 7713 120 213 7714 119 183 7715 147 178 7716 148 188 7717 149 185 7718 148 188 7719 151 2908 7720 150 189 7721 135 190 7722 136 193 7723 137 191 7724 136 193 7725 138 198 7726 139 194 7727 133 195 7728 130 2909 7729 167 196 7730 138 198 7731 140 306 7732 141 199 7733 325 200 7734 326 811 7735 453 201 7736 170 184 7737 119 183 7738 118 203 7739 176 205 7740 123 2910 7741 122 206 7742 125 207 7743 131 210 7744 157 208 7745 131 210 7746 132 2911 7747 161 211 7748 155 212 7749 117 216 7750 116 86 7751 165 176 7752 121 175 7753 120 213 7754 167 196 7755 130 2909 7756 123 214 7757 161 211 7758 132 2911 7759 133 195 7760 153 204 7761 118 203 7762 117 216 7763 109 217 7764 110 242 7765 152 218 7766 128 220 7767 160 269 7768 158 221 7769 115 223 7770 126 253 7771 166 224 7772 113 176 7773 164 257 7774 175 225 7775 108 227 7776 109 217 7777 154 219 7778 156 228 7779 160 269 7780 128 220 7781 169 230 7782 156 228 7783 127 229 7784 159 48 7785 185 48 7786 187 232 7787 158 102 7788 160 297 7789 186 234 7790 114 236 7791 115 2912 7792 177 237 7793 170 239 7794 153 256 7795 179 240 7796 110 242 7797 111 254 7798 171 243 7799 171 244 7800 197 291 7801 178 245 7802 176 247 7803 172 296 7804 198 248 7805 177 250 7806 203 282 7807 199 251 7808 158 221 7809 166 224 7810 126 253 7811 112 226 7812 175 225 7813 171 243 7814 155 255 7815 181 293 7816 179 240 7817 114 236 7818 173 238 7819 164 257 7820 154 102 7821 152 246 7822 178 245 7823 180 259 7824 178 277 7825 179 260 7826 187 262 7827 185 279 7828 184 263 7829 192 265 7830 193 2913 7831 202 266 7832 190 268 7833 191 280 7834 200 269 7835 180 259 7836 181 261 7837 189 167 7838 182 272 7839 183 2914 7840 187 262 7841 194 273 7842 183 2914 7843 182 272 7844 203 274 7845 202 2915 7846 198 275 7847 178 277 7848 197 254 7849 196 278 7850 185 279 7851 193 2913 7852 192 265 7853 201 270 7854 200 269 7855 196 278 7856 199 276 7857 198 275 7858 191 280 7859 177 250 7860 166 284 7861 192 281 7862 176 247 7863 202 249 7864 193 283 7865 166 284 7866 158 102 7867 184 235 7868 167 48 7869 193 283 7870 185 48 7871 164 285 7872 190 295 7873 201 286 7874 165 288 7875 174 294 7876 200 289 7877 162 132 7878 154 102 7879 180 258 7880 175 287 7881 201 286 7882 197 291 7883 163 292 7884 189 740 7885 181 293 7886 174 294 7887 170 239 7888 196 241 7889 173 252 7890 199 251 7891 190 295 7892 172 296 7893 165 288 7894 191 290 7895 160 297 7896 156 102 7897 182 170 7898 161 233 7899 187 232 7900 183 298 7901 380 300 7902 384 631 7903 329 301 7904 267 303 7905 269 522 7906 270 304 7907 140 306 7908 142 180 7909 143 181 7910 20 59 7911 67 61 7912 207 307 7913 209 309 7914 210 309 7915 206 309 7916 213 310 7917 214 2916 7918 210 311 7919 219 48 7920 215 48 7921 211 48 7922 211 313 7923 208 2917 7924 204 314 7925 210 48 7926 214 48 7927 218 48 7928 208 316 7929 211 660 7930 215 317 7931 217 319 7932 218 2918 7933 214 320 7934 222 322 7935 223 335 7936 218 323 7937 219 325 7938 216 2919 7939 212 326 7940 440 48 7941 428 381 7942 429 328 7943 216 330 7944 219 2920 7945 225 331 7946 220 332 7947 225 331 7948 224 333 7949 221 334 7950 224 333 7951 223 335 7952 409 336 7953 407 9 7954 5 337 7955 168 339 7956 194 2921 7957 392 340 7958 3 343 7959 418 703 7960 419 344 7961 108 346 7962 409 349 7963 227 347 7964 457 350 7965 235 693 7966 236 351 7967 445 48 7968 426 48 7969 226 48 7970 1 356 7971 2 345 7972 419 344 7973 462 358 7974 461 680 7975 233 359 7976 226 361 7977 426 361 7978 416 362 7979 456 352 7980 236 351 7981 237 370 7982 280 372 7983 248 424 7984 247 373 7985 262 377 7986 259 2922 7987 292 378 7988 73 82 7989 281 404 7990 256 380 7991 73 10 7992 99 12 7993 305 383 7994 39 38 7995 263 722 7996 264 385 7997 430 386 7998 434 2923 7999 437 387 8000 244 388 8001 289 438 8002 298 389 8003 290 36 8004 252 35 8005 251 390 8006 274 392 8007 275 716 8008 276 393 8009 333 395 8010 334 540 8011 366 396 8012 293 398 8013 250 516 8014 249 399 8015 295 34 8016 299 2924 8017 254 401 8018 29 55 8019 260 454 8020 282 403 8021 281 404 8022 285 2925 8023 257 405 8024 427 406 8025 333 395 8026 374 397 8027 433 407 8028 437 48 8029 441 329 8030 292 378 8031 259 2922 8032 254 408 8033 257 405 8034 285 2925 8035 283 410 8036 373 412 8037 325 554 8038 239 413 8039 255 415 8040 291 2926 8041 300 416 8042 315 417 8043 316 2927 8044 323 418 8045 434 420 8046 438 2928 8047 441 421 8048 286 423 8049 261 2929 8050 262 377 8051 278 400 8052 249 399 8053 248 424 8054 283 102 8055 285 478 8056 309 425 8057 272 427 8058 271 2930 8059 274 392 8060 423 428 8061 402 2931 8062 401 429 8063 294 431 8064 318 466 8065 301 432 8066 241 434 8067 277 458 8068 279 435 8069 245 437 8070 296 453 8071 289 438 8072 398 439 8073 390 2932 8074 389 440 8075 265 442 8076 267 303 8077 268 305 8078 322 444 8079 321 500 8080 317 445 8081 303 447 8082 304 494 8083 312 448 8084 291 450 8085 283 102 8086 307 426 8087 246 452 8088 300 2933 8089 296 453 8090 260 454 8091 261 2929 8092 286 423 8093 293 455 8094 278 479 8095 302 456 8096 242 163 8097 294 162 8098 277 458 8099 308 459 8100 316 2927 8101 315 417 8102 299 461 8103 295 502 8104 319 462 8105 98 129 8106 306 2934 8107 305 464 8108 294 431 8109 298 476 8110 322 465 8111 288 467 8112 312 790 8113 304 468 8114 240 436 8115 279 435 8116 287 414 8117 286 470 8118 310 508 8119 306 471 8120 385 473 8121 423 2935 8122 413 474 8123 298 476 8124 289 512 8125 313 477 8126 285 478 8127 281 384 8128 305 383 8129 280 469 8130 304 468 8131 302 456 8132 292 480 8133 316 506 8134 308 481 8135 297 483 8136 321 498 8137 314 484 8138 300 486 8139 291 450 8140 315 451 8141 287 488 8142 279 102 8143 303 489 8144 305 464 8145 306 2934 8146 310 491 8147 303 447 8148 301 507 8149 302 493 8150 324 495 8151 323 2936 8152 319 496 8153 293 455 8154 317 457 8155 321 498 8156 313 499 8157 314 511 8158 321 500 8159 397 501 8160 373 594 8161 287 488 8162 295 502 8163 290 485 8164 314 484 8165 130 503 8166 142 799 8167 140 504 8168 299 461 8169 323 463 8170 316 506 8171 301 507 8172 318 446 8173 317 445 8174 284 482 8175 308 481 8176 310 508 8177 300 486 8178 324 487 8179 320 509 8180 320 497 8181 319 496 8182 314 511 8183 296 510 8184 320 509 8185 313 477 8186 356 513 8187 355 518 8188 353 514 8189 297 391 8190 251 390 8191 250 516 8192 358 517 8193 357 527 8194 355 518 8195 331 519 8196 382 2937 8197 386 520 8198 269 522 8199 271 2930 8200 272 427 8201 378 523 8202 345 2938 8203 348 524 8204 358 517 8205 359 539 8206 360 526 8207 310 491 8208 308 459 8209 307 460 8210 332 528 8211 386 528 8212 377 529 8213 279 102 8214 277 433 8215 301 432 8216 368 531 8217 346 588 8218 125 207 8219 340 535 8220 345 2938 8221 378 523 8222 342 537 8223 367 573 8224 169 230 8225 362 538 8226 361 714 8227 360 526 8228 334 540 8229 335 557 8230 364 541 8231 369 542 8232 393 607 8233 395 543 8234 352 545 8235 351 570 8236 349 546 8237 337 548 8238 338 591 8239 376 549 8240 360 551 8241 361 778 8242 346 552 8243 350 547 8244 349 546 8245 135 190 8246 325 554 8247 373 412 8248 365 555 8249 398 439 8250 397 441 8251 311 449 8252 335 557 8253 336 711 8254 379 558 8255 339 559 8256 340 2939 8257 385 560 8258 326 556 8259 365 555 8260 363 562 8261 169 169 8262 367 569 8263 391 564 8264 414 566 8265 424 2940 8266 386 567 8267 371 544 8268 395 543 8269 391 564 8270 354 515 8271 353 514 8272 351 570 8273 247 373 8274 425 2941 8275 429 571 8276 343 572 8277 371 634 8278 367 573 8279 400 574 8280 413 617 8281 414 575 8282 399 577 8283 414 566 8284 382 568 8285 394 579 8286 402 604 8287 378 580 8288 411 584 8289 388 608 8290 364 585 8291 327 563 8292 363 562 8293 380 300 8294 372 587 8295 347 593 8296 346 588 8297 421 589 8298 400 574 8299 399 576 8300 375 591 8301 382 2937 8302 331 519 8303 372 587 8304 370 525 8305 348 524 8306 373 594 8307 397 501 8308 389 595 8309 412 596 8310 422 605 8311 384 597 8312 390 599 8313 398 382 8314 374 600 8315 396 602 8316 394 579 8317 370 581 8318 402 604 8319 423 2935 8320 385 473 8321 422 605 8322 399 577 8323 375 578 8324 377 606 8325 401 632 8326 393 607 8327 388 608 8328 390 599 8329 366 601 8330 391 609 8331 395 572 8332 396 610 8333 376 612 8334 400 628 8335 421 613 8336 365 102 8337 389 595 8338 387 615 8339 391 609 8340 392 611 8341 194 273 8342 413 617 8343 423 2942 8344 424 618 8345 393 619 8346 394 620 8347 396 610 8348 383 614 8349 421 613 8350 411 584 8351 401 429 8352 402 2931 8353 394 620 8354 363 616 8355 387 615 8356 412 596 8357 411 621 8358 421 589 8359 422 590 8360 389 440 8361 390 2932 8362 388 623 8363 392 340 8364 396 602 8365 372 603 8366 428 625 8367 432 2943 8368 431 626 8369 381 475 8370 413 474 8371 400 628 8372 435 629 8373 431 2944 8374 432 630 8375 384 631 8376 375 591 8377 330 592 8378 386 567 8379 424 2940 8380 401 632 8381 343 572 8382 344 710 8383 369 633 8384 387 624 8385 388 623 8386 411 621 8387 436 635 8388 440 2945 8389 439 636 8390 338 591 8391 339 559 8392 381 561 8393 440 48 8394 436 48 8395 432 48 8396 448 638 8397 439 2946 8398 440 639 8399 425 641 8400 430 2947 8401 433 642 8402 447 644 8403 448 638 8404 449 640 8405 463 647 8406 462 358 8407 232 360 8408 234 649 8409 458 692 8410 459 650 8411 444 48 8412 452 48 8413 465 48 8414 446 652 8415 447 644 8416 450 645 8417 438 655 8418 446 652 8419 451 653 8420 306 471 8421 98 715 8422 72 658 8423 460 659 8424 465 660 8425 452 660 8426 408 662 8427 404 682 8428 1 367 8429 31 663 8430 53 832 8431 50 664 8432 233 670 8433 457 2948 8434 456 671 8435 206 76 8436 218 48 8437 219 48 8438 231 672 8439 454 2949 8440 455 673 8441 230 674 8442 455 673 8443 408 662 8444 10 675 8445 1 356 8446 420 357 8447 453 677 8448 443 2950 8449 228 187 8450 0 363 8451 416 362 8452 417 678 8453 461 680 8454 460 659 8455 229 661 8456 2 681 8457 1 367 8458 404 682 8459 3 684 8460 2 681 8461 403 683 8462 4 686 8463 3 684 8464 405 685 8465 4 686 8466 406 687 8467 407 688 8468 442 49 8469 239 646 8470 459 202 8471 0 689 8472 407 688 8473 409 367 8474 455 691 8475 238 694 8476 11 0 8477 458 692 8478 234 649 8479 235 693 8480 454 371 8481 237 370 8482 238 694 8483 459 698 8484 458 702 8485 229 699 8486 460 375 8487 415 368 8488 445 700 8489 410 676 8490 464 723 8491 230 701 8492 458 702 8493 457 2948 8494 233 670 8495 456 671 8496 454 2949 8497 231 672 8498 4 679 8499 417 678 8500 418 703 8501 344 704 8502 358 782 8503 356 166 8504 228 187 8505 443 2950 8506 227 677 8507 445 700 8508 415 368 8509 416 695 8510 183 298 8511 194 2921 8512 168 339 8513 341 530 8514 377 529 8515 369 633 8516 336 711 8517 337 548 8518 383 550 8519 150 189 8520 151 2908 8521 361 714 8522 87 159 8523 61 160 8524 72 658 8525 283 410 8526 291 2926 8527 255 415 8528 275 716 8529 55 32 8530 54 717 8531 263 722 8532 265 442 8533 266 443 8534 464 723 8535 463 647 8536 231 648 8537 28 724 8538 256 794 8539 276 725 8540 51 727 8541 52 791 8542 35 728 8543 262 730 8544 271 783 8545 269 15 8546 145 731 8547 146 744 8548 128 732 8549 29 741 8550 55 792 8551 275 742 8552 146 744 8553 149 812 8554 127 745 8555 129 733 8556 126 822 8557 143 746 8558 48 747 8559 51 727 8560 36 729 8561 124 750 8562 150 813 8563 362 751 8564 342 752 8565 362 751 8566 359 753 8567 131 755 8568 148 831 8569 147 756 8570 345 758 8571 340 800 8572 353 759 8573 204 773 8574 205 819 8575 427 774 8576 439 765 8577 438 769 8578 425 772 8579 125 777 8580 346 552 8581 361 778 8582 260 743 8583 275 742 8584 274 780 8585 343 754 8586 359 753 8587 358 782 8588 261 781 8589 274 780 8590 271 783 8591 227 347 8592 443 364 8593 115 712 8594 29 741 8595 35 728 8596 52 791 8597 273 793 8598 276 725 8599 256 794 8600 272 796 8601 273 793 8602 257 795 8603 133 798 8604 144 814 8605 142 799 8606 32 665 8607 50 664 8608 49 808 8609 30 173 8610 47 172 8611 45 735 8612 348 809 8613 345 758 8614 355 760 8615 409 349 8616 12 348 8617 442 49 8618 124 750 8619 127 745 8620 149 812 8621 132 757 8622 147 756 8623 144 814 8624 34 815 8625 27 721 8626 44 816 8627 258 797 8628 255 833 8629 270 818 8630 205 819 8631 204 773 8632 216 820 8633 126 822 8634 115 712 8635 141 762 8636 148 831 8637 131 755 8638 125 777 8639 53 832 8640 31 663 8641 28 724 8642 357 810 8643 360 551 8644 347 553 8645 255 833 8646 246 736 8647 268 784 8648 247 835 8649 20 802 8650 204 773 8651 37 748 8652 34 815 8653 46 817 8654 427 774 8655 205 819 8656 116 666 8657 332 365 8658 443 364 8659 453 201 8660 474 857 8661 481 871 8662 473 858 8663 475 860 8664 474 857 8665 466 859 8666 468 862 8667 476 864 8668 475 860 8669 469 863 8670 477 866 8671 476 864 8672 470 865 8673 478 868 8674 477 866 8675 471 867 8676 479 876 8677 478 868 8678 480 869 8679 479 876 8680 471 867 8681 481 871 8682 480 869 8683 472 870 8684 482 872 8685 489 879 8686 481 871 8687 483 873 8688 482 872 8689 474 857 8690 476 864 8691 484 874 8692 483 873 8693 477 866 8694 485 875 8695 484 874 8696 478 868 8697 486 877 8698 485 875 8699 479 876 8700 487 884 8701 486 877 8702 488 878 8703 487 884 8704 479 876 8705 489 879 8706 488 878 8707 480 869 8708 482 872 8709 490 887 8710 497 880 8711 491 881 8712 490 887 8713 482 872 8714 492 882 8715 491 881 8716 483 873 8717 485 875 8718 493 883 8719 492 882 8720 486 877 8721 494 885 8722 493 883 8723 487 884 8724 495 893 8725 494 885 8726 496 886 8727 495 893 8728 487 884 8729 497 880 8730 496 886 8731 488 878 8732 490 887 8733 498 896 8734 505 888 8735 499 889 8736 498 896 8737 490 887 8738 500 890 8739 499 889 8740 491 881 8741 493 883 8742 501 898 8743 500 890 8744 502 891 8745 501 898 8746 493 883 8747 503 892 8748 502 891 8749 494 885 8750 496 886 8751 504 894 8752 503 892 8753 497 880 8754 505 888 8755 504 894 8756 506 895 8757 513 904 8758 505 888 8759 507 897 8760 506 895 8761 498 896 8762 500 890 8763 508 899 8764 507 897 8765 501 898 8766 509 900 8767 508 899 8768 502 891 8769 510 907 8770 509 900 8771 511 901 8772 510 907 8773 502 891 8774 504 894 8775 512 902 8776 511 901 8777 505 888 8778 513 904 8779 512 902 8780 506 895 8781 514 909 8782 521 903 8783 515 905 8784 514 909 8785 506 895 8786 508 899 8787 516 912 8788 515 905 8789 517 906 8790 516 912 8791 508 899 8792 510 907 8793 518 915 8794 517 906 8795 519 908 8796 518 915 8797 510 907 8798 512 902 8799 520 917 8800 519 908 8801 521 903 8802 520 917 8803 512 902 8804 514 909 8805 522 919 8806 529 910 8807 523 911 8808 522 919 8809 514 909 8810 516 912 8811 524 922 8812 523 911 8813 525 913 8814 524 922 8815 516 912 8816 526 914 8817 525 913 8818 517 906 8819 527 916 8820 526 914 8821 518 915 8822 520 917 8823 528 918 8824 527 916 8825 521 903 8826 529 910 8827 528 918 8828 522 919 8829 530 927 8830 537 920 8831 531 921 8832 530 927 8833 522 919 8834 524 922 8835 532 931 8836 531 921 8837 533 923 8838 532 931 8839 524 922 8840 534 924 8841 533 923 8842 525 913 8843 535 925 8844 534 924 8845 526 914 8846 528 918 8847 536 926 8848 535 925 8849 529 910 8850 537 920 8851 536 926 8852 530 927 8853 538 929 8854 545 928 8855 531 921 8856 539 937 8857 538 929 8858 540 930 8859 539 937 8860 531 921 8861 541 932 8862 540 930 8863 532 931 8864 542 933 8865 541 932 8866 533 923 8867 543 934 8868 542 933 8869 534 924 8870 536 926 8871 544 935 8872 543 934 8873 537 920 8874 545 928 8875 544 935 8876 538 929 8877 546 938 8878 553 936 8879 539 937 8880 547 2951 8881 546 938 8882 548 939 8883 547 2951 8884 539 937 8885 549 940 8886 548 939 8887 540 930 8888 550 941 8889 549 940 8890 541 932 8891 551 942 8892 550 941 8893 542 933 8894 544 935 8895 552 943 8896 551 942 8897 545 928 8898 553 936 8899 552 943 8900 561 944 8901 569 959 8902 562 945 8903 554 946 8904 562 945 8905 563 947 8906 556 949 8907 555 948 8908 563 947 8909 557 951 8910 556 949 8911 564 950 8912 558 953 8913 557 951 8914 565 952 8915 559 955 8916 558 953 8917 566 954 8918 559 955 8919 567 956 8920 568 957 8921 560 958 8922 568 957 8923 569 959 8924 569 959 8925 577 967 8926 570 960 8927 562 945 8928 570 960 8929 571 961 8930 564 950 8931 563 947 8932 571 961 8933 565 952 8934 564 950 8935 572 962 8936 566 954 8937 565 952 8938 573 963 8939 567 956 8940 566 954 8941 574 964 8942 567 956 8943 575 965 8944 576 966 8945 568 957 8946 576 966 8947 577 967 8948 570 960 8949 577 967 8950 585 968 8951 570 960 8952 578 969 8953 579 970 8954 572 962 8955 571 961 8956 579 970 8957 573 963 8958 572 962 8959 580 971 8960 573 963 8961 581 972 8962 582 973 8963 575 965 8964 574 964 8965 582 973 8966 575 965 8967 583 974 8968 584 975 8969 576 966 8970 584 975 8971 585 968 8972 578 969 8973 585 968 8974 593 976 8975 578 969 8976 586 977 8977 587 978 8978 579 970 8979 587 978 8980 588 979 8981 581 972 8982 580 971 8983 588 979 8984 581 972 8985 589 980 8986 590 981 8987 582 973 8988 590 981 8989 591 982 8990 584 975 8991 583 974 8992 591 982 8993 585 968 8994 584 975 8995 592 983 8996 593 976 8997 601 991 8998 594 984 8999 586 977 9000 594 984 9001 595 985 9002 588 979 9003 587 978 9004 595 985 9005 589 980 9006 588 979 9007 596 986 9008 590 981 9009 589 980 9010 597 987 9011 590 981 9012 598 988 9013 599 989 9014 592 983 9015 591 982 9016 599 989 9017 593 976 9018 592 983 9019 600 990 9020 594 984 9021 601 991 9022 609 992 9023 594 984 9024 602 993 9025 603 994 9026 596 986 9027 595 985 9028 603 994 9029 596 986 9030 604 995 9031 605 996 9032 598 988 9033 597 987 9034 605 996 9035 598 988 9036 606 997 9037 607 998 9038 600 990 9039 599 989 9040 607 998 9041 600 990 9042 608 999 9043 609 992 9044 602 993 9045 609 992 9046 617 1000 9047 602 993 9048 610 1001 9049 611 1002 9050 604 995 9051 603 994 9052 611 1002 9053 604 995 9054 612 1003 9055 613 1004 9056 605 996 9057 613 1004 9058 614 1005 9059 606 997 9060 614 1005 9061 615 1006 9062 608 999 9063 607 998 9064 615 1006 9065 609 992 9066 608 999 9067 616 1007 9068 610 1001 9069 617 1000 9070 625 1008 9071 610 1001 9072 618 1009 9073 619 1010 9074 612 1003 9075 611 1002 9076 619 1010 9077 612 1003 9078 620 1011 9079 621 1012 9080 613 1004 9081 621 1012 9082 622 1013 9083 614 1005 9084 622 1013 9085 623 1014 9086 616 1007 9087 615 1006 9088 623 1014 9089 617 1000 9090 616 1007 9091 624 1015 9092 618 1009 9093 625 1008 9094 633 1016 9095 619 1010 9096 618 1009 9097 626 1017 9098 619 1010 9099 627 1018 9100 628 1019 9101 620 1011 9102 628 1019 9103 629 1020 9104 621 1012 9105 629 1020 9106 630 1021 9107 622 1013 9108 630 1021 9109 631 1022 9110 624 1015 9111 623 1014 9112 631 1022 9113 625 1008 9114 624 1015 9115 632 1023 9116 626 1017 9117 633 1016 9118 641 1024 9119 627 1018 9120 626 1017 9121 634 1025 9122 627 1018 9123 635 1026 9124 636 1027 9125 628 1019 9126 636 1027 9127 637 1028 9128 629 1020 9129 637 1028 9130 638 1029 9131 630 1021 9132 638 1029 9133 639 1030 9134 632 1023 9135 631 1022 9136 639 1030 9137 633 1016 9138 632 1023 9139 640 1031 9140 473 858 9141 649 1039 9142 642 1032 9143 466 859 9144 642 1032 9145 643 1033 9146 468 862 9147 467 861 9148 643 1033 9149 469 863 9150 468 862 9151 644 1034 9152 470 865 9153 469 863 9154 645 1035 9155 471 867 9156 470 865 9157 646 1036 9158 471 867 9159 647 1037 9160 648 1038 9161 472 870 9162 648 1038 9163 649 1039 9164 649 1039 9165 657 1047 9166 650 1040 9167 642 1032 9168 650 1040 9169 651 1041 9170 644 1034 9171 643 1033 9172 651 1041 9173 645 1035 9174 644 1034 9175 652 1042 9176 646 1036 9177 645 1035 9178 653 1043 9179 647 1037 9180 646 1036 9181 654 1044 9182 647 1037 9183 655 1045 9184 656 1046 9185 648 1038 9186 656 1046 9187 657 1047 9188 650 1040 9189 657 1047 9190 665 1048 9191 650 1040 9192 658 1049 9193 659 1050 9194 652 1042 9195 651 1041 9196 659 1050 9197 652 1042 9198 660 1051 9199 661 1052 9200 653 1043 9201 661 1052 9202 662 1053 9203 655 1045 9204 654 1044 9205 662 1053 9206 655 1045 9207 663 1054 9208 664 1055 9209 657 1047 9210 656 1046 9211 664 1055 9212 665 1048 9213 673 1063 9214 666 1056 9215 658 1049 9216 666 1056 9217 667 1057 9218 660 1051 9219 659 1050 9220 667 1057 9221 661 1052 9222 660 1051 9223 668 1058 9224 661 1052 9225 669 1059 9226 670 1060 9227 662 1053 9228 670 1060 9229 671 1061 9230 664 1055 9231 663 1054 9232 671 1061 9233 665 1048 9234 664 1055 9235 672 1062 9236 673 1063 9237 681 1071 9238 674 1064 9239 667 1057 9240 666 1056 9241 674 1064 9242 667 1057 9243 675 1065 9244 676 1066 9245 669 1059 9246 668 1058 9247 676 1066 9248 670 1060 9249 669 1059 9250 677 1067 9251 670 1060 9252 678 1068 9253 679 1069 9254 672 1062 9255 671 1061 9256 679 1069 9257 673 1063 9258 672 1062 9259 680 1070 9260 681 1071 9261 689 1079 9262 682 1072 9263 675 1065 9264 674 1064 9265 682 1072 9266 676 1066 9267 675 1065 9268 683 1073 9269 676 1066 9270 684 1074 9271 685 1075 9272 677 1067 9273 685 1075 9274 686 1076 9275 679 1069 9276 678 1068 9277 686 1076 9278 679 1069 9279 687 1077 9280 688 1078 9281 681 1071 9282 680 1070 9283 688 1078 9284 682 1072 9285 689 1079 9286 697 1080 9287 682 1072 9288 690 1081 9289 691 1082 9290 684 1074 9291 683 1073 9292 691 1082 9293 684 1074 9294 692 1083 9295 693 1084 9296 685 1075 9297 693 1084 9298 694 1085 9299 686 1076 9300 694 1085 9301 695 1086 9302 688 1078 9303 687 1077 9304 695 1086 9305 689 1079 9306 688 1078 9307 696 1087 9308 690 1081 9309 697 1080 9310 705 1088 9311 690 1081 9312 698 1089 9313 699 1090 9314 692 1083 9315 691 1082 9316 699 1090 9317 692 1083 9318 700 1091 9319 701 1092 9320 693 1084 9321 701 1092 9322 702 1093 9323 694 1085 9324 702 1093 9325 703 1094 9326 696 1087 9327 695 1086 9328 703 1094 9329 697 1080 9330 696 1087 9331 704 1095 9332 698 1089 9333 705 1088 9334 713 1096 9335 699 1090 9336 698 1089 9337 706 1097 9338 699 1090 9339 707 1098 9340 708 1099 9341 700 1091 9342 708 1099 9343 709 1100 9344 701 1092 9345 709 1100 9346 710 1101 9347 702 1093 9348 710 1101 9349 711 1102 9350 704 1095 9351 703 1094 9352 711 1102 9353 705 1088 9354 704 1095 9355 712 1103 9356 706 1097 9357 713 1096 9358 721 1104 9359 707 1098 9360 706 1097 9361 714 1105 9362 707 1098 9363 715 1106 9364 716 1107 9365 708 1099 9366 716 1107 9367 717 1108 9368 709 1100 9369 717 1108 9370 718 1109 9371 710 1101 9372 718 1109 9373 719 1110 9374 712 1103 9375 711 1102 9376 719 1110 9377 713 1096 9378 712 1103 9379 720 1111 9380 722 1112 9381 729 1118 9382 561 944 9383 723 1113 9384 722 1112 9385 554 946 9386 556 949 9387 724 1114 9388 723 1113 9389 557 951 9390 725 1115 9391 724 1114 9392 558 953 9393 726 1116 9394 725 1115 9395 559 955 9396 727 1123 9397 726 1116 9398 728 1117 9399 727 1123 9400 559 955 9401 729 1118 9402 728 1117 9403 560 958 9404 730 1119 9405 737 1126 9406 729 1118 9407 731 1120 9408 730 1119 9409 722 1112 9410 724 1114 9411 732 1121 9412 731 1120 9413 725 1115 9414 733 1122 9415 732 1121 9416 726 1116 9417 734 1124 9418 733 1122 9419 727 1123 9420 735 1131 9421 734 1124 9422 736 1125 9423 735 1131 9424 727 1123 9425 737 1126 9426 736 1125 9427 728 1117 9428 730 1119 9429 738 1134 9430 745 1127 9431 739 1128 9432 738 1134 9433 730 1119 9434 732 1121 9435 740 1136 9436 739 1128 9437 741 1129 9438 740 1136 9439 732 1121 9440 742 1130 9441 741 1129 9442 733 1122 9443 735 1131 9444 743 1140 9445 742 1130 9446 744 1132 9447 743 1140 9448 735 1131 9449 737 1126 9450 745 1127 9451 744 1132 9452 746 1133 9453 753 1143 9454 745 1127 9455 747 1135 9456 746 1133 9457 738 1134 9458 740 1136 9459 748 1137 9460 747 1135 9461 741 1129 9462 749 1145 9463 748 1137 9464 750 1138 9465 749 1145 9466 741 1129 9467 751 1139 9468 750 1138 9469 742 1130 9470 744 1132 9471 752 1141 9472 751 1139 9473 745 1127 9474 753 1143 9475 752 1141 9476 754 1142 9477 761 1150 9478 753 1143 9479 747 1135 9480 755 1151 9481 754 1142 9482 756 1144 9483 755 1151 9484 747 1135 9485 749 1145 9486 757 1146 9487 756 1144 9488 750 1138 9489 758 1155 9490 757 1146 9491 759 1147 9492 758 1155 9493 750 1138 9494 752 1141 9495 760 1148 9496 759 1147 9497 753 1143 9498 761 1150 9499 760 1148 9500 762 1149 9501 769 1158 9502 761 1150 9503 755 1151 9504 763 1152 9505 762 1149 9506 756 1144 9507 764 1160 9508 763 1152 9509 765 1153 9510 764 1160 9511 756 1144 9512 766 1154 9513 765 1153 9514 757 1146 9515 759 1147 9516 767 1164 9517 766 1154 9518 768 1156 9519 767 1164 9520 759 1147 9521 761 1150 9522 769 1158 9523 768 1156 9524 762 1149 9525 770 1166 9526 777 1157 9527 771 1159 9528 770 1166 9529 762 1149 9530 764 1160 9531 772 1169 9532 771 1159 9533 773 1161 9534 772 1169 9535 764 1160 9536 774 1162 9537 773 1161 9538 765 1153 9539 775 1163 9540 774 1162 9541 766 1154 9542 768 1156 9543 776 1165 9544 775 1163 9545 769 1158 9546 777 1157 9547 776 1165 9548 770 1166 9549 778 1174 9550 785 1167 9551 779 1168 9552 778 1174 9553 770 1166 9554 772 1169 9555 780 1178 9556 779 1168 9557 781 1170 9558 780 1178 9559 772 1169 9560 782 1171 9561 781 1170 9562 773 1161 9563 783 1172 9564 782 1171 9565 774 1162 9566 776 1165 9567 784 1173 9568 783 1172 9569 777 1157 9570 785 1167 9571 784 1173 9572 778 1174 9573 786 1176 9574 793 1175 9575 779 1168 9576 787 1184 9577 786 1176 9578 788 1177 9579 787 1184 9580 779 1168 9581 789 1179 9582 788 1177 9583 780 1178 9584 790 1180 9585 789 1179 9586 781 1170 9587 791 1181 9588 790 1180 9589 782 1171 9590 784 1173 9591 792 1182 9592 791 1181 9593 785 1167 9594 793 1175 9595 792 1182 9596 786 1176 9597 794 1185 9598 801 1183 9599 787 1184 9600 795 2952 9601 794 1185 9602 796 1186 9603 795 2952 9604 787 1184 9605 797 1187 9606 796 1186 9607 788 1177 9608 798 1188 9609 797 1187 9610 789 1179 9611 799 1189 9612 798 1188 9613 790 1180 9614 792 1182 9615 800 1190 9616 799 1189 9617 793 1175 9618 801 1183 9619 800 1190 9620 810 1219 9621 817 1235 9622 809 1220 9623 811 1222 9624 810 1219 9625 802 1221 9626 812 1224 9627 811 1222 9628 803 1223 9629 813 1226 9630 812 1224 9631 804 1225 9632 806 1228 9633 814 1230 9634 813 1226 9635 807 1229 9636 815 1232 9637 814 1230 9638 808 1231 9639 816 1233 9640 815 1232 9641 809 1220 9642 817 1235 9643 816 1233 9644 818 1234 9645 825 1243 9646 817 1235 9647 819 1236 9648 818 1234 9649 810 1219 9650 820 1237 9651 819 1236 9652 811 1222 9653 821 1238 9654 820 1237 9655 812 1224 9656 814 1230 9657 822 1239 9658 821 1238 9659 815 1232 9660 823 1240 9661 822 1239 9662 816 1233 9663 824 1241 9664 823 1240 9665 817 1235 9666 825 1243 9667 824 1241 9668 826 1242 9669 833 1249 9670 825 1243 9671 819 1236 9672 827 1250 9673 826 1242 9674 828 1244 9675 827 1250 9676 819 1236 9677 829 1245 9678 828 1244 9679 820 1237 9680 830 1246 9681 829 1245 9682 821 1238 9683 823 1240 9684 831 1254 9685 830 1246 9686 832 1247 9687 831 1254 9688 823 1240 9689 825 1243 9690 833 1249 9691 832 1247 9692 826 1242 9693 834 1251 9694 841 1248 9695 827 1250 9696 835 1257 9697 834 1251 9698 836 1252 9699 835 1257 9700 827 1250 9701 829 1245 9702 837 1261 9703 836 1252 9704 838 1253 9705 837 1261 9706 829 1245 9707 831 1254 9708 839 1262 9709 838 1253 9710 840 1255 9711 839 1262 9712 831 1254 9713 841 1248 9714 840 1255 9715 832 1247 9716 834 1251 9717 842 1258 9718 849 1256 9719 835 1257 9720 843 1266 9721 842 1258 9722 844 1259 9723 843 1266 9724 835 1257 9725 845 1260 9726 844 1259 9727 836 1252 9728 838 1253 9729 846 1263 9730 845 1260 9731 839 1262 9732 847 1269 9733 846 1263 9734 848 1264 9735 847 1269 9736 839 1262 9737 849 1256 9738 848 1264 9739 840 1255 9740 850 1265 9741 857 1272 9742 849 1256 9743 843 1266 9744 851 1274 9745 850 1265 9746 852 1267 9747 851 1274 9748 843 1266 9749 845 1260 9750 853 1276 9751 852 1267 9752 854 1268 9753 853 1276 9754 845 1260 9755 847 1269 9756 855 1278 9757 854 1268 9758 856 1270 9759 855 1278 9760 847 1269 9761 849 1256 9762 857 1272 9763 856 1270 9764 858 1271 9765 865 1279 9766 857 1272 9767 859 1273 9768 858 1271 9769 850 1265 9770 852 1267 9771 860 1282 9772 859 1273 9773 861 1275 9774 860 1282 9775 852 1267 9776 854 1268 9777 862 1284 9778 861 1275 9779 863 1277 9780 862 1284 9781 854 1268 9782 856 1270 9783 864 1286 9784 863 1277 9785 865 1279 9786 864 1286 9787 856 1270 9788 858 1271 9789 866 1287 9790 873 1280 9791 867 1281 9792 866 1287 9793 858 1271 9794 860 1282 9795 868 1290 9796 867 1281 9797 869 1283 9798 868 1290 9799 860 1282 9800 862 1284 9801 870 1294 9802 869 1283 9803 871 1285 9804 870 1294 9805 862 1284 9806 864 1286 9807 872 1297 9808 871 1285 9809 873 1280 9810 872 1297 9811 864 1286 9812 866 1287 9813 874 1289 9814 881 1288 9815 867 1281 9816 875 1291 9817 874 1289 9818 868 1290 9819 876 1292 9820 875 1291 9821 869 1283 9822 877 1299 9823 876 1292 9824 878 1293 9825 877 1299 9826 869 1283 9827 879 1295 9828 878 1293 9829 870 1294 9830 880 1296 9831 879 1295 9832 871 1285 9833 881 1288 9834 880 1296 9835 872 1297 9836 889 1298 9837 887 1301 9838 880 1296 9839 877 1299 9840 888 1386 9841 886 1300 9842 887 1301 9843 885 1304 9844 879 1295 9845 876 1292 9846 886 1300 9847 884 1302 9848 883 1303 9849 888 1386 9850 877 1299 9851 885 1304 9852 883 1303 9853 878 1293 9854 874 1289 9855 882 1305 9856 889 1298 9857 875 1291 9858 884 1302 9859 882 1305 9860 897 1306 9861 905 1321 9862 898 1307 9863 890 1308 9864 898 1307 9865 899 1309 9866 891 1310 9867 899 1309 9868 900 1311 9869 892 1312 9870 900 1311 9871 901 1313 9872 894 1315 9873 893 1314 9874 901 1313 9875 895 1317 9876 894 1315 9877 902 1316 9878 896 1319 9879 895 1317 9880 903 1318 9881 897 1306 9882 896 1319 9883 904 1320 9884 905 1321 9885 913 1329 9886 906 1322 9887 898 1307 9888 906 1322 9889 907 1323 9890 899 1309 9891 907 1323 9892 908 1324 9893 900 1311 9894 908 1324 9895 909 1325 9896 902 1316 9897 901 1313 9898 909 1325 9899 903 1318 9900 902 1316 9901 910 1326 9902 904 1320 9903 903 1318 9904 911 1327 9905 905 1321 9906 904 1320 9907 912 1328 9908 913 1329 9909 921 1337 9910 914 1330 9911 907 1323 9912 906 1322 9913 914 1330 9914 907 1323 9915 915 1331 9916 916 1332 9917 908 1324 9918 916 1332 9919 917 1333 9920 909 1325 9921 917 1333 9922 918 1334 9923 911 1327 9924 910 1326 9925 918 1334 9926 911 1327 9927 919 1335 9928 920 1336 9929 913 1329 9930 912 1328 9931 920 1336 9932 914 1330 9933 921 1337 9934 929 1338 9935 915 1331 9936 914 1330 9937 922 1339 9938 915 1331 9939 923 1340 9940 924 1341 9941 916 1332 9942 924 1341 9943 925 1342 9944 918 1334 9945 917 1333 9946 925 1342 9947 919 1335 9948 918 1334 9949 926 1343 9950 919 1335 9951 927 1344 9952 928 1345 9953 920 1336 9954 928 1345 9955 929 1338 9956 922 1339 9957 929 1338 9958 937 1346 9959 923 1340 9960 922 1339 9961 930 1347 9962 923 1340 9963 931 1348 9964 932 1349 9965 924 1341 9966 932 1349 9967 933 1350 9968 925 1342 9969 933 1350 9970 934 1351 9971 927 1344 9972 926 1343 9973 934 1351 9974 927 1344 9975 935 1352 9976 936 1353 9977 928 1345 9978 936 1353 9979 937 1346 9980 937 1346 9981 945 1361 9982 938 1354 9983 931 1348 9984 930 1347 9985 938 1354 9986 931 1348 9987 939 1355 9988 940 1356 9989 932 1349 9990 940 1356 9991 941 1357 9992 934 1351 9993 933 1350 9994 941 1357 9995 935 1352 9996 934 1351 9997 942 1358 9998 935 1352 9999 943 1359 10000 944 1360 10001 936 1353 10002 944 1360 10003 945 1361 10004 945 1361 10005 953 1369 10006 946 1362 10007 939 1355 10008 938 1354 10009 946 1362 10010 939 1355 10011 947 1363 10012 948 1364 10013 940 1356 10014 948 1364 10015 949 1365 10016 942 1358 10017 941 1357 10018 949 1365 10019 943 1359 10020 942 1358 10021 950 1366 10022 943 1359 10023 951 1367 10024 952 1368 10025 945 1361 10026 944 1360 10027 952 1368 10028 953 1369 10029 961 1377 10030 954 1370 10031 947 1363 10032 946 1362 10033 954 1370 10034 947 1363 10035 955 1371 10036 956 1372 10037 948 1364 10038 956 1372 10039 957 1373 10040 950 1366 10041 949 1365 10042 957 1373 10043 951 1367 10044 950 1366 10045 958 1374 10046 951 1367 10047 959 1375 10048 960 1376 10049 953 1369 10050 952 1368 10051 960 1376 10052 954 1370 10053 961 1377 10054 969 1378 10055 955 1371 10056 954 1370 10057 962 1379 10058 956 1372 10059 955 1371 10060 963 1380 10061 957 1373 10062 956 1372 10063 964 1381 10064 957 1373 10065 965 1382 10066 966 1383 10067 958 1374 10068 966 1383 10069 967 1384 10070 959 1375 10071 967 1384 10072 968 1385 10073 960 1376 10074 968 1385 10075 969 1378 10076 968 1385 10077 887 1301 10078 889 1298 10079 965 1382 10080 964 1381 10081 886 1300 10082 967 1384 10083 885 1304 10084 887 1301 10085 964 1381 10086 963 1380 10087 884 1302 10088 965 1382 10089 888 1386 10090 883 1303 10091 966 1383 10092 883 1303 10093 885 1304 10094 962 1379 10095 969 1378 10096 889 1298 10097 963 1380 10098 962 1379 10099 882 1305 10100 977 1387 10101 985 1402 10102 978 1388 10103 970 1389 10104 978 1388 10105 979 1390 10106 971 1391 10107 979 1390 10108 980 1392 10109 972 1393 10110 980 1392 10111 981 1394 10112 974 1396 10113 973 1395 10114 981 1394 10115 975 1398 10116 974 1396 10117 982 1397 10118 976 1400 10119 975 1398 10120 983 1399 10121 977 1387 10122 976 1400 10123 984 1401 10124 985 1402 10125 993 1410 10126 986 1403 10127 978 1388 10128 986 1403 10129 987 1404 10130 979 1390 10131 987 1404 10132 988 1405 10133 980 1392 10134 988 1405 10135 989 1406 10136 982 1397 10137 981 1394 10138 989 1406 10139 983 1399 10140 982 1397 10141 990 1407 10142 984 1401 10143 983 1399 10144 991 1408 10145 985 1402 10146 984 1401 10147 992 1409 10148 993 1410 10149 1001 1418 10150 994 1411 10151 987 1404 10152 986 1403 10153 994 1411 10154 987 1404 10155 995 1412 10156 996 1413 10157 989 1406 10158 988 1405 10159 996 1413 10160 989 1406 10161 997 1414 10162 998 1415 10163 991 1408 10164 990 1407 10165 998 1415 10166 991 1408 10167 999 1416 10168 1000 1417 10169 993 1410 10170 992 1409 10171 1000 1417 10172 994 1411 10173 1001 1418 10174 1009 1419 10175 994 1411 10176 1002 1420 10177 1003 1421 10178 995 1412 10179 1003 1421 10180 1004 1422 10181 996 1413 10182 1004 1422 10183 1005 1423 10184 998 1415 10185 997 1414 10186 1005 1423 10187 998 1415 10188 1006 1424 10189 1007 1425 10190 1000 1417 10191 999 1416 10192 1007 1425 10193 1000 1417 10194 1008 1426 10195 1009 1419 10196 1002 1420 10197 1009 1419 10198 1017 1427 10199 1003 1421 10200 1002 1420 10201 1010 1428 10202 1003 1421 10203 1011 1429 10204 1012 1430 10205 1004 1422 10206 1012 1430 10207 1013 1431 10208 1006 1424 10209 1005 1423 10210 1013 1431 10211 1007 1425 10212 1006 1424 10213 1014 1432 10214 1007 1425 10215 1015 1433 10216 1016 1434 10217 1008 1426 10218 1016 1434 10219 1017 1427 10220 1017 1427 10221 1025 1442 10222 1018 1435 10223 1011 1429 10224 1010 1428 10225 1018 1435 10226 1011 1429 10227 1019 1436 10228 1020 1437 10229 1012 1430 10230 1020 1437 10231 1021 1438 10232 1014 1432 10233 1013 1431 10234 1021 1438 10235 1015 1433 10236 1014 1432 10237 1022 1439 10238 1015 1433 10239 1023 1440 10240 1024 1441 10241 1016 1434 10242 1024 1441 10243 1025 1442 10244 1025 1442 10245 1033 1450 10246 1026 1443 10247 1019 1436 10248 1018 1435 10249 1026 1443 10250 1019 1436 10251 1027 1444 10252 1028 1445 10253 1020 1437 10254 1028 1445 10255 1029 1446 10256 1022 1439 10257 1021 1438 10258 1029 1446 10259 1023 1440 10260 1022 1439 10261 1030 1447 10262 1023 1440 10263 1031 1448 10264 1032 1449 10265 1025 1442 10266 1024 1441 10267 1032 1449 10268 1033 1450 10269 1041 1458 10270 1034 1451 10271 1026 1443 10272 1034 1451 10273 1035 1452 10274 1028 1445 10275 1027 1444 10276 1035 1452 10277 1028 1445 10278 1036 1453 10279 1037 1454 10280 1030 1447 10281 1029 1446 10282 1037 1454 10283 1030 1447 10284 1038 1455 10285 1039 1456 10286 1031 1448 10287 1039 1456 10288 1040 1457 10289 1033 1450 10290 1032 1449 10291 1040 1457 10292 1034 1451 10293 1041 1458 10294 1049 1459 10295 1035 1452 10296 1034 1451 10297 1042 1460 10298 1036 1453 10299 1035 1452 10300 1043 1461 10301 1037 1454 10302 1036 1453 10303 1044 1462 10304 1037 1454 10305 1045 1463 10306 1046 1464 10307 1038 1455 10308 1046 1464 10309 1047 1465 10310 1039 1456 10311 1047 1465 10312 1048 1466 10313 1040 1457 10314 1048 1466 10315 1049 1459 10316 1048 1466 10317 1055 1470 10318 1057 1467 10319 1045 1463 10320 1044 1462 10321 1054 1468 10322 1047 1465 10323 1053 1473 10324 1055 1470 10325 1044 1462 10326 1043 1461 10327 1052 1471 10328 1045 1463 10329 1056 1469 10330 1051 1472 10331 1046 1464 10332 1051 1472 10333 1053 1473 10334 1042 1460 10335 1049 1459 10336 1057 1467 10337 1043 1461 10338 1042 1460 10339 1050 1474 10340 1066 1475 10341 1073 1491 10342 1065 1476 10343 1067 1478 10344 1066 1475 10345 1058 1477 10346 1068 1480 10347 1067 1478 10348 1059 1479 10349 1069 1482 10350 1068 1480 10351 1060 1481 10352 1062 1484 10353 1070 1486 10354 1069 1482 10355 1063 1485 10356 1071 1488 10357 1070 1486 10358 1064 1487 10359 1072 1489 10360 1071 1488 10361 1065 1476 10362 1073 1491 10363 1072 1489 10364 1074 1490 10365 1081 1499 10366 1073 1491 10367 1075 1492 10368 1074 1490 10369 1066 1475 10370 1076 1493 10371 1075 1492 10372 1067 1478 10373 1077 1494 10374 1076 1493 10375 1068 1480 10376 1070 1486 10377 1078 1495 10378 1077 1494 10379 1071 1488 10380 1079 1496 10381 1078 1495 10382 1072 1489 10383 1080 1497 10384 1079 1496 10385 1073 1491 10386 1081 1499 10387 1080 1497 10388 1082 1498 10389 1089 1504 10390 1081 1499 10391 1075 1492 10392 1083 1505 10393 1082 1498 10394 1084 1500 10395 1083 1505 10396 1075 1492 10397 1077 1494 10398 1085 1508 10399 1084 1500 10400 1086 1501 10401 1085 1508 10402 1077 1494 10403 1079 1496 10404 1087 1510 10405 1086 1501 10406 1088 1502 10407 1087 1510 10408 1079 1496 10409 1081 1499 10410 1089 1504 10411 1088 1502 10412 1082 1498 10413 1090 1506 10414 1097 1503 10415 1083 1505 10416 1091 1513 10417 1090 1506 10418 1092 1507 10419 1091 1513 10420 1083 1505 10421 1085 1508 10422 1093 1517 10423 1092 1507 10424 1094 1509 10425 1093 1517 10426 1085 1508 10427 1087 1510 10428 1095 1518 10429 1094 1509 10430 1096 1511 10431 1095 1518 10432 1087 1510 10433 1097 1503 10434 1096 1511 10435 1088 1502 10436 1090 1506 10437 1098 1514 10438 1105 1512 10439 1091 1513 10440 1099 1522 10441 1098 1514 10442 1100 1515 10443 1099 1522 10444 1091 1513 10445 1101 1516 10446 1100 1515 10447 1092 1507 10448 1094 1509 10449 1102 1519 10450 1101 1516 10451 1095 1518 10452 1103 1525 10453 1102 1519 10454 1104 1520 10455 1103 1525 10456 1095 1518 10457 1105 1512 10458 1104 1520 10459 1096 1511 10460 1106 1521 10461 1113 1528 10462 1105 1512 10463 1099 1522 10464 1107 1530 10465 1106 1521 10466 1108 1523 10467 1107 1530 10468 1099 1522 10469 1101 1516 10470 1109 1532 10471 1108 1523 10472 1110 1524 10473 1109 1532 10474 1101 1516 10475 1103 1525 10476 1111 1534 10477 1110 1524 10478 1112 1526 10479 1111 1534 10480 1103 1525 10481 1105 1512 10482 1113 1528 10483 1112 1526 10484 1114 1527 10485 1121 1535 10486 1113 1528 10487 1115 1529 10488 1114 1527 10489 1106 1521 10490 1108 1523 10491 1116 1539 10492 1115 1529 10493 1117 1531 10494 1116 1539 10495 1108 1523 10496 1110 1524 10497 1118 1541 10498 1117 1531 10499 1119 1533 10500 1118 1541 10501 1110 1524 10502 1112 1526 10503 1120 1543 10504 1119 1533 10505 1121 1535 10506 1120 1543 10507 1112 1526 10508 1114 1527 10509 1122 1544 10510 1129 1536 10511 1123 1537 10512 1122 1544 10513 1114 1527 10514 1124 1538 10515 1123 1537 10516 1115 1529 10517 1125 1540 10518 1124 1538 10519 1116 1539 10520 1118 1541 10521 1126 1550 10522 1125 1540 10523 1127 1542 10524 1126 1550 10525 1118 1541 10526 1120 1543 10527 1128 1553 10528 1127 1542 10529 1129 1536 10530 1128 1553 10531 1120 1543 10532 1122 1544 10533 1130 1546 10534 1137 1545 10535 1123 1537 10536 1131 1547 10537 1130 1546 10538 1124 1538 10539 1132 1548 10540 1131 1547 10541 1125 1540 10542 1133 1554 10543 1132 1548 10544 1134 1549 10545 1133 1554 10546 1125 1540 10547 1135 1551 10548 1134 1549 10549 1126 1550 10550 1136 1552 10551 1135 1551 10552 1127 1542 10553 1137 1545 10554 1136 1552 10555 1128 1553 10556 1057 1467 10557 1055 1470 10558 1136 1552 10559 1133 1554 10560 1056 1469 10561 1054 1468 10562 1055 1470 10563 1053 1473 10564 1135 1551 10565 1132 1548 10566 1054 1468 10567 1052 1471 10568 1051 1472 10569 1056 1469 10570 1133 1554 10571 1053 1473 10572 1051 1472 10573 1134 1549 10574 1130 1546 10575 1050 1474 10576 1057 1467 10577 1131 1547 10578 1052 1471 10579 1050 1474 10580 1146 1574 10581 1153 1588 10582 1145 1575 10583 1147 1577 10584 1146 1574 10585 1138 1576 10586 1140 1579 10587 1148 1581 10588 1147 1577 10589 1141 1580 10590 1149 1583 10591 1148 1581 10592 1142 1582 10593 1150 1585 10594 1149 1583 10595 1143 1584 10596 1151 1595 10597 1150 1585 10598 1152 1586 10599 1151 1595 10600 1143 1584 10601 1153 1588 10602 1152 1586 10603 1144 1587 10604 1146 1574 10605 1154 1590 10606 1161 1589 10607 1147 1577 10608 1155 1599 10609 1154 1590 10610 1156 1591 10611 1155 1599 10612 1147 1577 10613 1157 1592 10614 1156 1591 10615 1148 1581 10616 1158 1593 10617 1157 1592 10618 1149 1583 10619 1159 1594 10620 1158 1593 10621 1150 1585 10622 1152 1586 10623 1160 1596 10624 1159 1594 10625 1153 1588 10626 1161 1589 10627 1160 1596 10628 1154 1590 10629 1162 1604 10630 1169 1597 10631 1163 1598 10632 1162 1604 10633 1154 1590 10634 1156 1591 10635 1164 1606 10636 1163 1598 10637 1165 1600 10638 1164 1606 10639 1156 1591 10640 1166 1601 10641 1165 1600 10642 1157 1592 10643 1159 1594 10644 1167 1609 10645 1166 1601 10646 1168 1602 10647 1167 1609 10648 1159 1594 10649 1161 1589 10650 1169 1597 10651 1168 1602 10652 1170 1603 10653 1177 1612 10654 1169 1597 10655 1171 1605 10656 1170 1603 10657 1162 1604 10658 1164 1606 10659 1172 1607 10660 1171 1605 10661 1165 1600 10662 1173 1608 10663 1172 1607 10664 1166 1601 10665 1174 1610 10666 1173 1608 10667 1167 1609 10668 1175 1619 10669 1174 1610 10670 1176 1611 10671 1175 1619 10672 1167 1609 10673 1177 1612 10674 1176 1611 10675 1168 1602 10676 1170 1603 10677 1178 1614 10678 1185 1613 10679 1171 1605 10680 1179 1622 10681 1178 1614 10682 1180 1615 10683 1179 1622 10684 1171 1605 10685 1181 1616 10686 1180 1615 10687 1172 1607 10688 1182 1617 10689 1181 1616 10690 1173 1608 10691 1183 1618 10692 1182 1617 10693 1174 1610 10694 1176 1611 10695 1184 1620 10696 1183 1618 10697 1177 1612 10698 1185 1613 10699 1184 1620 10700 1178 1614 10701 1186 1623 10702 1193 1621 10703 1179 1622 10704 1187 1630 10705 1186 1623 10706 1188 1624 10707 1187 1630 10708 1179 1622 10709 1189 1625 10710 1188 1624 10711 1180 1615 10712 1190 1626 10713 1189 1625 10714 1181 1616 10715 1191 1627 10716 1190 1626 10717 1182 1617 10718 1184 1620 10719 1192 1628 10720 1191 1627 10721 1185 1613 10722 1193 1621 10723 1192 1628 10724 1186 1623 10725 1194 1631 10726 1201 1629 10727 1187 1630 10728 1195 1638 10729 1194 1631 10730 1196 1632 10731 1195 1638 10732 1187 1630 10733 1197 1633 10734 1196 1632 10735 1188 1624 10736 1198 1634 10737 1197 1633 10738 1189 1625 10739 1199 1635 10740 1198 1634 10741 1190 1626 10742 1192 1628 10743 1200 1636 10744 1199 1635 10745 1193 1621 10746 1201 1629 10747 1200 1636 10748 1194 1631 10749 1202 1639 10750 1209 1637 10751 1195 1638 10752 1203 1646 10753 1202 1639 10754 1204 1640 10755 1203 1646 10756 1195 1638 10757 1205 1641 10758 1204 1640 10759 1196 1632 10760 1206 1642 10761 1205 1641 10762 1197 1633 10763 1207 1643 10764 1206 1642 10765 1198 1634 10766 1200 1636 10767 1208 1644 10768 1207 1643 10769 1201 1629 10770 1209 1637 10771 1208 1644 10772 1202 1639 10773 1210 1647 10774 1217 1645 10775 1203 1646 10776 1211 1654 10777 1210 1647 10778 1212 1648 10779 1211 1654 10780 1203 1646 10781 1213 1649 10782 1212 1648 10783 1204 1640 10784 1214 1650 10785 1213 1649 10786 1205 1641 10787 1215 1651 10788 1214 1650 10789 1206 1642 10790 1208 1644 10791 1216 1652 10792 1215 1651 10793 1209 1637 10794 1217 1645 10795 1216 1652 10796 1210 1647 10797 1218 1655 10798 1225 1653 10799 1211 1654 10800 1219 1662 10801 1218 1655 10802 1220 1656 10803 1219 1662 10804 1211 1654 10805 1221 1657 10806 1220 1656 10807 1212 1648 10808 1222 1658 10809 1221 1657 10810 1213 1649 10811 1223 1659 10812 1222 1658 10813 1214 1650 10814 1216 1652 10815 1224 1660 10816 1223 1659 10817 1217 1645 10818 1225 1653 10819 1224 1660 10820 1218 1655 10821 1226 1663 10822 1233 1661 10823 1219 1662 10824 1227 1671 10825 1226 1663 10826 1228 1664 10827 1227 1671 10828 1219 1662 10829 1229 1665 10830 1228 1664 10831 1220 1656 10832 1230 1666 10833 1229 1665 10834 1221 1657 10835 1231 1667 10836 1230 1666 10837 1222 1658 10838 1224 1660 10839 1232 1668 10840 1231 1667 10841 1225 1653 10842 1233 1661 10843 1232 1668 10844 1234 1669 10845 1241 1676 10846 1233 1661 10847 1235 1670 10848 1234 1669 10849 1226 1663 10850 1228 1664 10851 1236 1672 10852 1235 1670 10853 1229 1665 10854 1237 1673 10855 1236 1672 10856 1230 1666 10857 1238 1674 10858 1237 1673 10859 1231 1667 10860 1239 1681 10861 1238 1674 10862 1240 1675 10863 1239 1681 10864 1231 1667 10865 1241 1676 10866 1240 1675 10867 1232 1668 10868 1242 1677 10869 1249 1684 10870 1241 1676 10871 1243 1678 10872 1242 1677 10873 1234 1669 10874 1236 1672 10875 1244 1679 10876 1243 1678 10877 1237 1673 10878 1245 1680 10879 1244 1679 10880 1238 1674 10881 1246 1682 10882 1245 1680 10883 1239 1681 10884 1247 1689 10885 1246 1682 10886 1248 1683 10887 1247 1689 10888 1239 1681 10889 1249 1684 10890 1248 1683 10891 1240 1675 10892 1250 1685 10893 1257 1692 10894 1249 1684 10895 1251 1686 10896 1250 1685 10897 1242 1677 10898 1244 1679 10899 1252 1687 10900 1251 1686 10901 1245 1680 10902 1253 1688 10903 1252 1687 10904 1246 1682 10905 1254 1690 10906 1253 1688 10907 1247 1689 10908 1255 1697 10909 1254 1690 10910 1256 1691 10911 1255 1697 10912 1247 1689 10913 1257 1692 10914 1256 1691 10915 1248 1683 10916 1258 1693 10917 1265 1700 10918 1257 1692 10919 1259 1694 10920 1258 1693 10921 1250 1685 10922 1252 1687 10923 1260 1695 10924 1259 1694 10925 1253 1688 10926 1261 1696 10927 1260 1695 10928 1254 1690 10929 1262 1698 10930 1261 1696 10931 1255 1697 10932 1263 1705 10933 1262 1698 10934 1264 1699 10935 1263 1705 10936 1255 1697 10937 1265 1700 10938 1264 1699 10939 1256 1691 10940 1266 1701 10941 1273 1708 10942 1265 1700 10943 1267 1702 10944 1266 1701 10945 1258 1693 10946 1260 1695 10947 1268 1703 10948 1267 1702 10949 1261 1696 10950 1269 1704 10951 1268 1703 10952 1262 1698 10953 1270 1706 10954 1269 1704 10955 1263 1705 10956 1271 1713 10957 1270 1706 10958 1272 1707 10959 1271 1713 10960 1263 1705 10961 1273 1708 10962 1272 1707 10963 1264 1699 10964 1274 1709 10965 1281 1716 10966 1273 1708 10967 1275 1710 10968 1274 1709 10969 1266 1701 10970 1268 1703 10971 1276 1711 10972 1275 1710 10973 1269 1704 10974 1277 1712 10975 1276 1711 10976 1270 1706 10977 1278 1714 10978 1277 1712 10979 1271 1713 10980 1279 1721 10981 1278 1714 10982 1280 1715 10983 1279 1721 10984 1271 1713 10985 1281 1716 10986 1280 1715 10987 1272 1707 10988 1282 1717 10989 1289 1724 10990 1281 1716 10991 1283 1718 10992 1282 1717 10993 1274 1709 10994 1276 1711 10995 1284 1719 10996 1283 1718 10997 1277 1712 10998 1285 1720 10999 1284 1719 11000 1278 1714 11001 1286 1722 11002 1285 1720 11003 1279 1721 11004 1287 1731 11005 1286 1722 11006 1288 1723 11007 1287 1731 11008 1279 1721 11009 1289 1724 11010 1288 1723 11011 1280 1715 11012 1282 1717 11013 1290 1726 11014 1297 1725 11015 1283 1718 11016 1291 1735 11017 1290 1726 11018 1292 1727 11019 1291 1735 11020 1283 1718 11021 1293 1728 11022 1292 1727 11023 1284 1719 11024 1294 1729 11025 1293 1728 11026 1285 1720 11027 1295 1730 11028 1294 1729 11029 1286 1722 11030 1288 1723 11031 1296 1732 11032 1295 1730 11033 1289 1724 11034 1297 1725 11035 1296 1732 11036 1298 1733 11037 1305 1740 11038 1297 1725 11039 1299 1734 11040 1298 1733 11041 1290 1726 11042 1300 1736 11043 1299 1734 11044 1291 1735 11045 1293 1728 11046 1301 1742 11047 1300 1736 11048 1302 1737 11049 1301 1742 11050 1293 1728 11051 1295 1730 11052 1303 1745 11053 1302 1737 11054 1304 1738 11055 1303 1745 11056 1295 1730 11057 1297 1725 11058 1305 1740 11059 1304 1738 11060 1306 1739 11061 1313 1748 11062 1305 1740 11063 1307 1741 11064 1306 1739 11065 1298 1733 11066 1300 1736 11067 1308 1743 11068 1307 1741 11069 1301 1742 11070 1309 1744 11071 1308 1743 11072 1302 1737 11073 1310 1746 11074 1309 1744 11075 1303 1745 11076 1311 1755 11077 1310 1746 11078 1312 1747 11079 1311 1755 11080 1303 1745 11081 1313 1748 11082 1312 1747 11083 1304 1738 11084 1306 1739 11085 1314 1750 11086 1321 1749 11087 1307 1741 11088 1315 1758 11089 1314 1750 11090 1316 1751 11091 1315 1758 11092 1307 1741 11093 1317 1752 11094 1316 1751 11095 1308 1743 11096 1318 1753 11097 1317 1752 11098 1309 1744 11099 1319 1754 11100 1318 1753 11101 1310 1746 11102 1312 1747 11103 1320 1756 11104 1319 1754 11105 1313 1748 11106 1321 1749 11107 1320 1756 11108 1314 1750 11109 1322 1759 11110 1329 1757 11111 1315 1758 11112 1323 1766 11113 1322 1759 11114 1324 1760 11115 1323 1766 11116 1315 1758 11117 1325 1761 11118 1324 1760 11119 1316 1751 11120 1326 1762 11121 1325 1761 11122 1317 1752 11123 1327 1763 11124 1326 1762 11125 1318 1753 11126 1320 1756 11127 1328 1764 11128 1327 1763 11129 1321 1749 11130 1329 1757 11131 1328 1764 11132 1322 1759 11133 1330 1767 11134 1337 1765 11135 1323 1766 11136 1331 1774 11137 1330 1767 11138 1332 1768 11139 1331 1774 11140 1323 1766 11141 1333 1769 11142 1332 1768 11143 1324 1760 11144 1334 1770 11145 1333 1769 11146 1325 1761 11147 1335 1771 11148 1334 1770 11149 1326 1762 11150 1328 1764 11151 1336 1772 11152 1335 1771 11153 1329 1757 11154 1337 1765 11155 1336 1772 11156 1330 1767 11157 1338 1775 11158 1345 1773 11159 1331 1774 11160 1339 1782 11161 1338 1775 11162 1340 1776 11163 1339 1782 11164 1331 1774 11165 1341 1777 11166 1340 1776 11167 1332 1768 11168 1342 1778 11169 1341 1777 11170 1333 1769 11171 1343 1779 11172 1342 1778 11173 1334 1770 11174 1336 1772 11175 1344 1780 11176 1343 1779 11177 1337 1765 11178 1345 1773 11179 1344 1780 11180 1338 1775 11181 1346 1783 11182 1353 1781 11183 1339 1782 11184 1347 1790 11185 1346 1783 11186 1348 1784 11187 1347 1790 11188 1339 1782 11189 1349 1785 11190 1348 1784 11191 1340 1776 11192 1350 1786 11193 1349 1785 11194 1341 1777 11195 1351 1787 11196 1350 1786 11197 1342 1778 11198 1344 1780 11199 1352 1788 11200 1351 1787 11201 1345 1773 11202 1353 1781 11203 1352 1788 11204 1346 1783 11205 1354 1791 11206 1361 1789 11207 1347 1790 11208 1355 1798 11209 1354 1791 11210 1356 1792 11211 1355 1798 11212 1347 1790 11213 1357 1793 11214 1356 1792 11215 1348 1784 11216 1358 1794 11217 1357 1793 11218 1349 1785 11219 1359 1795 11220 1358 1794 11221 1350 1786 11222 1352 1788 11223 1360 1796 11224 1359 1795 11225 1353 1781 11226 1361 1789 11227 1360 1796 11228 1354 1791 11229 1362 1799 11230 1369 1797 11231 1355 1798 11232 1363 1807 11233 1362 1799 11234 1364 1800 11235 1363 1807 11236 1355 1798 11237 1365 1801 11238 1364 1800 11239 1356 1792 11240 1366 1802 11241 1365 1801 11242 1357 1793 11243 1367 1803 11244 1366 1802 11245 1358 1794 11246 1360 1796 11247 1368 1804 11248 1367 1803 11249 1361 1789 11250 1369 1797 11251 1368 1804 11252 1370 1805 11253 1377 1812 11254 1369 1797 11255 1371 1806 11256 1370 1805 11257 1362 1799 11258 1364 1800 11259 1372 1808 11260 1371 1806 11261 1365 1801 11262 1373 1809 11263 1372 1808 11264 1366 1802 11265 1374 1810 11266 1373 1809 11267 1367 1803 11268 1375 1817 11269 1374 1810 11270 1376 1811 11271 1375 1817 11272 1367 1803 11273 1377 1812 11274 1376 1811 11275 1368 1804 11276 1378 1813 11277 1385 1820 11278 1377 1812 11279 1379 1814 11280 1378 1813 11281 1370 1805 11282 1372 1808 11283 1380 1815 11284 1379 1814 11285 1373 1809 11286 1381 1816 11287 1380 1815 11288 1374 1810 11289 1382 1818 11290 1381 1816 11291 1375 1817 11292 1383 1825 11293 1382 1818 11294 1384 1819 11295 1383 1825 11296 1375 1817 11297 1385 1820 11298 1384 1819 11299 1376 1811 11300 1386 1821 11301 1393 1828 11302 1385 1820 11303 1387 1822 11304 1386 1821 11305 1378 1813 11306 1380 1815 11307 1388 1823 11308 1387 1822 11309 1381 1816 11310 1389 1824 11311 1388 1823 11312 1382 1818 11313 1390 1826 11314 1389 1824 11315 1383 1825 11316 1391 1833 11317 1390 1826 11318 1392 1827 11319 1391 1833 11320 1383 1825 11321 1393 1828 11322 1392 1827 11323 1384 1819 11324 1394 1829 11325 1401 1836 11326 1393 1828 11327 1395 1830 11328 1394 1829 11329 1386 1821 11330 1388 1823 11331 1396 1831 11332 1395 1830 11333 1389 1824 11334 1397 1832 11335 1396 1831 11336 1390 1826 11337 1398 1834 11338 1397 1832 11339 1391 1833 11340 1399 1841 11341 1398 1834 11342 1400 1835 11343 1399 1841 11344 1391 1833 11345 1401 1836 11346 1400 1835 11347 1392 1827 11348 1402 1837 11349 1409 1844 11350 1401 1836 11351 1403 1838 11352 1402 1837 11353 1394 1829 11354 1396 1831 11355 1404 1839 11356 1403 1838 11357 1397 1832 11358 1405 1840 11359 1404 1839 11360 1398 1834 11361 1406 1842 11362 1405 1840 11363 1399 1841 11364 1407 1845 11365 1406 1842 11366 1408 1843 11367 1407 1845 11368 1399 1841 11369 1409 1844 11370 1408 1843 11371 1400 1835 11372 1138 1576 11373 1145 1575 11374 1409 1844 11375 1139 1578 11376 1138 1576 11377 1402 1837 11378 1404 1839 11379 1140 1579 11380 1139 1578 11381 1405 1840 11382 1141 1580 11383 1140 1579 11384 1406 1842 11385 1142 1582 11386 1141 1580 11387 1407 1845 11388 1143 1584 11389 1142 1582 11390 1144 1587 11391 1143 1584 11392 1407 1845 11393 1145 1575 11394 1144 1587 11395 1408 1843 11396 1576 2064 11397 1503 2074 11398 1504 2065 11399 1497 2067 11400 1501 2076 11401 1502 2068 11402 1613 2070 11403 1616 2159 11404 1510 2071 11405 1498 2069 11406 1502 2068 11407 1503 2074 11408 1497 2067 11409 1496 2163 11410 1500 2075 11411 1501 2076 11412 1506 2083 11413 1507 2077 11414 1610 2078 11415 1654 2187 11416 1608 2079 11417 1503 2074 11418 1502 2068 11419 1507 2077 11420 1500 2075 11421 1505 2072 11422 1506 2083 11423 1504 2065 11424 1503 2074 11425 1508 2082 11426 1507 2077 11427 1512 2087 11428 1513 2085 11429 1506 2083 11430 1505 2072 11431 1510 2071 11432 1508 2082 11433 1513 2085 11434 1514 2084 11435 1506 2083 11436 1511 2086 11437 1512 2087 11438 1615 2088 11439 1612 2142 11440 1580 2089 11441 1510 2071 11442 1515 2130 11443 1516 2091 11444 1514 2084 11445 1513 2085 11446 1518 2092 11447 1511 2086 11448 1516 2091 11449 1517 2094 11450 1615 2088 11451 1582 2090 11452 1584 2095 11453 1513 2085 11454 1512 2087 11455 1517 2094 11456 1518 2092 11457 1523 2101 11458 1524 2097 11459 1516 2091 11460 1521 2103 11461 1522 2098 11462 1621 2099 11463 1618 2096 11464 1584 2095 11465 1517 2094 11466 1522 2098 11467 1523 2101 11468 1516 2091 11469 1515 2130 11470 1520 2102 11471 1621 2099 11472 1586 2100 11473 1588 2104 11474 1523 2101 11475 1522 2098 11476 1527 2107 11477 1521 2103 11478 1520 2102 11479 1525 2109 11480 1524 2097 11481 1523 2101 11482 1528 2108 11483 1521 2103 11484 1526 2110 11485 1527 2107 11486 1528 2108 11487 1527 2107 11488 1532 2112 11489 1526 2110 11490 1525 2109 11491 1530 2114 11492 1528 2108 11493 1533 2113 11494 1534 2111 11495 1527 2107 11496 1526 2110 11497 1531 2115 11498 1627 2116 11499 1624 2105 11500 1588 2104 11501 1534 2111 11502 1533 2113 11503 1538 2118 11504 1531 2115 11505 1536 2124 11506 1537 2120 11507 1627 2116 11508 1590 2117 11509 1592 2121 11510 1532 2112 11511 1537 2120 11512 1538 2118 11513 1531 2115 11514 1530 2114 11515 1535 2123 11516 1538 2118 11517 1544 2132 11518 1545 2125 11519 1537 2120 11520 1536 2124 11521 1542 2126 11522 1630 2122 11523 1592 2121 11524 1594 2128 11525 1515 2130 11526 1619 2205 11527 1622 2131 11528 1538 2118 11529 1537 2120 11530 1543 2127 11531 1536 2124 11532 1535 2123 11533 1541 2133 11534 1535 2123 11535 1631 2209 11536 1634 2134 11537 1551 2135 11538 1640 2213 11539 1643 2136 11540 1543 2127 11541 1548 2143 11542 1549 2139 11543 1542 2126 11544 1541 2133 11545 1546 2140 11546 1610 2078 11547 1578 2080 11548 1580 2089 11549 1544 2132 11550 1549 2139 11551 1550 2138 11552 1542 2126 11553 1547 2141 11554 1548 2143 11555 1633 2129 11556 1594 2128 11557 1596 2144 11558 1549 2139 11559 1548 2143 11560 1553 2146 11561 1547 2141 11562 1546 2140 11563 1551 2135 11564 1556 2137 11565 1643 2136 11566 1646 2149 11567 1550 2138 11568 1549 2139 11569 1554 2147 11570 1548 2143 11571 1547 2141 11572 1552 2148 11573 1639 2152 11574 1636 2145 11575 1596 2144 11576 1628 2154 11577 1631 2209 11578 1535 2123 11579 1554 2147 11580 1559 2160 11581 1560 2155 11582 1552 2148 11583 1557 2161 11584 1558 2156 11585 1639 2152 11586 1598 2153 11587 1600 2157 11588 1616 2159 11589 1619 2205 11590 1515 2130 11591 1554 2147 11592 1553 2146 11593 1558 2156 11594 1551 2135 11595 1556 2137 11596 1557 2161 11597 1655 2162 11598 1609 2202 11599 1500 2075 11600 1557 2161 11601 1562 2170 11602 1563 2164 11603 1645 2165 11604 1642 2158 11605 1600 2157 11606 1571 2167 11607 1652 2186 11608 1655 2162 11609 1558 2156 11610 1563 2164 11611 1564 2169 11612 1556 2137 11613 1561 2150 11614 1562 2170 11615 1560 2155 11616 1559 2160 11617 1564 2169 11618 1563 2164 11619 1568 2174 11620 1569 2172 11621 1561 2150 11622 1566 2178 11623 1567 2173 11624 1634 2134 11625 1637 2180 11626 1546 2140 11627 1564 2169 11628 1569 2172 11629 1570 2171 11630 1563 2164 11631 1562 2170 11632 1567 2173 11633 1648 2175 11634 1645 2165 11635 1602 2166 11636 1625 2177 11637 1628 2154 11638 1530 2114 11639 1566 2178 11640 1571 2167 11641 1572 2179 11642 1637 2180 11643 1640 2213 11644 1551 2135 11645 1570 2171 11646 1569 2172 11647 1574 2181 11648 1568 2174 11649 1567 2173 11650 1572 2179 11651 1651 2184 11652 1648 2175 11653 1604 2176 11654 1566 2178 11655 1649 2188 11656 1652 2186 11657 1569 2172 11658 1568 2174 11659 1573 2183 11660 1574 2181 11661 1576 2064 11662 1499 2066 11663 1573 2183 11664 1572 2179 11665 1497 2067 11666 1651 2184 11667 1606 2185 11668 1608 2079 11669 1561 2150 11670 1646 2149 11671 1649 2188 11672 1574 2181 11673 1573 2183 11674 1498 2069 11675 1571 2167 11676 1496 2163 11677 1497 2067 11678 1622 2131 11679 1625 2177 11680 1525 2109 11681 1608 2079 11682 1607 2200 11683 1577 2189 11684 1577 2189 11685 1579 2223 11686 1580 2089 11687 1580 2089 11688 1579 2223 11689 1581 2190 11690 1582 2090 11691 1581 2190 11692 1583 2191 11693 1584 2095 11694 1583 2191 11695 1585 2192 11696 1585 2192 11697 1587 2193 11698 1588 2104 11699 1587 2193 11700 1589 2222 11701 1590 2117 11702 1590 2117 11703 1589 2222 11704 1591 2194 11705 1592 2121 11706 1591 2194 11707 1593 2195 11708 1593 2195 11709 1595 2196 11710 1596 2144 11711 1595 2196 11712 1597 2197 11713 1598 2153 11714 1597 2197 11715 1599 2221 11716 1600 2157 11717 1600 2157 11718 1599 2221 11719 1601 2198 11720 1601 2198 11721 1603 2199 11722 1604 2176 11723 1603 2199 11724 1605 2220 11725 1606 2185 11726 1606 2185 11727 1605 2220 11728 1607 2200 11729 1612 2142 11730 1614 2953 11731 1611 2201 11732 1611 2201 11733 1614 2953 11734 1613 2070 11735 1613 2070 11736 1614 2953 11737 1617 2203 11738 1617 2203 11739 1614 2953 11740 1612 2142 11741 1616 2159 11742 1617 2203 11743 1620 2204 11744 1617 2203 11745 1615 2088 11746 1618 2096 11747 1618 2096 11748 1621 2099 11749 1623 2206 11750 1623 2206 11751 1622 2131 11752 1619 2205 11753 1624 2105 11754 1626 2207 11755 1623 2206 11756 1626 2207 11757 1625 2177 11758 1622 2131 11759 1628 2154 11760 1625 2177 11761 1626 2207 11762 1629 2208 11763 1626 2207 11764 1624 2105 11765 1631 2209 11766 1628 2154 11767 1629 2208 11768 1629 2208 11769 1627 2116 11770 1630 2122 11771 1630 2122 11772 1633 2129 11773 1635 2211 11774 1635 2211 11775 1634 2134 11776 1631 2209 11777 1634 2134 11778 1635 2211 11779 1638 2212 11780 1635 2211 11781 1633 2129 11782 1636 2145 11783 1640 2213 11784 1637 2180 11785 1638 2212 11786 1641 2214 11787 1638 2212 11788 1636 2145 11789 1642 2158 11790 1644 2216 11791 1641 2214 11792 1641 2214 11793 1644 2216 11794 1643 2136 11795 1642 2158 11796 1645 2165 11797 1647 2215 11798 1644 2216 11799 1647 2215 11800 1646 2149 11801 1646 2149 11802 1647 2215 11803 1650 2217 11804 1647 2215 11805 1645 2165 11806 1648 2175 11807 1652 2186 11808 1649 2188 11809 1650 2217 11810 1650 2217 11811 1648 2175 11812 1651 2184 11813 1654 2187 11814 1656 2219 11815 1653 2218 11816 1656 2219 11817 1655 2162 11818 1652 2186 11819 1609 2202 11820 1655 2162 11821 1656 2219 11822 1656 2219 11823 1654 2187 11824 1610 2078 11825 1500 2075 11826 1609 2202 11827 1613 2070 11828 1581 2190 11829 1605 2220 11830 1593 2195 11831 1680 2224 11832 1657 2277 11833 1690 2225 11834 1659 2227 11835 1660 2230 11836 1699 2228 11837 1660 2230 11838 1661 2232 11839 1702 2231 11840 1666 2235 11841 1667 2238 11842 1720 2236 11843 1667 2238 11844 1668 2240 11845 1723 2239 11846 1668 2240 11847 1669 2242 11848 1726 2241 11849 1669 2242 11850 1670 2244 11851 1729 2243 11852 1670 2244 11853 1671 2246 11854 1732 2245 11855 1671 2246 11856 1672 2248 11857 1735 2247 11858 1672 2248 11859 1673 2250 11860 1738 2249 11861 1678 2253 11862 1679 2256 11863 1756 2254 11864 1679 2256 11865 1680 2224 11866 1759 2226 11867 1658 2259 11868 1659 2227 11869 1696 2229 11870 1665 2261 11871 1666 2235 11872 1717 2237 11873 1684 2263 11874 1674 2276 11875 1664 2264 11876 1688 2266 11877 1676 2954 11878 1662 2267 11879 1682 2269 11880 1675 2272 11881 1663 2270 11882 1662 2267 11883 1676 2954 11884 1682 2269 11885 1675 2272 11886 1684 2263 11887 1683 2265 11888 1686 2273 11889 1673 2258 11890 1665 2274 11891 1674 2276 11892 1686 2273 11893 1685 2275 11894 1657 2277 11895 1658 2259 11896 1693 2260 11897 1677 2280 11898 1678 2253 11899 1753 2255 11900 1690 2225 11901 1693 2260 11902 1694 2282 11903 1691 2283 11904 1694 2282 11905 1692 2284 11906 1696 2229 11907 1697 2286 11908 1694 2282 11909 1697 2286 11910 1695 2288 11911 1692 2284 11912 1699 2228 11913 1700 2287 11914 1697 2286 11915 1700 2287 11916 1698 2291 11917 1695 2288 11918 1699 2228 11919 1702 2231 11920 1703 2289 11921 1700 2287 11922 1703 2289 11923 1701 2290 11924 1717 2237 11925 1718 2293 11926 1715 2292 11927 1718 2293 11928 1716 2296 11929 1713 2294 11930 1720 2236 11931 1721 2295 11932 1718 2293 11933 1721 2295 11934 1719 2298 11935 1716 2296 11936 1723 2239 11937 1724 2297 11938 1721 2295 11939 1724 2297 11940 1722 2300 11941 1719 2298 11942 1726 2241 11943 1727 2299 11944 1724 2297 11945 1727 2299 11946 1725 2303 11947 1722 2300 11948 1726 2241 11949 1729 2243 11950 1730 2301 11951 1727 2299 11952 1730 2301 11953 1728 2302 11954 1729 2243 11955 1732 2245 11956 1733 2304 11957 1730 2301 11958 1733 2304 11959 1731 2305 11960 1732 2245 11961 1735 2247 11962 1736 2306 11963 1733 2304 11964 1736 2306 11965 1734 2307 11966 1735 2247 11967 1738 2249 11968 1739 2308 11969 1736 2306 11970 1739 2308 11971 1737 2309 11972 1753 2255 11973 1754 2311 11974 1751 2310 11975 1754 2311 11976 1752 2315 11977 1749 2312 11978 1753 2255 11979 1756 2254 11980 1757 2313 11981 1754 2311 11982 1757 2313 11983 1755 2314 11984 1756 2254 11985 1759 2226 11986 1760 2316 11987 1757 2313 11988 1760 2316 11989 1758 2317 11990 1690 2225 11991 1691 2283 11992 1760 2316 11993 1691 2283 11994 1689 2285 11995 1758 2317 11996 1705 2318 11997 1708 2327 11998 1709 2319 11999 1709 2319 12000 1707 2329 12001 1704 2321 12002 1747 2322 12003 1748 2335 12004 1745 2323 12005 1745 2323 12006 1748 2335 12007 1746 2325 12008 1708 2327 12009 1711 2333 12010 1712 2328 12011 1712 2328 12012 1710 2334 12013 1707 2329 12014 1744 2324 12015 1745 2323 12016 1742 2330 12017 1742 2330 12018 1745 2323 12019 1743 2326 12020 1711 2333 12021 1714 2262 12022 1715 2292 12023 1715 2292 12024 1713 2294 12025 1710 2334 12026 1741 2331 12027 1742 2330 12028 1739 2308 12029 1739 2308 12030 1742 2330 12031 1740 2332 12032 1702 2231 12033 1705 2318 12034 1706 2320 12035 1703 2289 12036 1706 2320 12037 1704 2321 12038 1750 2281 12039 1751 2310 12040 1748 2335 12041 1751 2310 12042 1749 2312 12043 1746 2325 12044 1794 2336 12045 1761 2395 12046 1784 2337 12047 1803 2339 12048 1764 161 12049 1763 2340 12050 1806 2342 12051 1765 2345 12052 1764 161 12053 1824 2349 12054 1771 2353 12055 1770 2350 12056 1827 2352 12057 1772 2355 12058 1771 2353 12059 1830 2354 12060 1773 2357 12061 1772 2355 12062 1833 2356 12063 1774 2359 12064 1773 2357 12065 1836 2358 12066 1775 2361 12067 1774 2359 12068 1839 2360 12069 1776 2363 12070 1775 2361 12071 1842 2362 12072 1777 2366 12073 1776 2363 12074 1860 2370 12075 1783 2373 12076 1782 2371 12077 1863 2338 12078 1784 2337 12079 1783 2373 12080 1800 2341 12081 1763 2340 12082 1762 2377 12083 1821 2351 12084 1770 2350 12085 1769 2346 12086 1768 2380 12087 1778 2394 12088 1788 2381 12089 1766 2383 12090 1780 2389 12091 1792 2384 12092 1767 2386 12093 1779 2390 12094 1786 2387 12095 1785 2388 12096 1786 2387 12097 1780 2389 12098 1787 2382 12099 1788 2381 12100 1779 2390 12101 1789 2391 12102 1769 2473 12103 1777 2392 12104 1768 2380 12105 1789 2391 12106 1790 2393 12107 1797 2378 12108 1762 2377 12109 1761 2395 12110 1857 2372 12111 1782 2371 12112 1781 2367 12113 1795 2399 12114 1798 2401 12115 1797 2378 12116 1793 2400 12117 1796 2483 12118 1798 2401 12119 1798 2401 12120 1801 2403 12121 1800 2341 12122 1798 2401 12123 1796 2483 12124 1799 2402 12125 1801 2403 12126 1804 2405 12127 1803 2339 12128 1801 2403 12129 1799 2402 12130 1802 2404 12131 1803 2339 12132 1804 2405 12133 1807 2406 12134 1802 2404 12135 1805 2443 12136 1807 2406 12137 1819 2407 12138 1822 2409 12139 1821 2351 12140 1819 2407 12141 1817 2441 12142 1820 2408 12143 1821 2351 12144 1822 2409 12145 1825 2410 12146 1820 2408 12147 1823 2412 12148 1825 2410 12149 1824 2349 12150 1825 2410 12151 1828 2411 12152 1823 2412 12153 1826 2466 12154 1828 2411 12155 1827 2352 12156 1828 2411 12157 1831 2413 12158 1828 2411 12159 1826 2466 12160 1829 2414 12161 1831 2413 12162 1834 2415 12163 1833 2356 12164 1829 2414 12165 1832 2487 12166 1834 2415 12167 1834 2415 12168 1837 2417 12169 1836 2358 12170 1834 2415 12171 1832 2487 12172 1835 2416 12173 1837 2417 12174 1840 2419 12175 1839 2360 12176 1837 2417 12177 1835 2416 12178 1838 2418 12179 1839 2360 12180 1840 2419 12181 1843 2420 12182 1838 2418 12183 1841 2442 12184 1843 2420 12185 1855 2421 12186 1858 2423 12187 1857 2372 12188 1855 2421 12189 1853 2444 12190 1856 2422 12191 1857 2372 12192 1858 2423 12193 1861 2424 12194 1856 2422 12195 1859 2426 12196 1861 2424 12197 1860 2370 12198 1861 2424 12199 1864 2425 12200 1859 2426 12201 1862 2484 12202 1864 2425 12203 1863 2338 12204 1864 2425 12205 1795 2399 12206 1864 2425 12207 1862 2484 12208 1793 2400 12209 1810 2427 12210 1813 2431 12211 1812 2428 12212 1810 2427 12213 1808 2482 12214 1811 2430 12215 1848 2432 12216 1849 2436 12217 1852 2433 12218 1847 2435 12219 1850 2485 12220 1852 2433 12221 1812 2428 12222 1813 2431 12223 1816 2437 12224 1811 2430 12225 1814 2465 12226 1816 2437 12227 1846 2439 12228 1849 2436 12229 1848 2432 12230 1846 2439 12231 1844 2486 12232 1847 2435 12233 1816 2437 12234 1819 2407 12235 1818 2379 12236 1816 2437 12237 1814 2465 12238 1817 2441 12239 1842 2362 12240 1843 2420 12241 1846 2439 12242 1841 2442 12243 1844 2486 12244 1846 2439 12245 1806 2342 12246 1807 2406 12247 1810 2427 12248 1805 2443 12249 1808 2482 12250 1810 2427 12251 1852 2433 12252 1855 2421 12253 1854 2398 12254 1852 2433 12255 1850 2485 12256 1853 2444 12257 1818 2379 12258 1769 2346 12259 1768 2348 12260 1683 2445 12261 1711 2333 12262 1708 2327 12263 1684 2448 12264 1675 2452 12265 1744 2324 12266 1738 2249 12267 1673 2250 12268 1674 2252 12269 1854 2398 12270 1781 2367 12271 1780 2369 12272 1682 2451 12273 1747 2322 12274 1744 2324 12275 1676 2453 12276 1677 2280 12277 1750 2281 12278 1842 2362 12279 1845 2440 12280 1778 2364 12281 1814 2465 12282 1862 2484 12283 1838 2418 12284 1728 2302 12285 1752 2315 12286 1704 2321 12287 1681 2447 12288 1663 2446 12289 1708 2327 12290 1786 2468 12291 1779 2472 12292 1848 2432 12293 1806 2342 12294 1809 2429 12295 1766 2343 12296 1664 2449 12297 1665 2261 12298 1714 2262 12299 1785 2467 12300 1809 2429 12301 1812 2428 12302 1788 2470 12303 1845 2440 12304 1848 2432 12305 1702 2231 12306 1661 2232 12307 1662 2234 12308 1787 2469 12309 1767 2471 12310 1812 2428 12311</p>
        </triangles>
        <triangles material="industrial_wall_lamp_glass-material" count="748">
          <input semantic="VERTEX" source="#Sphere_004-mesh-vertices" offset="0"/>
          <input semantic="NORMAL" source="#Sphere_004-mesh-normals" offset="1"/>
          <input semantic="TEXCOORD" source="#Sphere_004-mesh-map" offset="2" set="0"/>
          <p>2159 2488 6240 1875 2489 6241 2158 2490 6242 2158 2490 6243 1876 2491 6244 2157 2492 6245 2172 2493 6246 2143 2494 6247 1869 2495 6248 2157 2492 6249 1877 2496 6250 1867 2497 6251 2172 2493 6252 1870 2498 6253 2171 2499 6254 1868 2500 6255 1877 2496 6256 1878 2501 6257 2171 2499 6258 1871 2502 6259 1865 2503 6260 1865 2503 6261 1872 2504 6262 1866 2505 6263 1866 2505 6264 1873 2506 6265 2170 2507 6266 2159 2488 6267 1873 2506 6268 1874 2508 6269 1878 2501 6270 1887 2509 6271 1888 2510 6272 1871 2502 6273 1880 2511 6274 1881 2512 6275 1871 2502 6276 1882 2513 6277 1872 2504 6278 1873 2506 6279 1882 2513 6280 1883 2514 6281 1874 2508 6282 1883 2514 6283 1884 2515 6284 1874 2508 6285 1885 2516 6286 1875 2489 6287 1875 2489 6288 1886 2517 6289 1876 2491 6290 1869 2495 6291 2143 2494 6292 1879 2518 6293 1877 2496 6294 1886 2517 6295 1887 2509 6296 1869 2495 6297 1880 2511 6298 1870 2498 6299 1883 2514 6300 1894 2519 6301 1884 2515 6302 1885 2516 6303 1894 2519 6304 1895 2520 6305 1885 2516 6306 1896 2521 6307 1886 2517 6308 1879 2518 6309 2143 2494 6310 1889 2522 6311 1887 2509 6312 1896 2521 6313 1897 2523 6314 1880 2511 6315 1889 2522 6316 1890 2524 6317 1888 2510 6318 1897 2523 6319 1898 2525 6320 1880 2511 6321 1891 2526 6322 1881 2512 6323 1881 2512 6324 1892 2527 6325 1882 2513 6326 1883 2514 6327 1892 2527 6328 1893 2528 6329 1897 2523 6330 1906 2529 6331 1907 2530 6332 1890 2524 6333 1899 2531 6334 1900 2532 6335 1898 2525 6336 1907 2530 6337 1908 2533 6338 1891 2526 6339 1900 2532 6340 1901 2534 6341 1891 2526 6342 1902 2535 6343 1892 2527 6344 1893 2528 6345 1902 2535 6346 1903 2536 6347 1893 2528 6348 1904 2537 6349 1894 2519 6350 1895 2520 6351 1904 2537 6352 1905 2538 6353 1895 2520 6354 1906 2529 6355 1896 2521 6356 1889 2522 6357 2143 2494 6358 1899 2531 6359 1903 2536 6360 1912 2539 6361 1913 2540 6362 1904 2537 6363 1913 2540 6364 1914 2541 6365 1905 2538 6366 1914 2541 6367 1915 2542 6368 1905 2538 6369 1916 2543 6370 1906 2529 6371 1899 2531 6372 2143 2494 6373 1909 2544 6374 1907 2530 6375 1916 2543 6376 1917 2545 6377 1899 2531 6378 1910 2546 6379 1900 2532 6380 1908 2533 6381 1917 2545 6382 1918 2547 6383 1900 2532 6384 1911 2548 6385 1901 2534 6386 1902 2535 6387 1911 2548 6388 1912 2539 6389 1909 2544 6390 2143 2494 6391 1919 2549 6392 1917 2545 6393 1926 2550 6394 1927 2551 6395 1910 2546 6396 1919 2549 6397 1920 2552 6398 1918 2547 6399 1927 2551 6400 1928 2553 6401 1910 2546 6402 1921 2554 6403 1911 2548 6404 1911 2548 6405 1922 2555 6406 1912 2539 6407 1912 2539 6408 1923 2556 6409 1913 2540 6410 1914 2541 6411 1923 2556 6412 1924 2557 6413 1915 2542 6414 1924 2557 6415 1925 2558 6416 1915 2542 6417 1926 2550 6418 1916 2543 6419 1922 2555 6420 1933 2559 6421 1923 2556 6422 1924 2557 6423 1933 2559 6424 1934 2560 6425 1925 2558 6426 1934 2560 6427 1935 2561 6428 1925 2558 6429 1936 2562 6430 1926 2550 6431 1919 2549 6432 2143 2494 6433 1929 2563 6434 1927 2551 6435 1936 2562 6436 1937 2564 6437 1919 2549 6438 1930 2565 6439 1920 2552 6440 1928 2553 6441 1937 2564 6442 1938 2566 6443 1920 2552 6444 1931 2567 6445 1921 2554 6446 1921 2554 6447 1932 2568 6448 1922 2555 6449 1935 2561 6450 1946 2569 6451 1936 2562 6452 1929 2563 6453 2143 2494 6454 1939 2570 6455 1937 2564 6456 1946 2569 6457 1947 2571 6458 1929 2563 6459 1940 2572 6460 1930 2565 6461 1938 2566 6462 1947 2571 6463 1948 2573 6464 1930 2565 6465 1941 2574 6466 1931 2567 6467 1932 2568 6468 1941 2574 6469 1942 2575 6470 1932 2568 6471 1943 2576 6472 1933 2559 6473 1934 2560 6474 1943 2576 6475 1944 2577 6476 1935 2561 6477 1944 2577 6478 1945 2578 6479 1942 2575 6480 1951 2579 6481 1952 2580 6482 1942 2575 6483 1953 2581 6484 1943 2576 6485 1944 2577 6486 1953 2581 6487 1954 2582 6488 1945 2578 6489 1954 2582 6490 1955 2583 6491 1945 2578 6492 1956 2584 6493 1946 2569 6494 1939 2570 6495 2143 2494 6496 1949 2585 6497 1947 2571 6498 1956 2584 6499 1957 2586 6500 1940 2572 6501 1949 2585 6502 1950 2587 6503 1948 2573 6504 1957 2586 6505 1958 2588 6506 1941 2574 6507 1950 2587 6508 1951 2579 6509 1955 2583 6510 1966 2589 6511 1956 2584 6512 1949 2585 6513 2143 2494 6514 1959 2590 6515 1957 2586 6516 1966 2589 6517 1967 2591 6518 1949 2585 6519 1960 2592 6520 1950 2587 6521 1958 2588 6522 1967 2591 6523 1968 2593 6524 1950 2587 6525 1961 2594 6526 1951 2579 6527 1951 2579 6528 1962 2595 6529 1952 2580 6530 1953 2581 6531 1962 2595 6532 1963 2596 6533 1954 2582 6534 1963 2596 6535 1964 2597 6536 1955 2583 6537 1964 2597 6538 1965 2598 6539 1961 2594 6540 1972 2599 6541 1962 2595 6542 1962 2595 6543 1973 2600 6544 1963 2596 6545 1964 2597 6546 1973 2600 6547 1974 2601 6548 1965 2598 6549 1974 2601 6550 1975 2602 6551 1965 2598 6552 1976 2603 6553 1966 2589 6554 1959 2590 6555 2143 2494 6556 1969 2604 6557 1967 2591 6558 1976 2603 6559 1977 2605 6560 1959 2590 6561 1970 2606 6562 1960 2592 6563 1968 2593 6564 1977 2605 6565 1978 2607 6566 1960 2592 6567 1971 2608 6568 1961 2594 6569 1975 2602 6570 1984 2609 6571 1985 2610 6572 1975 2602 6573 1986 2611 6574 1976 2603 6575 1969 2604 6576 2143 2494 6577 1979 2612 6578 1976 2603 6579 1987 2613 6580 1977 2605 6581 1970 2606 6582 1979 2612 6583 1980 2614 6584 1978 2607 6585 1987 2613 6586 1988 2615 6587 1971 2608 6588 1980 2614 6589 1981 2616 6590 1971 2608 6591 1982 2617 6592 1972 2599 6593 1972 2599 6594 1983 2618 6595 1973 2600 6596 1974 2601 6597 1983 2618 6598 1984 2609 6599 1988 2615 6600 1997 2619 6601 1998 2620 6602 1980 2614 6603 1991 2621 6604 1981 2616 6605 1982 2617 6606 1991 2621 6607 1992 2622 6608 1983 2618 6609 1992 2622 6610 1993 2623 6611 1984 2609 6612 1993 2623 6613 1994 2624 6614 1985 2610 6615 1994 2624 6616 1995 2625 6617 1985 2610 6618 1996 2626 6619 1986 2611 6620 1979 2612 6621 2143 2494 6622 1989 2627 6623 1986 2611 6624 1997 2619 6625 1987 2613 6626 1979 2612 6627 1990 2628 6628 1980 2614 6629 1994 2624 6630 2003 2629 6631 2004 2630 6632 1995 2625 6633 2004 2630 6634 2005 2631 6635 1995 2625 6636 2006 2632 6637 1996 2626 6638 1989 2627 6639 2143 2494 6640 1999 2633 6641 1997 2619 6642 2006 2632 6643 2007 2634 6644 1990 2628 6645 1999 2633 6646 2000 2635 6647 1998 2620 6648 2007 2634 6649 2008 2636 6650 1991 2621 6651 2000 2635 6652 2001 2637 6653 1991 2621 6654 2002 2638 6655 1992 2622 6656 1992 2622 6657 2003 2629 6658 1993 2623 6659 1999 2633 6660 2010 2639 6661 2000 2635 6662 2008 2636 6663 2017 2640 6664 2018 2641 6665 2000 2635 6666 2011 2642 6667 2001 2637 6668 2001 2637 6669 2012 2643 6670 2002 2638 6671 2002 2638 6672 2013 2644 6673 2003 2629 6674 2004 2630 6675 2013 2644 6676 2014 2645 6677 2005 2631 6678 2014 2645 6679 2015 2646 6680 2005 2631 6681 2016 2647 6682 2006 2632 6683 1999 2633 6684 2143 2494 6685 2009 2648 6686 2007 2634 6687 2016 2647 6688 2017 2640 6689 2014 2645 6690 2146 2649 6691 2023 2650 6692 2014 2645 6693 2024 2651 6694 2015 2646 6695 2015 2646 6696 2025 2652 6697 2016 2647 6698 2009 2648 6699 2143 2494 6700 2019 2653 6701 2017 2640 6702 2025 2652 6703 2026 2654 6704 2010 2639 6705 2019 2653 6706 2020 2655 6707 2018 2641 6708 2026 2654 6709 2027 2656 6710 2011 2642 6711 2020 2655 6712 2021 2657 6713 2011 2642 6714 2022 2658 6715 2012 2643 6716 2012 2643 6717 2146 2649 6718 2013 2644 6719 2238 2659 6720 2041 2660 6721 2042 2661 6722 2235 2662 6723 2034 2663 6724 2035 2664 6725 2029 2665 6726 2035 2664 6727 2036 2666 6728 2236 2667 6729 2036 2666 6730 2037 2668 6731 2030 2669 6732 2037 2668 6733 2038 2670 6734 2031 2671 6735 2038 2670 6736 2039 2672 6737 2237 2673 6738 2039 2672 6739 2040 2674 6740 2028 2675 6741 2233 2676 6742 2033 2677 6743 2032 2678 6744 2040 2674 6745 2041 2660 6746 2234 2679 6747 2033 2677 6748 2034 2663 6749 2037 2668 6750 2046 2680 6751 2047 2681 6752 2037 2668 6753 2048 2682 6754 2038 2670 6755 2038 2670 6756 2049 2683 6757 2039 2672 6758 2039 2672 6759 2050 2684 6760 2040 2674 6761 2033 2677 6762 2233 2676 6763 2043 2685 6764 2040 2674 6765 2051 2686 6766 2041 2660 6767 2034 2663 6768 2043 2685 6769 2044 2687 6770 2042 2661 6771 2051 2686 6772 2052 2688 6773 2034 2663 6774 2045 2689 6775 2035 2664 6776 2035 2664 6777 2046 2680 6778 2036 2666 6779 2049 2683 6780 2060 2690 6781 2050 2684 6782 2043 2685 6783 2233 2676 6784 2053 2691 6785 2051 2686 6786 2060 2690 6787 2061 2692 6788 2043 2685 6789 2054 2693 6790 2044 2687 6791 2052 2688 6792 2061 2692 6793 2062 2694 6794 2045 2689 6795 2054 2693 6796 2055 2695 6797 2045 2689 6798 2056 2696 6799 2046 2680 6800 2046 2680 6801 2057 2697 6802 2047 2681 6803 2048 2682 6804 2057 2697 6805 2058 2698 6806 2049 2683 6807 2058 2698 6808 2059 2699 6809 2056 2696 6810 2065 2700 6811 2066 2701 6812 2056 2696 6813 2067 2702 6814 2057 2697 6815 2058 2698 6816 2067 2702 6817 2068 2703 6818 2059 2699 6819 2068 2703 6820 2069 2704 6821 2059 2699 6822 2070 2705 6823 2060 2690 6824 2053 2691 6825 2233 2676 6826 2063 2706 6827 2060 2690 6828 2071 2707 6829 2061 2692 6830 2054 2693 6831 2063 2706 6832 2064 2708 6833 2062 2694 6834 2071 2707 6835 2072 2709 6836 2054 2693 6837 2065 2700 6838 2055 2695 6839 2069 2704 6840 2080 2710 6841 2070 2705 6842 2063 2706 6843 2233 2676 6844 2073 2711 6845 2071 2707 6846 2080 2710 6847 2081 2712 6848 2064 2708 6849 2073 2711 6850 2074 2713 6851 2072 2709 6852 2081 2712 6853 2082 2714 6854 2065 2700 6855 2074 2713 6856 2075 2715 6857 2065 2700 6858 2076 2716 6859 2066 2701 6860 2066 2701 6861 2077 2717 6862 2067 2702 6863 2068 2703 6864 2077 2717 6865 2078 2718 6866 2068 2703 6867 2079 2719 6868 2069 2704 6869 2076 2716 6870 2085 2720 6871 2086 2721 6872 2077 2717 6873 2086 2721 6874 2087 2722 6875 2078 2718 6876 2087 2722 6877 2088 2723 6878 2079 2719 6879 2088 2723 6880 2089 2724 6881 2079 2719 6882 2090 2725 6883 2080 2710 6884 2073 2711 6885 2233 2676 6886 2083 2726 6887 2081 2712 6888 2090 2725 6889 2091 2727 6890 2073 2711 6891 2084 2728 6892 2074 2713 6893 2082 2714 6894 2091 2727 6895 2092 2729 6896 2074 2713 6897 2085 2720 6898 2075 2715 6899 2089 2724 6900 2098 2730 6901 2099 2731 6902 2089 2724 6903 2100 2732 6904 2090 2725 6905 2083 2726 6906 2233 2676 6907 2093 2733 6908 2091 2727 6909 2100 2732 6910 2101 2734 6911 2084 2728 6912 2093 2733 6913 2094 2735 6914 2092 2729 6915 2101 2734 6916 2102 2736 6917 2084 2728 6918 2095 2737 6919 2085 2720 6920 2086 2721 6921 2095 2737 6922 2096 2738 6923 2087 2722 6924 2096 2738 6925 2097 2739 6926 2088 2723 6927 2097 2739 6928 2098 2730 6929 2094 2735 6930 2105 2740 6931 2095 2737 6932 2095 2737 6933 2106 2741 6934 2096 2738 6935 2096 2738 6936 2107 2742 6937 2097 2739 6938 2097 2739 6939 2108 2743 6940 2098 2730 6941 2099 2731 6942 2108 2743 6943 2109 2744 6944 2099 2731 6945 2110 2745 6946 2100 2732 6947 2093 2733 6948 2233 2676 6949 2103 2746 6950 2101 2734 6951 2110 2745 6952 2111 2747 6953 2094 2735 6954 2103 2746 6955 2104 2748 6956 2102 2736 6957 2111 2747 6958 2112 2749 6959 2120 2750 6960 2131 2751 6961 2121 2752 6962 2114 2753 6963 2123 2754 6964 2124 2755 6965 2122 2756 6966 2131 2751 6967 2132 2757 6968 2114 2753 6969 2125 2758 6970 2115 2759 6971 2116 2760 6972 2125 2758 6973 2126 2761 6974 2116 2760 6975 2127 2762 6976 2117 2763 6977 2118 2764 6978 2127 2762 6979 2128 2765 6980 2119 2766 6981 2128 2765 6982 2129 2767 6983 2119 2766 6984 2130 2768 6985 2120 2750 6986 2113 2769 6987 2233 2676 6988 2123 2754 6989 2126 2761 6990 2137 2770 6991 2127 2762 6992 2128 2765 6993 2137 2770 6994 2138 2771 6995 2114 2753 6996 2019 2653 6997 2113 2769 6998 2129 2767 6999 2138 2771 7000 2139 2772 7001 2104 2748 7002 2172 2493 7003 2171 2499 7004 2129 2767 7005 2140 2773 7006 2130 2768 7007 2123 2754 7008 2233 2676 7009 2133 2774 7010 2112 2749 7011 2144 2775 7012 2192 2776 7013 2131 2751 7014 2140 2773 7015 2141 2777 7016 2123 2754 7017 2134 2778 7018 2124 2755 7019 2110 2745 7020 1867 2497 7021 2111 2747 7022 2132 2757 7023 2141 2777 7024 2142 2779 7025 2124 2755 7026 2135 2780 7027 2125 2758 7028 2120 2750 7029 2026 2654 7030 2025 2652 7031 2125 2758 7032 2136 2781 7033 2126 2761 7034 2191 2782 7035 2027 2656 7036 2122 2756 7037 2133 2774 7038 2233 2676 7039 2147 2783 7040 2109 2744 7041 2157 2492 7042 2110 2745 7043 2141 2777 7044 2154 2784 7045 2155 2785 7046 2134 2778 7047 2147 2783 7048 2148 2786 7049 2117 2763 7050 2023 2650 7051 2146 2649 7052 2142 2779 7053 2155 2785 7054 2156 2787 7055 2135 2780 7056 2148 2786 7057 2149 2788 7058 2117 2763 7059 2022 2658 7060 2116 2760 7061 2107 2742 7062 1866 2505 7063 2170 2507 7064 2135 2780 7065 2150 2789 7066 2136 2781 7067 2120 2750 7068 2024 2651 7069 2119 2766 7070 2103 2746 7071 2143 2494 7072 2172 2493 7073 2136 2781 7074 2151 2790 7075 2137 2770 7076 2108 2743 7077 2158 2490 7078 2109 2744 7079 2138 2771 7080 2151 2790 7081 2152 2791 7082 2118 2764 7083 2024 2651 7084 2023 2650 7085 2139 2772 7086 2152 2791 7087 2153 2792 7088 2233 2676 7089 2019 2653 7090 2143 2494 7091 2139 2772 7092 2154 2784 7093 2140 2773 7094 1968 2593 7095 2226 2793 7096 1958 2588 7097 2108 2743 7098 2170 2507 7099 2159 2488 7100 2150 2789 7101 2164 2794 7102 2151 2790 7103 2106 2741 7104 1865 2503 7105 1866 2505 7106 2152 2791 7107 2164 2794 7108 2165 2795 7109 2114 2753 7110 2021 2657 7111 2020 2655 7112 2153 2792 7113 2165 2795 7114 2166 2796 7115 2105 2740 7116 2171 2499 7117 1865 2503 7118 2153 2792 7119 2167 2797 7120 2154 2784 7121 2147 2783 7122 2233 2676 7123 2160 2798 7124 2111 2747 7125 1868 2500 7126 2112 2749 7127 2154 2784 7128 2168 2799 7129 2155 2785 7130 2148 2786 7131 2160 2798 7132 2161 2800 7133 2062 2694 7134 2208 2801 7135 2052 2688 7136 2156 2787 7137 2168 2799 7138 2169 2802 7139 2149 2788 7140 2161 2800 7141 2162 2803 7142 2169 2802 7143 2188 2804 7144 2156 2787 7145 2121 2752 7146 2027 2656 7147 2026 2654 7148 2149 2788 7149 2163 2805 7150 2150 2789 7151 2132 2757 7152 2191 2782 7153 2122 2756 7154 2166 2796 7155 2184 2806 7156 2167 2797 7157 2160 2798 7158 2233 2676 7159 2177 2807 7160 1958 2588 7161 2227 2808 7162 1948 2573 7163 2168 2799 7164 2184 2806 7165 2185 2809 7166 2160 2798 7167 2178 2810 7168 2161 2800 7169 2018 2641 7170 2145 2811 7171 2210 2812 7172 2169 2802 7173 2185 2809 7174 2186 2813 7175 2161 2800 7176 2179 2814 7177 2162 2803 7178 1918 2547 7179 2229 2815 7180 2230 2816 7181 2052 2688 7182 2209 2817 7183 2042 2661 7184 2162 2803 7185 2180 2818 7186 2163 2805 7187 2223 2819 7188 2175 2820 7189 2205 2821 7190 2223 2819 7191 2173 2822 7192 2174 2823 7193 2164 2794 7194 2180 2818 7195 2181 2824 7196 1888 2510 7197 2232 2825 7198 2239 2826 7199 2165 2795 7200 2181 2824 7201 2182 2827 7202 2092 2729 7203 2195 2828 7204 2082 2714 7205 2166 2796 7206 2182 2827 7207 2183 2829 7208 2072 2709 7209 2195 2828 7210 2206 2830 7211 2179 2814 7212 2199 2831 7213 2180 2818 7214 1948 2573 7215 2228 2832 7216 1938 2566 7217 2102 2736 7218 2192 2776 7219 2193 2833 7220 2181 2824 7221 2199 2831 7222 2200 2834 7223 1978 2607 7224 2213 2835 7225 2224 2836 7226 2182 2827 7227 2200 2834 7228 2201 2837 7229 2072 2709 7230 2207 2838 7231 2062 2694 7232 2183 2829 7233 2201 2837 7234 2202 2839 7235 1908 2533 7236 2230 2816 7237 2231 2840 7238 2183 2829 7239 2203 2841 7240 2184 2806 7241 2177 2807 7242 2233 2676 7243 2196 2842 7244 1988 2615 7245 2212 2843 7246 2213 2835 7247 2185 2809 7248 2203 2841 7249 2204 2844 7250 2178 2810 7251 2196 2842 7252 2197 2845 7253 2156 2787 7254 2189 2846 7255 2142 2779 7256 2186 2813 7257 2204 2844 7258 2205 2821 7259 2179 2814 7260 2197 2845 7261 2198 2847 7262 2018 2641 7263 2211 2848 7264 2008 2636 7265 2202 2839 7266 2219 2849 7267 2220 2850 7268 1978 2607 7269 2225 2851 7270 1968 2593 7271 2202 2839 7272 2221 2852 7273 2203 2841 7274 2196 2842 7275 2233 2676 7276 2214 2853 7277 1878 2501 7278 2144 2775 7279 1868 2500 7280 2204 2844 7281 2221 2852 7282 2222 2854 7283 2196 2842 7284 2215 2855 7285 2197 2845 7286 2008 2636 7287 2212 2843 7288 1998 2620 7289 2205 2821 7290 2222 2854 7291 2223 2819 7292 2198 2847 7293 2215 2855 7294 2216 2856 7295 2042 2661 7296 2173 2822 7297 2238 2659 7298 1878 2501 7299 2239 2826 7300 2240 2857 7301 2198 2847 7302 2217 2858 7303 2199 2831 7304 1938 2566 7305 2229 2815 7306 1928 2553 7307 2102 2736 7308 2194 2859 7309 2092 2729 7310 2200 2834 7311 2217 2858 7312 2218 2860 7313 2132 2757 7314 2189 2846 7315 2190 2861 7316 2201 2837 7317 2218 2860 7318 2219 2849 7319 2205 2821 7320 2176 2862 7321 2186 2813 7322 2215 2855 7323 2235 2662 7324 2216 2856 7325 1898 2525 7326 2231 2840 7327 2232 2825 7328 2217 2858 7329 2235 2662 7330 2029 2665 7331 2218 2860 7332 2029 2665 7333 2236 2667 7334 2219 2849 7335 2236 2667 7336 2030 2669 7337 2220 2850 7338 2030 2669 7339 2031 2671 7340 2220 2850 7341 2237 2673 7342 2221 2852 7343 2214 2853 7344 2233 2676 7345 2028 2675 7346 2222 2854 7347 2237 2673 7348 2032 2678 7349 2215 2855 7350 2028 2675 7351 2234 2679 7352 2186 2813 7353 2187 2863 7354 2169 2802 7355 2223 2819 7356 2032 2678 7357 2238 2659 7358 2174 2864 7359 2173 2864 7360 2209 2864 7361 2174 2865 7362 2209 2865 7363 2208 2865 7364 2175 2866 7365 2174 2866 7366 2208 2866 7367 2175 102 7368 2208 102 7369 2207 102 7370 2176 2867 7371 2175 2867 7372 2207 2867 7373 2176 2868 7374 2207 2868 7375 2206 2868 7376 2187 2869 7377 2176 2869 7378 2206 2869 7379 2187 2870 7380 2206 2870 7381 2195 2870 7382 2188 2871 7383 2187 2871 7384 2195 2871 7385 2189 2872 7386 2188 2872 7387 2195 2872 7388 2189 2873 7389 2195 2873 7390 2194 2873 7391 2190 2874 7392 2189 2874 7393 2194 2874 7394 2190 2875 7395 2194 2875 7396 2193 2875 7397 2191 2876 7398 2190 2876 7399 2193 2876 7400 2191 2877 7401 2193 2877 7402 2192 2877 7403 2145 2878 7404 2191 2878 7405 2192 2878 7406 2145 2879 7407 2192 2879 7408 2144 2879 7409 2210 2880 7410 2145 2880 7411 2144 2880 7412 2210 2881 7413 2144 2881 7414 2240 2881 7415 2211 2882 7416 2210 2882 7417 2240 2882 7418 2211 2883 7419 2240 2883 7420 2239 2883 7421 2212 2884 7422 2211 2884 7423 2239 2884 7424 2212 2885 7425 2239 2885 7426 2232 2885 7427 2213 2886 7428 2212 2886 7429 2232 2886 7430 2213 2887 7431 2232 2887 7432 2231 2887 7433 2224 2888 7434 2213 2888 7435 2231 2888 7436 2224 2889 7437 2231 2889 7438 2230 2889 7439 2225 2890 7440 2224 2890 7441 2230 2890 7442 2225 2891 7443 2230 2891 7444 2229 2891 7445 2226 2892 7446 2225 2892 7447 2229 2892 7448 2226 102 7449 2229 102 7450 2228 102 7451 2227 2893 7452 2226 2893 7453 2228 2893 7454 2115 2759 7455 2022 2658 7456 2021 2657 7457 2159 2488 12312 1874 2508 12313 1875 2489 12314 2158 2490 12315 1875 2489 12316 1876 2491 12317 2157 2492 12318 1876 2491 12319 1877 2496 12320 2172 2493 12321 1869 2495 12322 1870 2498 12323 1868 2500 12324 1867 2497 12325 1877 2496 12326 2171 2499 12327 1870 2498 12328 1871 2502 12329 1865 2503 12330 1871 2502 12331 1872 2504 12332 1866 2505 12333 1872 2504 12334 1873 2506 12335 2159 2488 12336 2170 2507 12337 1873 2506 12338 1878 2501 12339 1877 2496 12340 1887 2509 12341 1871 2502 12342 1870 2498 12343 1880 2511 12344 1871 2502 12345 1881 2512 12346 1882 2513 12347 1873 2506 12348 1872 2504 12349 1882 2513 12350 1874 2508 12351 1873 2506 12352 1883 2514 12353 1874 2508 12354 1884 2515 12355 1885 2516 12356 1875 2489 12357 1885 2516 12358 1886 2517 12359 1877 2496 12360 1876 2491 12361 1886 2517 12362 1869 2495 12363 1879 2518 12364 1880 2511 12365 1883 2514 12366 1893 2528 12367 1894 2519 12368 1885 2516 12369 1884 2515 12370 1894 2519 12371 1885 2516 12372 1895 2520 12373 1896 2521 12374 1887 2509 12375 1886 2517 12376 1896 2521 12377 1880 2511 12378 1879 2518 12379 1889 2522 12380 1888 2510 12381 1887 2509 12382 1897 2523 12383 1880 2511 12384 1890 2524 12385 1891 2526 12386 1881 2512 12387 1891 2526 12388 1892 2527 12389 1883 2514 12390 1882 2513 12391 1892 2527 12392 1897 2523 12393 1896 2521 12394 1906 2529 12395 1890 2524 12396 1889 2522 12397 1899 2531 12398 1898 2525 12399 1897 2523 12400 1907 2530 12401 1891 2526 12402 1890 2524 12403 1900 2532 12404 1891 2526 12405 1901 2534 12406 1902 2535 12407 1893 2528 12408 1892 2527 12409 1902 2535 12410 1893 2528 12411 1903 2536 12412 1904 2537 12413 1895 2520 12414 1894 2519 12415 1904 2537 12416 1895 2520 12417 1905 2538 12418 1906 2529 12419 1903 2536 12420 1902 2535 12421 1912 2539 12422 1904 2537 12423 1903 2536 12424 1913 2540 12425 1905 2538 12426 1904 2537 12427 1914 2541 12428 1905 2538 12429 1915 2542 12430 1916 2543 12431 1907 2530 12432 1906 2529 12433 1916 2543 12434 1899 2531 12435 1909 2544 12436 1910 2546 12437 1908 2533 12438 1907 2530 12439 1917 2545 12440 1900 2532 12441 1910 2546 12442 1911 2548 12443 1902 2535 12444 1901 2534 12445 1911 2548 12446 1917 2545 12447 1916 2543 12448 1926 2550 12449 1910 2546 12450 1909 2544 12451 1919 2549 12452 1918 2547 12453 1917 2545 12454 1927 2551 12455 1910 2546 12456 1920 2552 12457 1921 2554 12458 1911 2548 12459 1921 2554 12460 1922 2555 12461 1912 2539 12462 1922 2555 12463 1923 2556 12464 1914 2541 12465 1913 2540 12466 1923 2556 12467 1915 2542 12468 1914 2541 12469 1924 2557 12470 1915 2542 12471 1925 2558 12472 1926 2550 12473 1922 2555 12474 1932 2568 12475 1933 2559 12476 1924 2557 12477 1923 2556 12478 1933 2559 12479 1925 2558 12480 1924 2557 12481 1934 2560 12482 1925 2558 12483 1935 2561 12484 1936 2562 12485 1927 2551 12486 1926 2550 12487 1936 2562 12488 1919 2549 12489 1929 2563 12490 1930 2565 12491 1928 2553 12492 1927 2551 12493 1937 2564 12494 1920 2552 12495 1930 2565 12496 1931 2567 12497 1921 2554 12498 1931 2567 12499 1932 2568 12500 1935 2561 12501 1945 2578 12502 1946 2569 12503 1937 2564 12504 1936 2562 12505 1946 2569 12506 1929 2563 12507 1939 2570 12508 1940 2572 12509 1938 2566 12510 1937 2564 12511 1947 2571 12512 1930 2565 12513 1940 2572 12514 1941 2574 12515 1932 2568 12516 1931 2567 12517 1941 2574 12518 1932 2568 12519 1942 2575 12520 1943 2576 12521 1934 2560 12522 1933 2559 12523 1943 2576 12524 1935 2561 12525 1934 2560 12526 1944 2577 12527 1942 2575 12528 1941 2574 12529 1951 2579 12530 1942 2575 12531 1952 2580 12532 1953 2581 12533 1944 2577 12534 1943 2576 12535 1953 2581 12536 1945 2578 12537 1944 2577 12538 1954 2582 12539 1945 2578 12540 1955 2583 12541 1956 2584 12542 1947 2571 12543 1946 2569 12544 1956 2584 12545 1940 2572 12546 1939 2570 12547 1949 2585 12548 1948 2573 12549 1947 2571 12550 1957 2586 12551 1941 2574 12552 1940 2572 12553 1950 2587 12554 1955 2583 12555 1965 2598 12556 1966 2589 12557 1957 2586 12558 1956 2584 12559 1966 2589 12560 1949 2585 12561 1959 2590 12562 1960 2592 12563 1958 2588 12564 1957 2586 12565 1967 2591 12566 1950 2587 12567 1960 2592 12568 1961 2594 12569 1951 2579 12570 1961 2594 12571 1962 2595 12572 1953 2581 12573 1952 2580 12574 1962 2595 12575 1954 2582 12576 1953 2581 12577 1963 2596 12578 1955 2583 12579 1954 2582 12580 1964 2597 12581 1961 2594 12582 1971 2608 12583 1972 2599 12584 1962 2595 12585 1972 2599 12586 1973 2600 12587 1964 2597 12588 1963 2596 12589 1973 2600 12590 1965 2598 12591 1964 2597 12592 1974 2601 12593 1965 2598 12594 1975 2602 12595 1976 2603 12596 1967 2591 12597 1966 2589 12598 1976 2603 12599 1959 2590 12600 1969 2604 12601 1970 2606 12602 1968 2593 12603 1967 2591 12604 1977 2605 12605 1960 2592 12606 1970 2606 12607 1971 2608 12608 1975 2602 12609 1974 2601 12610 1984 2609 12611 1975 2602 12612 1985 2610 12613 1986 2611 12614 1976 2603 12615 1986 2611 12616 1987 2613 12617 1970 2606 12618 1969 2604 12619 1979 2612 12620 1978 2607 12621 1977 2605 12622 1987 2613 12623 1971 2608 12624 1970 2606 12625 1980 2614 12626 1971 2608 12627 1981 2616 12628 1982 2617 12629 1972 2599 12630 1982 2617 12631 1983 2618 12632 1974 2601 12633 1973 2600 12634 1983 2618 12635 1988 2615 12636 1987 2613 12637 1997 2619 12638 1980 2614 12639 1990 2628 12640 1991 2621 12641 1982 2617 12642 1981 2616 12643 1991 2621 12644 1983 2618 12645 1982 2617 12646 1992 2622 12647 1984 2609 12648 1983 2618 12649 1993 2623 12650 1985 2610 12651 1984 2609 12652 1994 2624 12653 1985 2610 12654 1995 2625 12655 1996 2626 12656 1986 2611 12657 1996 2626 12658 1997 2619 12659 1979 2612 12660 1989 2627 12661 1990 2628 12662 1994 2624 12663 1993 2623 12664 2003 2629 12665 1995 2625 12666 1994 2624 12667 2004 2630 12668 1995 2625 12669 2005 2631 12670 2006 2632 12671 1997 2619 12672 1996 2626 12673 2006 2632 12674 1990 2628 12675 1989 2627 12676 1999 2633 12677 1998 2620 12678 1997 2619 12679 2007 2634 12680 1991 2621 12681 1990 2628 12682 2000 2635 12683 1991 2621 12684 2001 2637 12685 2002 2638 12686 1992 2622 12687 2002 2638 12688 2003 2629 12689 1999 2633 12690 2009 2648 12691 2010 2639 12692 2008 2636 12693 2007 2634 12694 2017 2640 12695 2000 2635 12696 2010 2639 12697 2011 2642 12698 2001 2637 12699 2011 2642 12700 2012 2643 12701 2002 2638 12702 2012 2643 12703 2013 2644 12704 2004 2630 12705 2003 2629 12706 2013 2644 12707 2005 2631 12708 2004 2630 12709 2014 2645 12710 2005 2631 12711 2015 2646 12712 2016 2647 12713 2007 2634 12714 2006 2632 12715 2016 2647 12716 2014 2645 12717 2013 2644 12718 2146 2649 12719 2014 2645 12720 2023 2650 12721 2024 2651 12722 2015 2646 12723 2024 2651 12724 2025 2652 12725 2017 2640 12726 2016 2647 12727 2025 2652 12728 2010 2639 12729 2009 2648 12730 2019 2653 12731 2018 2641 12732 2017 2640 12733 2026 2654 12734 2011 2642 12735 2010 2639 12736 2020 2655 12737 2011 2642 12738 2021 2657 12739 2022 2658 12740 2012 2643 12741 2022 2658 12742 2146 2649 12743 2238 2659 12744 2032 2678 12745 2041 2660 12746 2235 2662 12747 2234 2679 12748 2034 2663 12749 2029 2665 12750 2235 2662 12751 2035 2664 12752 2236 2667 12753 2029 2665 12754 2036 2666 12755 2030 2669 12756 2236 2667 12757 2037 2668 12758 2031 2671 12759 2030 2669 12760 2038 2670 12761 2237 2673 12762 2031 2671 12763 2039 2672 12764 2032 2678 12765 2237 2673 12766 2040 2674 12767 2234 2679 12768 2028 2675 12769 2033 2677 12770 2037 2668 12771 2036 2666 12772 2046 2680 12773 2037 2668 12774 2047 2681 12775 2048 2682 12776 2038 2670 12777 2048 2682 12778 2049 2683 12779 2039 2672 12780 2049 2683 12781 2050 2684 12782 2040 2674 12783 2050 2684 12784 2051 2686 12785 2034 2663 12786 2033 2677 12787 2043 2685 12788 2042 2661 12789 2041 2660 12790 2051 2686 12791 2034 2663 12792 2044 2687 12793 2045 2689 12794 2035 2664 12795 2045 2689 12796 2046 2680 12797 2049 2683 12798 2059 2699 12799 2060 2690 12800 2051 2686 12801 2050 2684 12802 2060 2690 12803 2043 2685 12804 2053 2691 12805 2054 2693 12806 2052 2688 12807 2051 2686 12808 2061 2692 12809 2045 2689 12810 2044 2687 12811 2054 2693 12812 2045 2689 12813 2055 2695 12814 2056 2696 12815 2046 2680 12816 2056 2696 12817 2057 2697 12818 2048 2682 12819 2047 2681 12820 2057 2697 12821 2049 2683 12822 2048 2682 12823 2058 2698 12824 2056 2696 12825 2055 2695 12826 2065 2700 12827 2056 2696 12828 2066 2701 12829 2067 2702 12830 2058 2698 12831 2057 2697 12832 2067 2702 12833 2059 2699 12834 2058 2698 12835 2068 2703 12836 2059 2699 12837 2069 2704 12838 2070 2705 12839 2060 2690 12840 2070 2705 12841 2071 2707 12842 2054 2693 12843 2053 2691 12844 2063 2706 12845 2062 2694 12846 2061 2692 12847 2071 2707 12848 2054 2693 12849 2064 2708 12850 2065 2700 12851 2069 2704 12852 2079 2719 12853 2080 2710 12854 2071 2707 12855 2070 2705 12856 2080 2710 12857 2064 2708 12858 2063 2706 12859 2073 2711 12860 2072 2709 12861 2071 2707 12862 2081 2712 12863 2065 2700 12864 2064 2708 12865 2074 2713 12866 2065 2700 12867 2075 2715 12868 2076 2716 12869 2066 2701 12870 2076 2716 12871 2077 2717 12872 2068 2703 12873 2067 2702 12874 2077 2717 12875 2068 2703 12876 2078 2718 12877 2079 2719 12878 2076 2716 12879 2075 2715 12880 2085 2720 12881 2077 2717 12882 2076 2716 12883 2086 2721 12884 2078 2718 12885 2077 2717 12886 2087 2722 12887 2079 2719 12888 2078 2718 12889 2088 2723 12890 2079 2719 12891 2089 2724 12892 2090 2725 12893 2081 2712 12894 2080 2710 12895 2090 2725 12896 2073 2711 12897 2083 2726 12898 2084 2728 12899 2082 2714 12900 2081 2712 12901 2091 2727 12902 2074 2713 12903 2084 2728 12904 2085 2720 12905 2089 2724 12906 2088 2723 12907 2098 2730 12908 2089 2724 12909 2099 2731 12910 2100 2732 12911 2091 2727 12912 2090 2725 12913 2100 2732 12914 2084 2728 12915 2083 2726 12916 2093 2733 12917 2092 2729 12918 2091 2727 12919 2101 2734 12920 2084 2728 12921 2094 2735 12922 2095 2737 12923 2086 2721 12924 2085 2720 12925 2095 2737 12926 2087 2722 12927 2086 2721 12928 2096 2738 12929 2088 2723 12930 2087 2722 12931 2097 2739 12932 2094 2735 12933 2104 2748 12934 2105 2740 12935 2095 2737 12936 2105 2740 12937 2106 2741 12938 2096 2738 12939 2106 2741 12940 2107 2742 12941 2097 2739 12942 2107 2742 12943 2108 2743 12944 2099 2731 12945 2098 2730 12946 2108 2743 12947 2099 2731 12948 2109 2744 12949 2110 2745 12950 2101 2734 12951 2100 2732 12952 2110 2745 12953 2094 2735 12954 2093 2733 12955 2103 2746 12956 2102 2736 12957 2101 2734 12958 2111 2747 12959 2120 2750 12960 2130 2768 12961 2131 2751 12962 2114 2753 12963 2113 2769 12964 2123 2754 12965 2122 2756 12966 2121 2752 12967 2131 2751 12968 2114 2753 12969 2124 2755 12970 2125 2758 12971 2116 2760 12972 2115 2759 12973 2125 2758 12974 2116 2760 12975 2126 2761 12976 2127 2762 12977 2118 2764 12978 2117 2763 12979 2127 2762 12980 2119 2766 12981 2118 2764 12982 2128 2765 12983 2119 2766 12984 2129 2767 12985 2130 2768 12986 2126 2761 12987 2136 2781 12988 2137 2770 12989 2128 2765 12990 2127 2762 12991 2137 2770 12992 2114 2753 12993 2020 2655 12994 2019 2653 12995 2129 2767 12996 2128 2765 12997 2138 2771 12998 2104 2748 12999 2103 2746 13000 2172 2493 13001 2129 2767 13002 2139 2772 13003 2140 2773 13004 2112 2749 13005 1868 2500 13006 2144 2775 13007 2131 2751 13008 2130 2768 13009 2140 2773 13010 2123 2754 13011 2133 2774 13012 2134 2778 13013 2110 2745 13014 2157 2492 13015 1867 2497 13016 2132 2757 13017 2131 2751 13018 2141 2777 13019 2124 2755 13020 2134 2778 13021 2135 2780 13022 2120 2750 13023 2121 2752 13024 2026 2654 13025 2125 2758 13026 2135 2780 13027 2136 2781 13028 2191 2782 13029 2145 2811 13030 2027 2656 13031 2109 2744 13032 2158 2490 13033 2157 2492 13034 2141 2777 13035 2140 2773 13036 2154 2784 13037 2134 2778 13038 2133 2774 13039 2147 2783 13040 2117 2763 13041 2118 2764 13042 2023 2650 13043 2142 2779 13044 2141 2777 13045 2155 2785 13046 2135 2780 13047 2134 2778 13048 2148 2786 13049 2117 2763 13050 2146 2649 13051 2022 2658 13052 2107 2742 13053 2106 2741 13054 1866 2505 13055 2135 2780 13056 2149 2788 13057 2150 2789 13058 2120 2750 13059 2025 2652 13060 2024 2651 13061 2103 2746 13062 2233 2676 13063 2143 2494 13064 2136 2781 13065 2150 2789 13066 2151 2790 13067 2108 2743 13068 2159 2488 13069 2158 2490 13070 2138 2771 13071 2137 2770 13072 2151 2790 13073 2118 2764 13074 2119 2766 13075 2024 2651 13076 2139 2772 13077 2138 2771 13078 2152 2791 13079 2233 2676 13080 2113 2769 13081 2019 2653 13082 2139 2772 13083 2153 2792 13084 2154 2784 13085 1968 2593 13086 2225 2851 13087 2226 2793 13088 2108 2743 13089 2107 2742 13090 2170 2507 13091 2150 2789 13092 2163 2805 13093 2164 2794 13094 2106 2741 13095 2105 2740 13096 1865 2503 13097 2152 2791 13098 2151 2790 13099 2164 2794 13100 2114 2753 13101 2115 2759 13102 2021 2657 13103 2153 2792 13104 2152 2791 13105 2165 2795 13106 2105 2740 13107 2104 2748 13108 2171 2499 13109 2153 2792 13110 2166 2796 13111 2167 2797 13112 2111 2747 13113 1867 2497 13114 1868 2500 13115 2154 2784 13116 2167 2797 13117 2168 2799 13118 2148 2786 13119 2147 2783 13120 2160 2798 13121 2062 2694 13122 2207 2838 13123 2208 2801 13124 2156 2787 13125 2155 2785 13126 2168 2799 13127 2149 2788 13128 2148 2786 13129 2161 2800 13130 2169 2802 13131 2187 2863 13132 2188 2804 13133 2121 2752 13134 2122 2756 13135 2027 2656 13136 2149 2788 13137 2162 2803 13138 2163 2805 13139 2132 2757 13140 2190 2861 13141 2191 2782 13142 2166 2796 13143 2183 2829 13144 2184 2806 13145 1958 2588 13146 2226 2793 13147 2227 2808 13148 2168 2799 13149 2167 2797 13150 2184 2806 13151 2160 2798 13152 2177 2807 13153 2178 2810 13154 2018 2641 13155 2027 2656 13156 2145 2811 13157 2169 2802 13158 2168 2799 13159 2185 2809 13160 2161 2800 13161 2178 2810 13162 2179 2814 13163 1918 2547 13164 1928 2553 13165 2229 2815 13166 2052 2688 13167 2208 2801 13168 2209 2817 13169 2162 2803 13170 2179 2814 13171 2180 2818 13172 2223 2819 13173 2174 2823 13174 2175 2820 13175 2223 2819 13176 2238 2659 13177 2173 2822 13178 2164 2794 13179 2163 2805 13180 2180 2818 13181 1888 2510 13182 1898 2525 13183 2232 2825 13184 2165 2795 13185 2164 2794 13186 2181 2824 13187 2092 2729 13188 2194 2859 13189 2195 2828 13190 2166 2796 13191 2165 2795 13192 2182 2827 13193 2072 2709 13194 2082 2714 13195 2195 2828 13196 2179 2814 13197 2198 2847 13198 2199 2831 13199 1948 2573 13200 2227 2808 13201 2228 2832 13202 2102 2736 13203 2112 2749 13204 2192 2776 13205 2181 2824 13206 2180 2818 13207 2199 2831 13208 1978 2607 13209 1988 2615 13210 2213 2835 13211 2182 2827 13212 2181 2824 13213 2200 2834 13214 2072 2709 13215 2206 2830 13216 2207 2838 13217 2183 2829 13218 2182 2827 13219 2201 2837 13220 1908 2533 13221 1918 2547 13222 2230 2816 13223 2183 2829 13224 2202 2839 13225 2203 2841 13226 1988 2615 13227 1998 2620 13228 2212 2843 13229 2185 2809 13230 2184 2806 13231 2203 2841 13232 2178 2810 13233 2177 2807 13234 2196 2842 13235 2156 2787 13236 2188 2804 13237 2189 2846 13238 2186 2813 13239 2185 2809 13240 2204 2844 13241 2179 2814 13242 2178 2810 13243 2197 2845 13244 2018 2641 13245 2210 2812 13246 2211 2848 13247 2202 2839 13248 2201 2837 13249 2219 2849 13250 1978 2607 13251 2224 2836 13252 2225 2851 13253 2202 2839 13254 2220 2850 13255 2221 2852 13256 1878 2501 13257 2240 2857 13258 2144 2775 13259 2204 2844 13260 2203 2841 13261 2221 2852 13262 2196 2842 13263 2214 2853 13264 2215 2855 13265 2008 2636 13266 2211 2848 13267 2212 2843 13268 2205 2821 13269 2204 2844 13270 2222 2854 13271 2198 2847 13272 2197 2845 13273 2215 2855 13274 2042 2661 13275 2209 2817 13276 2173 2822 13277 1878 2501 13278 1888 2510 13279 2239 2826 13280 2198 2847 13281 2216 2856 13282 2217 2858 13283 1938 2566 13284 2228 2832 13285 2229 2815 13286 2102 2736 13287 2193 2833 13288 2194 2859 13289 2200 2834 13290 2199 2831 13291 2217 2858 13292 2132 2757 13293 2142 2779 13294 2189 2846 13295 2201 2837 13296 2200 2834 13297 2218 2860 13298 2205 2821 13299 2175 2820 13300 2176 2862 13301 2215 2855 13302 2234 2679 13303 2235 2662 13304 1898 2525 13305 1908 2533 13306 2231 2840 13307 2217 2858 13308 2216 2856 13309 2235 2662 13310 2218 2860 13311 2217 2858 13312 2029 2665 13313 2219 2849 13314 2218 2860 13315 2236 2667 13316 2220 2850 13317 2219 2849 13318 2030 2669 13319 2220 2850 13320 2031 2671 13321 2237 2673 13322 2222 2854 13323 2221 2852 13324 2237 2673 13325 2215 2855 13326 2214 2853 13327 2028 2675 13328 2186 2813 13329 2176 2862 13330 2187 2863 13331 2223 2819 13332 2222 2854 13333 2032 2678 13334 2115 2759 13335 2116 2760 13336 2022 2658 13337</p>
        </triangles>
      </mesh>
    </geometry>
  </library_geometries>
  <library_visual_scenes>
    <visual_scene id="Scene" name="Scene">
      <node id="industrial_wall_lamp" name="industrial_wall_lamp" type="NODE">
        <matrix sid="transform">1 0 0 0 0 1 0 0 0 0 1 0 0 0 0 1</matrix>
        <instance_geometry url="#Sphere_004-mesh" name="industrial_wall_lamp">
          <bind_material>
            <technique_common>
              <instance_material symbol="industrial_wall_lamp-material" target="#industrial_wall_lamp-material"/>
              <instance_material symbol="industrial_wall_lamp_glass-material" target="#industrial_wall_lamp_glass-material"/>
            </technique_common>
          </bind_material>
        </instance_geometry>
      </node>
    </visual_scene>
  </library_visual_scenes>
  <scene>
    <instance_visual_scene url="#Scene"/>
  </scene>
</COLLADA>